SampleID	Sample_Type	Sample_Name	Merging	SeqRun	Extracted_by
V2804	Vagina	NSW-SYD-RHW-072	NSW-SYD-RHW-072	17	NS
V2805	Vagina	NSW-SYD-CHW-076	NSW-SYD-CHW-076	17	NS
V2806	Vagina	NSW-SYD-CHW-098	NSW-SYD-CHW-098	17	NS
V2807	Vagina	NSW-SYD-RHW-078	NSW-SYD-RHW-078	17	NS
V2808	Vagina	NSW-SYD-STG-031	NSW-SYD-STG-031	17	NS
V2809	Vagina	NSW-SYD-STG-029	NSW-SYD-STG-029	17	NS
V2810	Vagina	QLD-BRI-MATER-001	QLD-BRI-MATER-001	17	NS
V2896	Vagina	QLD-BRI-MATER-172	QLD-BRI-MATER-172	17	EB
V2897	Vagina	QLD-BRI-MATER-175	QLD-BRI-MATER-175	17	EB
V2898	Vagina	QLD-BRI-MATER-183	QLD-BRI-MATER-183	17	EB
V2899	Vagina	QLD-BRI-MATER-181	QLD-BRI-MATER-181	17	KN
V2900	Vagina	SA-ADEL-REG-066	SA-ADEL-REG-066	17	KN
V2901	Vagina	SA-ADEL-WCH-118	SA-ADEL-WCH-118	17	KN
V2902	Vagina	SA-ADEL-REG-037	SA-ADEL-REG-037	17	KN
V2903	Vagina	SA-ADEL-REG-078	SA-ADEL-REG-078	17	KN
V2803	Vagina	NSW-SYD-RHW-074	NSW-SYD-RHW-074	17	NS
V2876	Vagina	VIC-MEL-RMH-046	VIC-MEL-RMH-046	17	EB
V2877	Vagina	VIC-MEL-RMH-032	VIC-MEL-RMH-032	17	EB
V2878	Vagina	VIC-MEL-RMH-012	VIC-MEL-RMH-012	17	EB
V2879	Vagina	VIC-MEL-RMH-072	VIC-MEL-RMH-072	17	EB
V2880	Vagina	VIC-MEL-RMH-122	VIC-MEL-RMH-122	17	EB
V2881	Vagina	VIC-MEL-RMH-113	VIC-MEL-RMH-113	17	EB
V2882	Vagina	VIC-MEL-RMH-108	VIC-MEL-RMH-108	17	EB
V2968	Vagina	WA-PER-PMH-062	WA-PER-PMH-062	17	NS
V2969	Vagina	WA-PER-PMH-073	WA-PER-PMH-073	17	NS
V2970	Vagina	WA-PER-PMH-067	WA-PER-PMH-067	17	NS
V2971	Vagina	WA-PER-PMH-095	WA-PER-PMH-095	17	NS
V2972	Vagina	NSW-SYD-CHW-044	NSW-SYD-CHW-044	17	NS
V2973	Vagina	NSW-SYD-RHW-059	NSW-SYD-RHW-059	17	NS
V2974	Vagina	NSW-SYD-CHW-053	NSW-SYD-CHW-053	17	NS
V2975	Vagina	NSW-SYD-STG-026	NSW-SYD-STG-026	17	NS
V2875	Vagina	VIC-MEL-RMH-050	VIC-MEL-RMH-050	17	EB
V2884	Vagina	WA-PER-PMH-097	WA-PER-PMH-097	17	EB
V2885	Vagina	WA-PER-PMH-094	WA-PER-PMH-094	17	EB
V2886	Vagina	WA-PER-PMH-101	WA-PER-PMH-101	17	EB
V2887	Vagina	WA-PER-PMH-111	WA-PER-PMH-111	17	EB
V2888	Vagina	WA-PER-PMH-106	WA-PER-PMH-106	17	EB
V2889	Vagina	NSW-SYD-CHW-063	NSW-SYD-CHW-063	17	EB
V2890	Vagina	NSW-SYD-CHW-084	NSW-SYD-CHW-084	17	EB
V2976	Vagina	NSW-SYD-CHW-060	NSW-SYD-CHW-060	17	NS
V2977	Vagina	NSW-SYD-CHW-070	NSW-SYD-CHW-070	17	NS
V2978	Vagina	QLD-BRI-MATER-149	QLD-BRI-MATER-149	17	NS
V2979	Vagina	QLD-BRI-MATER-129	QLD-BRI-MATER-129	17	NS
V2980	Vagina	QLD-BRI-MATER-143	QLD-BRI-MATER-143	17	NS
V2981	Vagina	QLD-BRI-MATER-156	QLD-BRI-MATER-156	17	NS
V2982	Vagina	QLD-BRI-MATER-179	QLD-BRI-MATER-179	17	NS
V2983	Vagina	SA-ADEL-WCH-101	SA-ADEL-WCH-101	17	NS
V2883	Vagina	WA-PER-PMH-093	WA-PER-PMH-093	17	EB
V2892	Vagina	QLD-BRI-MATER-163	QLD-BRI-MATER-163	17	EB
V2893	Vagina	QLD-BRI-MATER-142	QLD-BRI-MATER-142	17	EB
V2895	Vagina	QLD-BRI-MATER-169	QLD-BRI-MATER-169	17	EB
VH2O1	Blank	Water_Control_for_16S_PCR2	Water_Control_for_16S_PCR2	17	
VZRStd1	Standard	ZR_Microbial_DNA_Standard_5ng	ZR_Microbial_DNA_Standard_5ng	17	
VNTC1	Blank	No_template_control_16S_PCR1	No_template_control_16S_PCR1	17	
V2984	Vagina	SA-ADEL-WCH-105	SA-ADEL-WCH-105	17	NS
V2985	Vagina	SA-ADEL-WCH-129	SA-ADEL-WCH-129	17	NS
V2986	Vagina	VIC-MEL-RMH-075	VIC-MEL-RMH-075	17	NS
V2988	Vagina	VIC-MEL-RMH-087	VIC-MEL-RMH-087	17	NS
VH2O2	Blank	Water_Control_for_16S_PCR2	Water_Control_for_16S_PCR2	17	
VZRStd2	Standard	ZR_Microbial_DNA_Standard_5ng	ZR_Microbial_DNA_Standard_5ng	17	
VNTC2	Blank	No_template_control_16S_PCR1	No_template_control_16S_PCR1	17	
V2891	Blank	Kit_Blank	Kit_Blank	17	EB
V2804rep2	Vagina	NSW-SYD-RHW-072_rep2	NSW-SYD-RHW-072	17	NS
V2805rep2	Vagina	NSW-SYD-CHW-076_rep2	NSW-SYD-CHW-076	17	NS
V2806rep2	Vagina	NSW-SYD-CHW-098_rep2	NSW-SYD-CHW-098	17	NS
V2807rep2	Vagina	NSW-SYD-RHW-078_rep2	NSW-SYD-RHW-078	17	NS
V2808rep2	Vagina	NSW-SYD-STG-031_rep2	NSW-SYD-STG-031	17	NS
V2809rep2	Vagina	NSW-SYD-STG-029_rep2	NSW-SYD-STG-029	17	NS
V2810rep2	Vagina	QLD-BRI-MATER-001_rep2	QLD-BRI-MATER-001	17	NS
V2896rep2	Vagina	QLD-BRI-MATER-172_rep2	QLD-BRI-MATER-172	17	EB
V2897rep2	Vagina	QLD-BRI-MATER-175_rep2	QLD-BRI-MATER-175	17	EB
V2898rep2	Vagina	QLD-BRI-MATER-183_rep2	QLD-BRI-MATER-183	17	EB
V2899rep2	Vagina	QLD-BRI-MATER-181_rep2	QLD-BRI-MATER-181	17	KN
V2900rep2	Vagina	SA-ADEL-REG-066_rep2	SA-ADEL-REG-066	17	KN
V2901rep2	Vagina	SA-ADEL-WCH-118_rep2	SA-ADEL-WCH-118	17	KN
V2902rep2	Vagina	SA-ADEL-REG-037_rep2	SA-ADEL-REG-037	17	KN
V2903rep2	Vagina	SA-ADEL-REG-078_rep2	SA-ADEL-REG-078	17	KN
V2803rep2	Vagina	NSW-SYD-RHW-074_rep2	NSW-SYD-RHW-074	17	NS
V2812rep2	Vagina	QLD-BRI-MATER-053_rep2	QLD-BRI-MATER-053	17	NS
V2813rep2	Vagina	QLD-BRI-MATER-088_rep2	QLD-BRI-MATER-088	17	NS
V2814rep2	Vagina	SA-ADEL-WCH-017_rep2	SA-ADEL-WCH-017	17	NS
V2815rep2	Vagina	SA-ADEL-WCH-023_rep2	SA-ADEL-WCH-023	17	NS
V2816rep2	Vagina	SA-ADEL-WCH-027_rep2	SA-ADEL-WCH-027	17	NS
V2817rep2	Vagina	SA-ADEL-WCH-037_rep2	SA-ADEL-WCH-037	17	NS
V2818rep2	Vagina	SA-ADEL-WCH-045_rep2	SA-ADEL-WCH-045	17	NS
V2904rep2	Vagina	SA-ADEL-WCH-134_rep2	SA-ADEL-WCH-134	17	KN
V2905rep2	Vagina	VIC-MEL-RMH-049_rep2	VIC-MEL-RMH-049	17	KN
V2906rep2	Vagina	VIC-MEL-RMH-099_rep2	VIC-MEL-RMH-099	17	KN
V2907rep2	Vagina	VIC-MEL-RMH-114_rep2	VIC-MEL-RMH-114	17	KN
V2908rep2	Vagina	VIC-MEL-RMH-096_rep2	VIC-MEL-RMH-096	17	KN
V2909rep2	Vagina	VIC-MEL-RMH-119_rep2	VIC-MEL-RMH-119	17	KN
V2910rep2	Vagina	VIC-MEL-RMH-168_rep2	VIC-MEL-RMH-168	17	KN
V2911rep2	Vagina	WA-PER-PMH-100_rep2	WA-PER-PMH-100	17	KN
V2811rep2	Vagina	QLD-BRI-MATER-030_rep2	QLD-BRI-MATER-030	17	NS
V2820rep2	Vagina	SA-ADEL-REG-018_rep2	SA-ADEL-REG-018	17	NS
V2821rep2	Vagina	SA-ADEL-WCH-073_rep2	SA-ADEL-WCH-073	17	NS
V2822rep2	Vagina	SA-ADEL-WCH-069_rep2	SA-ADEL-WCH-069	17	NS
V2823rep2	Vagina	SA-ADEL-REG-014_rep2	SA-ADEL-REG-014	17	NS
V2824rep2	Vagina	VIC-MEL-RMH-009_rep2	VIC-MEL-RMH-009	17	NS
V2825rep2	Vagina	VIC-MEL-RMH-033_rep2	VIC-MEL-RMH-033	17	NS
V2826rep2	Vagina	WA-PER-PMH-022_rep2	WA-PER-PMH-022	17	NS
V2912rep2	Vagina	WA-PER-PMH-098_rep2	WA-PER-PMH-098	17	KN
V2913rep2	Vagina	WA-PER-PMH-119_rep2	WA-PER-PMH-119	17	KN
V2914rep2	Vagina	WA-PER-PMH-138_rep2	WA-PER-PMH-138	17	KN
V2915rep2	Vagina	SA-ADEL-WCH-156_rep2	SA-ADEL-WCH-156	17	NS
V2916rep2	Vagina	SA-ADEL-WCH-157_rep2	SA-ADEL-WCH-157	17	NS
V2917rep2	Vagina	VIC-MEL-RMH-125_rep2	VIC-MEL-RMH-125	17	NS
V2918rep2	Vagina	VIC-MEL-RMH-118_rep2	VIC-MEL-RMH-118	17	NS
V2919rep2	Vagina	VIC-MEL-RMH-131_rep2	VIC-MEL-RMH-131	17	NS
V2819rep2	Vagina	SA-ADEL-REG-001_rep2	SA-ADEL-REG-001	17	NS
V2828rep2	Vagina	WA-PER-PMH-033_rep2	WA-PER-PMH-033	17	NS
V2829rep2	Vagina	WA-PER-PMH-040_rep2	WA-PER-PMH-040	17	NS
V2830rep2	Vagina	WA-PER-PMH-039_rep2	WA-PER-PMH-039	17	NS
V2831rep2	Vagina	WA-PER-PMH-045_rep2	WA-PER-PMH-045	17	NS
V2832rep2	Vagina	WA-PER-PMH-052_rep2	WA-PER-PMH-052	17	NS
V2833rep2	Vagina	WA-PER-PMH-051_rep2	WA-PER-PMH-051	17	NS
V2834rep2	Vagina	WA-PER-PMH-066_rep2	WA-PER-PMH-066	17	NS
V2920rep2	Vagina	SA-ADEL-REG-016_rep2	SA-ADEL-REG-016	17	NS
V2921rep2	Vagina	NSW-SYD-STG-028_rep2	NSW-SYD-STG-028	17	NS
V2922rep2	Vagina	NSW-SYD-CHW-085_rep2	NSW-SYD-CHW-085	17	NS
V2923rep2	Vagina	NSW-SYD-CHW-093_rep2	NSW-SYD-CHW-093	17	NS
V2924rep2	Vagina	NSW-SYD-RHW-077_rep2	NSW-SYD-RHW-077	17	NS
V2925rep2	Vagina	NSW-SYD-CHW-101_rep2	NSW-SYD-CHW-101	17	NS
V2926rep2	Vagina	NSW-SYD-CHW-100_rep2	NSW-SYD-CHW-100	17	NS
V2927rep2	Vagina	QLD-BRI-MATER-025_rep2	QLD-BRI-MATER-025	17	NS
V2827rep2	Vagina	WA-PER-PMH-030_rep2	WA-PER-PMH-030	17	NS
V2836rep2	Vagina	NSW-SYD-CHW-008_rep2	NSW-SYD-CHW-008	17	EB
V2837rep2	Vagina	NSW-SYD-RHW-016_rep2	NSW-SYD-RHW-016	17	EB
V2838rep2	Vagina	NSW-SYD-CHW-015_rep2	NSW-SYD-CHW-015	17	EB
V2839rep2	Vagina	NSW-SYD-RHW-015_rep2	NSW-SYD-RHW-015	17	EB
V2840rep2	Vagina	NSW-SYD-RHW-044_rep2	NSW-SYD-RHW-044	17	EB
V2841rep2	Blank	Kit_Blank_rep2	Kit_Blank	17	EB
V2842rep2	Vagina	NSW-SYD-RHW-046_rep2	NSW-SYD-RHW-046	17	EB
V2928rep2	Vagina	QLD-BRI-MATER-057_rep2	QLD-BRI-MATER-057	17	NS
V2929rep2	Vagina	QLD-BRI-MATER-070_rep2	QLD-BRI-MATER-070	17	NS
V2930rep2	Vagina	SA-ADEL-WCH-005_rep2	SA-ADEL-WCH-005	17	NS
V2931rep2	Vagina	SA-ADEL-WCH-026_rep2	SA-ADEL-WCH-026	17	NS
V2932rep2	Vagina	SA-ADEL-WCH-030_rep2	SA-ADEL-WCH-030	17	NS
V2933rep2	Vagina	SA-ADEL-WCH-038_rep2	SA-ADEL-WCH-038	17	NS
V2934rep2	Vagina	VIC-MEL-RMH-011_rep2	VIC-MEL-RMH-011	17	NS
V2935rep2	Vagina	VIC-MEL-RMH-021_rep2	VIC-MEL-RMH-021	17	NS
V2835rep2	Vagina	NSW-SYD-STG-001_rep2	NSW-SYD-STG-001	17	EB
V2844rep2	Vagina	NSW-SYD-RHW-045_rep2	NSW-SYD-RHW-045	17	EB
V2845rep2	Vagina	NSW-SYD-RHW-053_rep2	NSW-SYD-RHW-053	17	EB
V2846rep2	Vagina	NSW-SYD-STG-019_rep2	NSW-SYD-STG-019	17	EB
V2847rep2	Vagina	NSW-SYD-STG-008_rep2	NSW-SYD-STG-008	17	EB
V2848rep2	Vagina	NSW-SYD-CHW-033_rep2	NSW-SYD-CHW-033	17	EB
V2849rep2	Vagina	QLD-BRI-MATER-095_rep2	QLD-BRI-MATER-095	17	EB
V2850rep2	Vagina	QLD-BRI-MATER-111_rep2	QLD-BRI-MATER-111	17	EB
V2936rep2	Vagina	VIC-MEL-RMH-058_rep2	VIC-MEL-RMH-058	17	NS
V2937rep2	Vagina	WA-PER-PMH-006_rep2	WA-PER-PMH-006	17	NS
V2938rep2	Vagina	WA-PER-PMH-008_rep2	WA-PER-PMH-008	17	NS
V2939rep2	Vagina	WA-PER-PMH-013_rep2	WA-PER-PMH-013	17	NS
V2940rep2	Vagina	WA-PER-PMH-010_rep2	WA-PER-PMH-010	17	NS
V2941rep2	Blank	Kit_Blank_rep2	Kit_Blank	17	NS
V2942rep2	Vagina	WA-PER-PMH-026_rep2	WA-PER-PMH-026	17	NS
V2943rep2	Vagina	WA-PER-PMH-061_rep2	WA-PER-PMH-061	17	NS
V2843rep2	Vagina	NSW-SYD-RHW-050_rep2	NSW-SYD-RHW-050	17	EB
V2852rep2	Vagina	SA-ADEL-WCH-095_rep2	SA-ADEL-WCH-095	17	EB
V2853rep2	Vagina	SA-ADEL-REG-026_rep2	SA-ADEL-REG-026	17	EB
V2854rep2	Vagina	SA-ADEL-WCH-066_rep2	SA-ADEL-WCH-066	17	EB
V2855rep2	Vagina	SA-ADEL-WCH-081_rep2	SA-ADEL-WCH-081	17	EB
V2856rep2	Vagina	SA-ADEL-WCH-080_rep2	SA-ADEL-WCH-080	17	EB
V2857rep2	Vagina	SA-ADEL-REG-044_rep2	SA-ADEL-REG-044	17	EB
V2858rep2	Vagina	WA-PER-PMH-069_rep2	WA-PER-PMH-069	17	EB
V2944rep2	Vagina	WA-PER-PMH-064_rep2	WA-PER-PMH-064	17	NS
V2945rep2	Vagina	WA-PER-PMH-058_rep2	WA-PER-PMH-058	17	NS
V2946rep2	Vagina	NSW-SYD-RHW-001_rep2	NSW-SYD-RHW-001	17	NS
V2947rep2	Vagina	NSW-SYD-RHW-004_rep2	NSW-SYD-RHW-004	17	NS
V2948rep2	Vagina	NSW-SYD-RHW-018_rep2	NSW-SYD-RHW-018	17	NS
V2949rep2	Vagina	NSW-SYD-RHW-041_rep2	NSW-SYD-RHW-041	17	NS
V2950rep2	Vagina	NSW-SYD-CHW-025_rep2	NSW-SYD-CHW-025	17	NS
V2951rep2	Vagina	NSW-SYD-CHW-042_rep2	NSW-SYD-CHW-042	17	NS
V2851rep2	Vagina	QLD-BRI-MATER-126_rep2	QLD-BRI-MATER-126	17	EB
V2812	Vagina	QLD-BRI-MATER-053	QLD-BRI-MATER-053	17	NS
V2813	Vagina	QLD-BRI-MATER-088	QLD-BRI-MATER-088	17	NS
V2814	Vagina	SA-ADEL-WCH-017	SA-ADEL-WCH-017	17	NS
V2815	Vagina	SA-ADEL-WCH-023	SA-ADEL-WCH-023	17	NS
V2816	Vagina	SA-ADEL-WCH-027	SA-ADEL-WCH-027	17	NS
V2817	Vagina	SA-ADEL-WCH-037	SA-ADEL-WCH-037	17	NS
V2818	Vagina	SA-ADEL-WCH-045	SA-ADEL-WCH-045	17	NS
V2904	Vagina	SA-ADEL-WCH-134	SA-ADEL-WCH-134	17	KN
V2905	Vagina	VIC-MEL-RMH-049	VIC-MEL-RMH-049	17	KN
V2906	Vagina	VIC-MEL-RMH-099	VIC-MEL-RMH-099	17	KN
V2907	Vagina	VIC-MEL-RMH-114	VIC-MEL-RMH-114	17	KN
V2908	Vagina	VIC-MEL-RMH-096	VIC-MEL-RMH-096	17	KN
V2909	Vagina	VIC-MEL-RMH-119	VIC-MEL-RMH-119	17	KN
V2910	Vagina	VIC-MEL-RMH-168	VIC-MEL-RMH-168	17	KN
V2911	Vagina	WA-PER-PMH-100	WA-PER-PMH-100	17	KN
V2811	Vagina	QLD-BRI-MATER-030	QLD-BRI-MATER-030	17	NS
V2860rep2	Vagina	WA-PER-PMH-085_rep2	WA-PER-PMH-085	17	EB
V2861rep2	Vagina	NSW-SYD-RHW-057_rep2	NSW-SYD-RHW-057	17	EB
V2862rep2	Vagina	NSW-SYD-CHW-054_rep2	NSW-SYD-CHW-054	17	EB
V2863rep2	Vagina	NSW-SYD-CHW-056_rep2	NSW-SYD-CHW-056	17	EB
V2864rep2	Vagina	NSW-SYD-RHW-063_rep2	NSW-SYD-RHW-063	17	EB
V2865rep2	Vagina	NSW-SYD-STG-025_rep2	NSW-SYD-STG-025	17	EB
V2866rep2	Vagina	NSW-SYD-CHW-082_rep2	NSW-SYD-CHW-082	17	EB
V2952rep2	Vagina	NSW-SYD-STG-020_rep2	NSW-SYD-STG-020	17	NS
V2953rep2	Vagina	NSW-SYD-RHW-054_rep2	NSW-SYD-RHW-054	17	NS
V2954rep2	Vagina	NSW-SYD-CHW-051_rep2	NSW-SYD-CHW-051	17	NS
V2955rep2	Vagina	NSW-SYD-RHW-055_rep2	NSW-SYD-RHW-055	17	NS
V2956rep2	Vagina	NSW-SYD-RHW-033_rep2	NSW-SYD-RHW-033	17	NS
V2957rep2	Vagina	NSW-SYD-RHW-034_rep2	NSW-SYD-RHW-034	17	NS
V2958rep2	Vagina	NSW-SYD-CHW-027_rep2	NSW-SYD-CHW-027	17	NS
V2959rep2	Vagina	QLD-BRI-MATER-064_rep2	QLD-BRI-MATER-064	17	NS
V2859rep2	Vagina	WA-PER-PMH-090_rep2	WA-PER-PMH-090	17	EB
V2868rep2	Vagina	NSW-SYD-CHW-075_rep2	NSW-SYD-CHW-075	17	EB
V2869rep2	Vagina	QLD-BRI-MATER-113_rep2	QLD-BRI-MATER-113	17	EB
V2870rep2	Vagina	QLD-BRI-MATER-119_rep2	QLD-BRI-MATER-119	17	EB
V2871rep2	Vagina	QLD-BRI-MATER-123_rep2	QLD-BRI-MATER-123	17	EB
V2872rep2	Vagina	SA-ADEL-WCH-110_rep2	SA-ADEL-WCH-110	17	EB
V2873rep2	Vagina	SA-ADEL-WCH-122_rep2	SA-ADEL-WCH-122	17	EB
V2874rep2	Vagina	VIC-MEL-RMH-040_rep2	VIC-MEL-RMH-040	17	EB
V2960rep2	Vagina	QLD-BRI-MATER-109_rep2	QLD-BRI-MATER-109	17	NS
V2961rep2	Vagina	QLD-BRI-MATER-106_rep2	QLD-BRI-MATER-106	17	NS
V2962rep2	Vagina	QLD-BRI-MATER-121_rep2	QLD-BRI-MATER-121	17	NS
V2963rep2	Vagina	SA-ADEL-WCH-076_rep2	SA-ADEL-WCH-076	17	NS
V2964rep2	Vagina	SA-ADEL-WCH-079_rep2	SA-ADEL-WCH-079	17	NS
V2965rep2	Vagina	SA-ADEL-WCH-094_rep2	SA-ADEL-WCH-094	17	NS
V2966rep2	Vagina	SA-ADEL-WCH-100_rep2	SA-ADEL-WCH-100	17	NS
V2967rep2	Vagina	WA-PER-PMH-065_rep2	WA-PER-PMH-065	17	NS
V2867rep2	Vagina	NSW-SYD-CHW-083_rep2	NSW-SYD-CHW-083	17	EB
V2876rep2	Vagina	VIC-MEL-RMH-046_rep2	VIC-MEL-RMH-046	17	EB
V2877rep2	Vagina	VIC-MEL-RMH-032_rep2	VIC-MEL-RMH-032	17	EB
V2878rep2	Vagina	VIC-MEL-RMH-012_rep2	VIC-MEL-RMH-012	17	EB
V2879rep2	Vagina	VIC-MEL-RMH-072_rep2	VIC-MEL-RMH-072	17	EB
V2880rep2	Vagina	VIC-MEL-RMH-122_rep2	VIC-MEL-RMH-122	17	EB
V2881rep2	Vagina	VIC-MEL-RMH-113_rep2	VIC-MEL-RMH-113	17	EB
V2882rep2	Vagina	VIC-MEL-RMH-108_rep2	VIC-MEL-RMH-108	17	EB
V2968rep2	Vagina	WA-PER-PMH-062_rep2	WA-PER-PMH-062	17	NS
V2969rep2	Vagina	WA-PER-PMH-073_rep2	WA-PER-PMH-073	17	NS
V2970rep2	Vagina	WA-PER-PMH-067_rep2	WA-PER-PMH-067	17	NS
V2971rep2	Vagina	WA-PER-PMH-095_rep2	WA-PER-PMH-095	17	NS
V2972rep2	Vagina	NSW-SYD-CHW-044_rep2	NSW-SYD-CHW-044	17	NS
V2973rep2	Vagina	NSW-SYD-RHW-059_rep2	NSW-SYD-RHW-059	17	NS
V2974rep2	Vagina	NSW-SYD-CHW-053_rep2	NSW-SYD-CHW-053	17	NS
V2975rep2	Vagina	NSW-SYD-STG-026_rep2	NSW-SYD-STG-026	17	NS
V2875rep2	Vagina	VIC-MEL-RMH-050_rep2	VIC-MEL-RMH-050	17	EB
V2884rep2	Vagina	WA-PER-PMH-097_rep2	WA-PER-PMH-097	17	EB
V2885rep2	Vagina	WA-PER-PMH-094_rep2	WA-PER-PMH-094	17	EB
V2886rep2	Vagina	WA-PER-PMH-101_rep2	WA-PER-PMH-101	17	EB
V2887rep2	Vagina	WA-PER-PMH-111_rep2	WA-PER-PMH-111	17	EB
V2888rep2	Vagina	WA-PER-PMH-106_rep2	WA-PER-PMH-106	17	EB
V2889rep2	Vagina	NSW-SYD-CHW-063_rep2	NSW-SYD-CHW-063	17	EB
V2890rep2	Vagina	NSW-SYD-CHW-084_rep2	NSW-SYD-CHW-084	17	EB
V2976rep2	Vagina	NSW-SYD-CHW-060_rep2	NSW-SYD-CHW-060	17	NS
V2977rep2	Vagina	NSW-SYD-CHW-070_rep2	NSW-SYD-CHW-070	17	NS
V2978rep2	Vagina	QLD-BRI-MATER-149_rep2	QLD-BRI-MATER-149	17	NS
V2979rep2	Vagina	QLD-BRI-MATER-129_rep2	QLD-BRI-MATER-129	17	NS
V2980rep2	Vagina	QLD-BRI-MATER-143_rep2	QLD-BRI-MATER-143	17	NS
V2981rep2	Vagina	QLD-BRI-MATER-156_rep2	QLD-BRI-MATER-156	17	NS
V2982rep2	Vagina	QLD-BRI-MATER-179_rep2	QLD-BRI-MATER-179	17	NS
V2983rep2	Vagina	SA-ADEL-WCH-101_rep2	SA-ADEL-WCH-101	17	NS
V2883rep2	Vagina	WA-PER-PMH-093_rep2	WA-PER-PMH-093	17	EB
V2892rep2	Vagina	QLD-BRI-MATER-163_rep2	QLD-BRI-MATER-163	17	EB
V2893rep2	Vagina	QLD-BRI-MATER-142_rep2	QLD-BRI-MATER-142	17	EB
V2894rep2	Vagina	QLD-BRI-MATER-161_rep2	QLD-BRI-MATER-161	17	EB
V2895rep2	Vagina	QLD-BRI-MATER-169_rep2	QLD-BRI-MATER-169	17	EB
VH2O1rep2	Blank	Water_Control_for_16S_PCR2_rep2	Water_Control_for_16S_PCR2	17	
VZRStd1rep2	Standard	ZR_Microbial_DNA_Standard_5ng_rep2	ZR_Microbial_DNA_Standard_5ng	17	
VNTC1rep2	Blank	No_template_control_16S_PCR1_rep2	No_template_control_16S_PCR1	17	
V2984rep2	Vagina	SA-ADEL-WCH-105_rep2	SA-ADEL-WCH-105	17	NS
V2985rep2	Vagina	SA-ADEL-WCH-129_rep2	SA-ADEL-WCH-129	17	NS
V2986rep2	Vagina	VIC-MEL-RMH-075_rep2	VIC-MEL-RMH-075	17	NS
V2987rep2	Vagina	VIC-MEL-RMH-088_rep2	VIC-MEL-RMH-088	17	NS
V2988rep2	Vagina	VIC-MEL-RMH-087_rep2	VIC-MEL-RMH-087	17	NS
VH2O2rep2	Blank	Water_Control_for_16S_PCR2_rep2	Water_Control_for_16S_PCR2	17	
VZRStd2rep2	Standard	ZR_Microbial_DNA_Standard_5ng_rep2	ZR_Microbial_DNA_Standard_5ng	17	
VNTC2rep2	Blank	No_template_control_16S_PCR1_rep2	No_template_control_16S_PCR1	17	
V2891rep2	Blank	Kit_Blank_rep2	Kit_Blank	17	EB
V2894	Vagina	QLD-BRI-MATER-161	QLD-BRI-MATER-161	17	EB
V2989	Vagina	VIC-MEL-RMH-086	VIC-MEL-RMH-086	17	NS
V2990	Vagina	VIC-MEL-RMH-084	VIC-MEL-RMH-084	17	NS
V2991	Blank	Kit_Blank	Kit_Blank	17	NS
V2987	Vagina	VIC-MEL-RMH-088	VIC-MEL-RMH-088	17	NS
V2992	Vagina	VIC-MEL-RMH-092	VIC-MEL-RMH-092	17	NS
V2993	Vagina	VIC-MEL-RMH-097	VIC-MEL-RMH-097	17	NS
V2994	Vagina	VIC-MEL-RMH-115	VIC-MEL-RMH-115	17	NS
V2995	Vagina	VIC-MEL-RMH-199	VIC-MEL-RMH-199	17	NS
V2996	Vagina	VIC-MEL-RMH-196	VIC-MEL-RMH-196	17	NS
V2997	Vagina	WA-PER-PMH-116	WA-PER-PMH-116	17	NS
V2998	Vagina	WA-PER-PMH-117	WA-PER-PMH-117	17	NS
V2999	Vagina	WA-PER-PMH-123	WA-PER-PMH-123	17	NS
V3000	Vagina	WA-PER-PMH-132	WA-PER-PMH-132	17	NS
V3001	Vagina	WA-PER-PMH-163	WA-PER-PMH-163	17	NS
V3002	Vagina	QLD-BRI-MATER-190	QLD-BRI-MATER-190	17	NS
V3003	Vagina	SA-ADEL-REG-058	SA-ADEL-REG-058	17	NS
V3004	Vagina	VIC-MEL-RMH-142	VIC-MEL-RMH-142	17	NS
V3005	Vagina	VIC-MEL-RMH-128	VIC-MEL-RMH-128	17	NS
V3006	Vagina	VIC-MEL-RMH-129	VIC-MEL-RMH-129	17	NS
V3007	Vagina	VIC-MEL-RMH-154	VIC-MEL-RMH-154	17	NS
V3008	Vagina	VIC-MEL-RMH-152	VIC-MEL-RMH-152	17	NS
V3009	Vagina	VIC-MEL-RMH-170	VIC-MEL-RMH-170	17	NS
V3010	Vagina	WA-PER-PMH-114	WA-PER-PMH-114	17	NS
V3011	Vagina	WA-PER-PMH-128	WA-PER-PMH-128	17	NS
V3012	Vagina	WA-PER-PMH-148	WA-PER-PMH-148	17	NS
V3013	Blank	mock_(orange_swab_tube)	mock_(orange_swab_tube)	17	NS
VH2O3	Blank	Water_Control_for_16S_PCR2	Water_Control_for_16S_PCR2	17	
VZRStd3	Standard	ZR_Microbial_DNA_Standard_5ng	ZR_Microbial_DNA_Standard_5ng	17	
VNTC3	Blank	No_template_control_16S_PCR1	No_template_control_16S_PCR1	17	
VNTC3rep2	Blank	No_template_control_16S_PCR1_rep2	No_template_control_16S_PCR1	17	
VZRStd3rep2	Standard	ZR_Microbial_DNA_Standard_5ng_rep2	ZR_Microbial_DNA_Standard_5ng	17	
VH2O3rep2	Blank	Water_Control_for_16S_PCR2_rep2	Water_Control_for_16S_PCR2	17	
V3013rep2	Blank	mock_(orange_swab_tube)_rep2	mock_(orange_swab_tube)	17	NS
V2820	Vagina	SA-ADEL-REG-018	SA-ADEL-REG-018	17	NS
V2821	Vagina	SA-ADEL-WCH-073	SA-ADEL-WCH-073	17	NS
V2822	Vagina	SA-ADEL-WCH-069	SA-ADEL-WCH-069	17	NS
V2823	Vagina	SA-ADEL-REG-014	SA-ADEL-REG-014	17	NS
V2824	Vagina	VIC-MEL-RMH-009	VIC-MEL-RMH-009	17	NS
V2825	Vagina	VIC-MEL-RMH-033	VIC-MEL-RMH-033	17	NS
V2826	Vagina	WA-PER-PMH-022	WA-PER-PMH-022	17	NS
V2912	Vagina	WA-PER-PMH-098	WA-PER-PMH-098	17	KN
V2913	Vagina	WA-PER-PMH-119	WA-PER-PMH-119	17	KN
V2914	Vagina	WA-PER-PMH-138	WA-PER-PMH-138	17	KN
V2915	Vagina	SA-ADEL-WCH-156	SA-ADEL-WCH-156	17	NS
V2916	Vagina	SA-ADEL-WCH-157	SA-ADEL-WCH-157	17	NS
V2917	Vagina	VIC-MEL-RMH-125	VIC-MEL-RMH-125	17	NS
V2918	Vagina	VIC-MEL-RMH-118	VIC-MEL-RMH-118	17	NS
V2919	Vagina	VIC-MEL-RMH-131	VIC-MEL-RMH-131	17	NS
V2819	Vagina	SA-ADEL-REG-001	SA-ADEL-REG-001	17	NS
V3012rep2	Vagina	WA-PER-PMH-148_rep2	WA-PER-PMH-148	17	NS
V3011rep2	Vagina	WA-PER-PMH-128_rep2	WA-PER-PMH-128	17	NS
V3010rep2	Vagina	WA-PER-PMH-114_rep2	WA-PER-PMH-114	17	NS
V3009rep2	Vagina	VIC-MEL-RMH-170_rep2	VIC-MEL-RMH-170	17	NS
V3008rep2	Vagina	VIC-MEL-RMH-152_rep2	VIC-MEL-RMH-152	17	NS
V3007rep2	Vagina	VIC-MEL-RMH-154_rep2	VIC-MEL-RMH-154	17	NS
V3006rep2	Vagina	VIC-MEL-RMH-129_rep2	VIC-MEL-RMH-129	17	NS
V3005rep2	Vagina	VIC-MEL-RMH-128_rep2	VIC-MEL-RMH-128	17	NS
V3004rep2	Vagina	VIC-MEL-RMH-142_rep2	VIC-MEL-RMH-142	17	NS
V3003rep2	Vagina	SA-ADEL-REG-058_rep2	SA-ADEL-REG-058	17	NS
V3002rep2	Vagina	QLD-BRI-MATER-190_rep2	QLD-BRI-MATER-190	17	NS
V3001rep2	Vagina	WA-PER-PMH-163_rep2	WA-PER-PMH-163	17	NS
V3000rep2	Vagina	WA-PER-PMH-132_rep2	WA-PER-PMH-132	17	NS
V2999rep2	Vagina	WA-PER-PMH-123_rep2	WA-PER-PMH-123	17	NS
V2998rep2	Vagina	WA-PER-PMH-117_rep2	WA-PER-PMH-117	17	NS
V2997rep2	Vagina	WA-PER-PMH-116_rep2	WA-PER-PMH-116	17	NS
V2996rep2	Vagina	VIC-MEL-RMH-196_rep2	VIC-MEL-RMH-196	17	NS
V2995rep2	Vagina	VIC-MEL-RMH-199_rep2	VIC-MEL-RMH-199	17	NS
V2994rep2	Vagina	VIC-MEL-RMH-115_rep2	VIC-MEL-RMH-115	17	NS
V2993rep2	Vagina	VIC-MEL-RMH-097_rep2	VIC-MEL-RMH-097	17	NS
V2992rep2	Vagina	VIC-MEL-RMH-092_rep2	VIC-MEL-RMH-092	17	NS
V2991rep2	Blank	Kit_Blank_rep2	Kit_Blank	17	NS
V2990rep2	Vagina	VIC-MEL-RMH-084_rep2	VIC-MEL-RMH-084	17	NS
V2989rep2	Vagina	VIC-MEL-RMH-086_rep2	VIC-MEL-RMH-086	17	NS
V2828	Vagina	WA-PER-PMH-033	WA-PER-PMH-033	17	NS
V2829	Vagina	WA-PER-PMH-040	WA-PER-PMH-040	17	NS
V2830	Vagina	WA-PER-PMH-039	WA-PER-PMH-039	17	NS
V2831	Vagina	WA-PER-PMH-045	WA-PER-PMH-045	17	NS
V2832	Vagina	WA-PER-PMH-052	WA-PER-PMH-052	17	NS
V2833	Vagina	WA-PER-PMH-051	WA-PER-PMH-051	17	NS
V2834	Vagina	WA-PER-PMH-066	WA-PER-PMH-066	17	NS
V2920	Vagina	SA-ADEL-REG-016	SA-ADEL-REG-016	17	NS
V2921	Vagina	NSW-SYD-STG-028	NSW-SYD-STG-028	17	NS
V2922	Vagina	NSW-SYD-CHW-085	NSW-SYD-CHW-085	17	NS
V2923	Vagina	NSW-SYD-CHW-093	NSW-SYD-CHW-093	17	NS
V2924	Vagina	NSW-SYD-RHW-077	NSW-SYD-RHW-077	17	NS
V2925	Vagina	NSW-SYD-CHW-101	NSW-SYD-CHW-101	17	NS
V2926	Vagina	NSW-SYD-CHW-100	NSW-SYD-CHW-100	17	NS
V2927	Vagina	QLD-BRI-MATER-025	QLD-BRI-MATER-025	17	NS
V2827	Vagina	WA-PER-PMH-030	WA-PER-PMH-030	17	NS
V2836	Vagina	NSW-SYD-CHW-008	NSW-SYD-CHW-008	17	EB
V2837	Vagina	NSW-SYD-RHW-016	NSW-SYD-RHW-016	17	EB
V2838	Vagina	NSW-SYD-CHW-015	NSW-SYD-CHW-015	17	EB
V2839	Vagina	NSW-SYD-RHW-015	NSW-SYD-RHW-015	17	EB
V2840	Vagina	NSW-SYD-RHW-044	NSW-SYD-RHW-044	17	EB
V2841	Blank	Kit_Blank	Kit_Blank	17	EB
V2842	Vagina	NSW-SYD-RHW-046	NSW-SYD-RHW-046	17	EB
V2928	Vagina	QLD-BRI-MATER-057	QLD-BRI-MATER-057	17	NS
V2929	Vagina	QLD-BRI-MATER-070	QLD-BRI-MATER-070	17	NS
V2930	Vagina	SA-ADEL-WCH-005	SA-ADEL-WCH-005	17	NS
V2931	Vagina	SA-ADEL-WCH-026	SA-ADEL-WCH-026	17	NS
V2932	Vagina	SA-ADEL-WCH-030	SA-ADEL-WCH-030	17	NS
V2933	Vagina	SA-ADEL-WCH-038	SA-ADEL-WCH-038	17	NS
V2934	Vagina	VIC-MEL-RMH-011	VIC-MEL-RMH-011	17	NS
V2935	Vagina	VIC-MEL-RMH-021	VIC-MEL-RMH-021	17	NS
V2835	Vagina	NSW-SYD-STG-001	NSW-SYD-STG-001	17	EB
V2844	Vagina	NSW-SYD-RHW-045	NSW-SYD-RHW-045	17	EB
V2845	Vagina	NSW-SYD-RHW-053	NSW-SYD-RHW-053	17	EB
V2846	Vagina	NSW-SYD-STG-019	NSW-SYD-STG-019	17	EB
V2847	Vagina	NSW-SYD-STG-008	NSW-SYD-STG-008	17	EB
V2848	Vagina	NSW-SYD-CHW-033	NSW-SYD-CHW-033	17	EB
V2849	Vagina	QLD-BRI-MATER-095	QLD-BRI-MATER-095	17	EB
V2850	Vagina	QLD-BRI-MATER-111	QLD-BRI-MATER-111	17	EB
V2936	Vagina	VIC-MEL-RMH-058	VIC-MEL-RMH-058	17	NS
V2937	Vagina	WA-PER-PMH-006	WA-PER-PMH-006	17	NS
V2938	Vagina	WA-PER-PMH-008	WA-PER-PMH-008	17	NS
V2939	Vagina	WA-PER-PMH-013	WA-PER-PMH-013	17	NS
V2940	Vagina	WA-PER-PMH-010	WA-PER-PMH-010	17	NS
V2941	Blank	Kit_Blank	Kit_Blank	17	NS
V2942	Vagina	WA-PER-PMH-026	WA-PER-PMH-026	17	NS
V2943	Vagina	WA-PER-PMH-061	WA-PER-PMH-061	17	NS
V2843	Vagina	NSW-SYD-RHW-050	NSW-SYD-RHW-050	17	EB
V2852	Vagina	SA-ADEL-WCH-095	SA-ADEL-WCH-095	17	EB
V2853	Vagina	SA-ADEL-REG-026	SA-ADEL-REG-026	17	EB
V2854	Vagina	SA-ADEL-WCH-066	SA-ADEL-WCH-066	17	EB
V2855	Vagina	SA-ADEL-WCH-081	SA-ADEL-WCH-081	17	EB
V2856	Vagina	SA-ADEL-WCH-080	SA-ADEL-WCH-080	17	EB
V2857	Vagina	SA-ADEL-REG-044	SA-ADEL-REG-044	17	EB
V2858	Vagina	WA-PER-PMH-069	WA-PER-PMH-069	17	EB
V2944	Vagina	WA-PER-PMH-064	WA-PER-PMH-064	17	NS
V2945	Vagina	WA-PER-PMH-058	WA-PER-PMH-058	17	NS
V2946	Vagina	NSW-SYD-RHW-001	NSW-SYD-RHW-001	17	NS
V2947	Vagina	NSW-SYD-RHW-004	NSW-SYD-RHW-004	17	NS
V2948	Vagina	NSW-SYD-RHW-018	NSW-SYD-RHW-018	17	NS
V2949	Vagina	NSW-SYD-RHW-041	NSW-SYD-RHW-041	17	NS
V2950	Vagina	NSW-SYD-CHW-025	NSW-SYD-CHW-025	17	NS
V2951	Vagina	NSW-SYD-CHW-042	NSW-SYD-CHW-042	17	NS
V2851	Vagina	QLD-BRI-MATER-126	QLD-BRI-MATER-126	17	EB
V2860	Vagina	WA-PER-PMH-085	WA-PER-PMH-085	17	EB
V2861	Vagina	NSW-SYD-RHW-057	NSW-SYD-RHW-057	17	EB
V2862	Vagina	NSW-SYD-CHW-054	NSW-SYD-CHW-054	17	EB
V2863	Vagina	NSW-SYD-CHW-056	NSW-SYD-CHW-056	17	EB
V2864	Vagina	NSW-SYD-RHW-063	NSW-SYD-RHW-063	17	EB
V2865	Vagina	NSW-SYD-STG-025	NSW-SYD-STG-025	17	EB
V2866	Vagina	NSW-SYD-CHW-082	NSW-SYD-CHW-082	17	EB
V2952	Vagina	NSW-SYD-STG-020	NSW-SYD-STG-020	17	NS
V2953	Vagina	NSW-SYD-RHW-054	NSW-SYD-RHW-054	17	NS
V2954	Vagina	NSW-SYD-CHW-051	NSW-SYD-CHW-051	17	NS
V2955	Vagina	NSW-SYD-RHW-055	NSW-SYD-RHW-055	17	NS
V2956	Vagina	NSW-SYD-RHW-033	NSW-SYD-RHW-033	17	NS
V2957	Vagina	NSW-SYD-RHW-034	NSW-SYD-RHW-034	17	NS
V2958	Vagina	NSW-SYD-CHW-027	NSW-SYD-CHW-027	17	NS
V2959	Vagina	QLD-BRI-MATER-064	QLD-BRI-MATER-064	17	NS
V2859	Vagina	WA-PER-PMH-090	WA-PER-PMH-090	17	EB
V2868	Vagina	NSW-SYD-CHW-075	NSW-SYD-CHW-075	17	EB
V2869	Vagina	QLD-BRI-MATER-113	QLD-BRI-MATER-113	17	EB
V2870	Vagina	QLD-BRI-MATER-119	QLD-BRI-MATER-119	17	EB
V2871	Vagina	QLD-BRI-MATER-123	QLD-BRI-MATER-123	17	EB
V2872	Vagina	SA-ADEL-WCH-110	SA-ADEL-WCH-110	17	EB
V2873	Vagina	SA-ADEL-WCH-122	SA-ADEL-WCH-122	17	EB
V2874	Vagina	VIC-MEL-RMH-040	VIC-MEL-RMH-040	17	EB
V2960	Vagina	QLD-BRI-MATER-109	QLD-BRI-MATER-109	17	NS
V2961	Vagina	QLD-BRI-MATER-106	QLD-BRI-MATER-106	17	NS
V2962	Vagina	QLD-BRI-MATER-121	QLD-BRI-MATER-121	17	NS
V2963	Vagina	SA-ADEL-WCH-076	SA-ADEL-WCH-076	17	NS
V2964	Vagina	SA-ADEL-WCH-079	SA-ADEL-WCH-079	17	NS
V2965	Vagina	SA-ADEL-WCH-094	SA-ADEL-WCH-094	17	NS
V2966	Vagina	SA-ADEL-WCH-100	SA-ADEL-WCH-100	17	NS
V2967	Vagina	WA-PER-PMH-065	WA-PER-PMH-065	17	NS
V2867	Vagina	NSW-SYD-CHW-083	NSW-SYD-CHW-083	17	EB
1270	Vagina	SA-ADEL-WCH-047	SA-ADEL-WCH-047	8	AN
1284	Vagina	WA-PER-PMH-001	WA-PER-PMH-001	8	KN
1290	Vagina	SA-ADEL-WCH-003	SA-ADEL-WCH-003	8	AN
1304	Vagina	SA-ADEL-WCH-054	SA-ADEL-WCH-054	8	KN
1326	Vagina	SA-ADEL-REG-036	SA-ADEL-REG-036	8	KN
1329	Vagina	NSW-SYD-CHW-017	NSW-SYD-CHW-017	8	KN
1330	Vagina	NSW-SYD-CHW-041	NSW-SYD-CHW-041	8	KN
1332	Vagina	NSW-SYD-CHW-018	NSW-SYD-CHW-018	8	KN
1334	Vagina	QLD-BRI-MATER-089	QLD-BRI-MATER-089	8	KN
1335	Vagina	NSW-SYD-STG-002	NSW-SYD-STG-002	8	KN
1337	Vagina	NSW-SYD-CHW-011	NSW-SYD-CHW-011	8	KN
1343	Vagina	SA-ADEL-REG-032	SA-ADEL-REG-032	8	KN
1348	Vagina	SA-ADEL-WCH-086	SA-ADEL-WCH-086	8	KN
1355	Vagina	WA-PER-PMH-060	WA-PER-PMH-060	8	KN
1360	Vagina	VIC-MEL-RMH-047	VIC-MEL-RMH-047	8	AN
1366	Vagina	VIC-MEL-RMH-045	VIC-MEL-RMH-045	8	AN
1368	Vagina	VIC-MEL-RMH-116	VIC-MEL-RMH-116	8	AN
1374	Vagina	NSW-SYD-CHW-046	NSW-SYD-CHW-046	8	AN
1376	Vagina	QLD-BRI-MATER-120	QLD-BRI-MATER-120	8	AN
1377	Vagina	VIC-MEL-RMH-037-038	VIC-MEL-RMH-037-038	8	AN
1378	Vagina	SA-ADEL-WCH-102	SA-ADEL-WCH-102	8	AN
1382	Vagina	QLD-BRI-MATER-130	QLD-BRI-MATER-130	8	KN
1385	Vagina	QLD-BRI-MATER-135	QLD-BRI-MATER-135	8	KN
1387	Vagina	QLD-BRI-MATER-035	QLD-BRI-MATER-035	8	KN
1388	Vagina	SA-ADEL-WCH-007	SA-ADEL-WCH-007	8	KN
1390	Vagina	WA-PER-PMH-105	WA-PER-PMH-105	8	KN
1391	Vagina	NSW-SYD-CHW-007	NSW-SYD-CHW-007	8	KN
1392	Vagina	SA-ADEL-WCH-111	SA-ADEL-WCH-111	8	KN
1393	Vagina	NSW-SYD-CHW-068	NSW-SYD-CHW-068	8	KN
1394	Vagina	NSW-SYD-RHW-061	NSW-SYD-RHW-061	8	KN
1270rep2	Vagina	SA-ADEL-WCH-047rep2	SA-ADEL-WCH-047	8	AN
1284rep2	Vagina	WA-PER-PMH-001rep2	WA-PER-PMH-001	8	KN
1290rep2	Vagina	SA-ADEL-WCH-003rep2	SA-ADEL-WCH-003	8	AN
1304rep2	Vagina	SA-ADEL-WCH-054rep2	SA-ADEL-WCH-054	8	KN
1326rep2	Vagina	SA-ADEL-REG-036rep2	SA-ADEL-REG-036	8	KN
1329rep2	Vagina	NSW-SYD-CHW-017rep2	NSW-SYD-CHW-017	8	KN
1330rep2	Vagina	NSW-SYD-CHW-041rep2	NSW-SYD-CHW-041	8	KN
1332rep2	Vagina	NSW-SYD-CHW-018rep2	NSW-SYD-CHW-018	8	KN
1334rep2	Vagina	QLD-BRI-MATER-089rep2	QLD-BRI-MATER-089	8	KN
1335rep2	Vagina	NSW-SYD-STG-002rep2	NSW-SYD-STG-002	8	KN
1337rep2	Vagina	NSW-SYD-CHW-011rep2	NSW-SYD-CHW-011	8	KN
1343rep2	Vagina	SA-ADEL-REG-032rep2	SA-ADEL-REG-032	8	KN
1348rep2	Vagina	SA-ADEL-WCH-086rep2	SA-ADEL-WCH-086	8	KN
1360rep2	Vagina	VIC-MEL-RMH-047rep2	VIC-MEL-RMH-047	8	AN
1366rep2	Vagina	VIC-MEL-RMH-045rep2	VIC-MEL-RMH-045	8	AN
1368rep2	Vagina	VIC-MEL-RMH-116rep2	VIC-MEL-RMH-116	8	AN
1374rep2	Vagina	NSW-SYD-CHW-046rep2	NSW-SYD-CHW-046	8	AN
1376rep2	Vagina	QLD-BRI-MATER-120rep2	QLD-BRI-MATER-120	8	AN
1377rep2	Vagina	VIC-MEL-RMH-037-038rep2	VIC-MEL-RMH-037-038	8	AN
1378rep2	Vagina	SA-ADEL-WCH-102rep2	SA-ADEL-WCH-102	8	AN
1382rep2	Vagina	QLD-BRI-MATER-130rep2	QLD-BRI-MATER-130	8	KN
1385rep2	Vagina	QLD-BRI-MATER-135rep2	QLD-BRI-MATER-135	8	KN
1387rep2	Vagina	QLD-BRI-MATER-035rep2	QLD-BRI-MATER-035	8	KN
1388rep2	Vagina	SA-ADEL-WCH-007rep2	SA-ADEL-WCH-007	8	KN
1390rep2	Vagina	WA-PER-PMH-105rep2	WA-PER-PMH-105	8	KN
1391rep2	Vagina	NSW-SYD-CHW-007rep2	NSW-SYD-CHW-007	8	KN
1392rep2	Vagina	SA-ADEL-WCH-111rep2	SA-ADEL-WCH-111	8	KN
1393rep2	Vagina	NSW-SYD-CHW-068rep2	NSW-SYD-CHW-068	8	KN
1262	Vagina	SA-ADEL-WCH-055	SA-ADEL-WCH-055	8	AN
1263	Vagina	SA-ADEL-WCH-029	SA-ADEL-WCH-029	8	AN
1264	Vagina	SA-ADEL-WCH-011	SA-ADEL-WCH-011	8	AN
1265	Vagina	SA-ADEL-WCH-044	SA-ADEL-WCH-044	8	AN
1266	Vagina	SA-ADEL-WCH-049	SA-ADEL-WCH-049	8	AN
1267	Vagina	WA-PER-PMH-043	WA-PER-PMH-043	8	AN
1268	Vagina	SA-ADEL-WCH-040	SA-ADEL-WCH-040	8	AN
1269	Vagina	SA-ADEL-WCH-034	SA-ADEL-WCH-034	8	AN
1272	Vagina	WA-PER-PMH-047	WA-PER-PMH-047	8	AN
1274	Vagina	WA-PER-PMH-046	WA-PER-PMH-046	8	KN
1275	Vagina	SA-ADEL-WCH-024	SA-ADEL-WCH-024	8	KN
1276	Vagina	SA-ADEL-WCH-025	SA-ADEL-WCH-025	8	KN
1277	Vagina	SA-ADEL-WCH-010	SA-ADEL-WCH-010	8	KN
1279	Vagina	SA-ADEL-WCH-022	SA-ADEL-WCH-022	8	KN
1282	Vagina	SA-ADEL-WCH-001	SA-ADEL-WCH-001	8	KN
1283	Vagina	VIC-MEL-RMH-017	VIC-MEL-RMH-017	8	KN
1285	Vagina	SA-ADEL-WCH-042	SA-ADEL-WCH-042	8	KN
1286	Vagina	QLD-BRI-MATER-045	QLD-BRI-MATER-045	8	AN
1287	Vagina	SA-ADEL-WCH-020	SA-ADEL-WCH-020	8	AN
1288	Vagina	WA-PER-PMH-025	WA-PER-PMH-025	8	AN
1289	Vagina	SA-ADEL-WCH-072	SA-ADEL-WCH-072	8	AN
1291	Vagina	WA-PER-PMH-015	WA-PER-PMH-015	8	AN
1292	Vagina	QLD-BRI-MATER-079-080	QLD-BRI-MATER-079-080	8	AN
1293	Vagina	WA-PER-PMH-014	WA-PER-PMH-014	8	AN
1294	Vagina	WA-PER-PMH-054	WA-PER-PMH-054	8	AN
1295	Vagina	SA-ADEL-WCH-002	SA-ADEL-WCH-002	8	AN
1296	Vagina	QLD-BRI-MATER-006	QLD-BRI-MATER-006	8	AN
1297	Vagina	SA-ADEL-WCH-035	SA-ADEL-WCH-035	8	AN
1298	Vagina	QLD-BRI-MATER-007	QLD-BRI-MATER-007	8	KN
1299	Vagina	SA-ADEL-WCH-008	SA-ADEL-WCH-008	8	KN
1300	Vagina	QLD-BRI-MATER-010	QLD-BRI-MATER-010	8	KN
1303	Vagina	SA-ADEL-WCH-067	SA-ADEL-WCH-067	8	KN
1305	Vagina	QLD-BRI-MATER-046	QLD-BRI-MATER-046	8	KN
1306	Vagina	QLD-BRI-MATER-067	QLD-BRI-MATER-067	8	KN
1307	Vagina	SA-ADEL-WCH-070	SA-ADEL-WCH-070	8	KN
1309	Vagina	QLD-BRI-MATER-084	QLD-BRI-MATER-084	8	KN
1310	Vagina	QLD-BRI-MATER-026	QLD-BRI-MATER-026	8	KN
1311	Vagina	QLD-BRI-MATER-054	QLD-BRI-MATER-054	8	KN
1312	Vagina	SA-ADEL-WCH-058	SA-ADEL-WCH-058	8	KN
1313	Vagina	NSW-SYD-RHW-040	NSW-SYD-RHW-040	8	KN
1314	Vagina	SA-ADEL-WCH-061	SA-ADEL-WCH-061	8	KN
1315	Vagina	QLD-BRI-MATER-065	QLD-BRI-MATER-065	8	KN
1316	Vagina	QLD-BRI-MATER-068	QLD-BRI-MATER-068	8	KN
1318	Vagina	NSW-SYD-RHW-011	NSW-SYD-RHW-011	8	KN
1321	ControlK	Kit_Blank_Lot157055210	Kit_Blank_Lot157055210	8	KN
1322	Vagina	NSW-SYD-CHW-020	NSW-SYD-CHW-020	8	KN
1324	Vagina	SA-ADEL-WCH-091	SA-ADEL-WCH-091	8	KN
1325	Vagina	WA-PER-PMH-072	WA-PER-PMH-072	8	KN
1327	Vagina	NSW-SYD-RHW-049	NSW-SYD-RHW-049	8	KN
1331	Vagina	NSW-SYD-CHW-037	NSW-SYD-CHW-037	8	KN
1338	Vagina	SA-ADEL-WCH-078	SA-ADEL-WCH-078	8	KN
1340	Vagina	NSW-SYD-CHW-023	NSW-SYD-CHW-023	8	KN
1342	Vagina	QLD-BRI-MATER-097	QLD-BRI-MATER-097	8	KN
1344	Vagina	WA-PER-PMH-077	WA-PER-PMH-077	8	KN
1345	Vagina	QLD-BRI-MATER-091	QLD-BRI-MATER-091	8	KN
1347	Vagina	SA-ADEL-REG-017	SA-ADEL-REG-017	8	KN
1349	Vagina	NSW-SYD-RHW-056	NSW-SYD-RHW-056	8	KN
1351	Vagina	QLD-BRI-MATER-117	QLD-BRI-MATER-117	8	KN
1352	Vagina	WA-PER-PMH-086	WA-PER-PMH-086	8	KN
1354	Vagina	WA-PER-PMH-057	WA-PER-PMH-057	8	KN
1357	Vagina	WA-PER-PMH-082	WA-PER-PMH-082	8	KN
1359	Vagina	VIC-MEL-RMH-065	VIC-MEL-RMH-065	8	AN
1361	Vagina	SA-ADEL-WCH-106	SA-ADEL-WCH-106	8	AN
1362	Vagina	VIC-MEL-RMH-026	VIC-MEL-RMH-026	8	AN
1365	Vagina	VIC-MEL-RMH-078	VIC-MEL-RMH-078	8	AN
1367	Vagina	VIC-MEL-RMH-057	VIC-MEL-RMH-057	8	AN
1369	Vagina	VIC-MEL-RMH-098	VIC-MEL-RMH-098	8	AN
1370	Vagina	VIC-MEL-RMH-052	VIC-MEL-RMH-052	8	AN
1373	Vagina	VIC-MEL-RMH-054	VIC-MEL-RMH-054	8	AN
1375	Vagina	QLD-BRI-MATER-063	QLD-BRI-MATER-063	8	AN
1379	AS	SA-ADEL-WCH-BR	SA-ADEL-WCH-BR	8	AN
1380	AS	SA-ADEL-WCH-MK	SA-ADEL-WCH-MK	8	AN
1381	AS	QLD-BRI-MATER-TB	QLD-BRI-MATER-TB	8	AN
1384	Vagina	WA-PER-PMH-110	WA-PER-PMH-110	8	KN
1389	Vagina	SA-ADEL-WCH-113	SA-ADEL-WCH-113	8	KN
1395	Vagina	WA-PER-PMH-104	WA-PER-PMH-104	8	KN
1397	ControlX	NGB_TEST_B_SWAB	NGB_TEST_B_SWAB	8	KN
1398	ControlX	NGB_TEST_T_SWAB	NGB_TEST_T_SWAB	8	KN
1399	ControlX	GN_TEST_T_SWAB	GN_TEST_T_SWAB	8	KN
1400	ControlX	GN_TEST_B_SWAB	GN_TEST_B_SWAB	8	KN
1401	Special	QC88_SWAB	QC88_SWAB	8	KN
1402	Special	QC88_SWAB	QC88_SWAB	8	KN
1403	Special	QC88_SWAB	QC88_SWAB	8	KN
1404	Control	NSW-SYD-CHW-JB_Background	NSW-SYD-CHW-JB_Background	8	KN
1405	Control	WA-PER-PMH-AT_12-10-2017	WA-PER-PMH-AT_12-10-2017	8	KN
1406	Control	Blank	Blank	8	AN
1407	AS	SA-ADEL-WCH-AG	SA-ADEL-WCH-AG	8	AN
1408	AS	QLD-BRI-MATER-TB	QLD-BRI-MATER-TB	8	AN
1409	Control	Blank	Blank	8	AN
1410	AS	WA-PER-PMH-AT	WA-PER-PMH-AT	8	AN
1411	AS	VIC-GEE-BH	VIC-GEE-BH	8	AN
1412	AS	SA-ADEL-WCH-MK	SA-ADEL-WCH-MK	8	AN
1413	AS	WA-PER-PMH-AR	WA-PER-PMH-AR	8	AN
1414	AS	SA-ADEL-WCH-REG-SB	SA-ADEL-WCH-REG-SB	8	AN
1415	ControlK	Kit_Blank	Kit_Blank	8	AN
1416	AS	RMH-ST	RMH-ST	8	AN
1417	AS	SA-ADEL-WCH-BR	SA-ADEL-WCH-BR	8	AN
1418	Control	Blank	Blank	8	AN
1419	AS	WA-PER-PMH-AR	WA-PER-PMH-AR	8	AN
1420	Control	RMH_Blank	RMH_Blank	8	AN
1421	AS	SA-ADEL-WCH-AG	SA-ADEL-WCH-AG	8	AN
1422	Control	Blank	Blank	8	AN
1423	AS	NSW-SYD-CHW-JB	NSW-SYD-CHW-JB	8	AN
1424	Control	Blank	Blank	8	AN
1425	AS	RMH-ST	RMH-ST	8	AN
1426	AS	VIC-GEE-BH	VIC-GEE-BH	8	AN
1427	Control	Blank	Blank	8	AN
1428	AS	SA-ADEL-WCH-REG-SB	SA-ADEL-WCH-REG-SB	8	AN
1262rep2	Vagina	SA-ADEL-WCH-055rep2	SA-ADEL-WCH-055	8	AN
1263rep2	Vagina	SA-ADEL-WCH-029rep2	SA-ADEL-WCH-029	8	AN
1264rep2	Vagina	SA-ADEL-WCH-011rep2	SA-ADEL-WCH-011	8	AN
1265rep2	Vagina	SA-ADEL-WCH-044rep2	SA-ADEL-WCH-044	8	AN
1266rep2	Vagina	SA-ADEL-WCH-049rep2	SA-ADEL-WCH-049	8	AN
1267rep2	Vagina	WA-PER-PMH-043rep2	WA-PER-PMH-043	8	AN
1268rep2	Vagina	SA-ADEL-WCH-040rep2	SA-ADEL-WCH-040	8	AN
1269rep2	Vagina	SA-ADEL-WCH-034rep2	SA-ADEL-WCH-034	8	AN
1272rep2	Vagina	WA-PER-PMH-047rep2	WA-PER-PMH-047	8	AN
1274rep2	Vagina	WA-PER-PMH-046rep2	WA-PER-PMH-046	8	KN
1275rep2	Vagina	SA-ADEL-WCH-024rep2	SA-ADEL-WCH-024	8	KN
1276rep2	Vagina	SA-ADEL-WCH-025rep2	SA-ADEL-WCH-025	8	KN
1277rep2	Vagina	SA-ADEL-WCH-010rep2	SA-ADEL-WCH-010	8	KN
1279rep2	Vagina	SA-ADEL-WCH-022rep2	SA-ADEL-WCH-022	8	KN
1282rep2	Vagina	SA-ADEL-WCH-001rep2	SA-ADEL-WCH-001	8	KN
1283rep2	Vagina	VIC-MEL-RMH-017rep2	VIC-MEL-RMH-017	8	KN
1285rep2	Vagina	SA-ADEL-WCH-042rep2	SA-ADEL-WCH-042	8	KN
1286rep2	Vagina	QLD-BRI-MATER-045rep2	QLD-BRI-MATER-045	8	AN
1287rep2	Vagina	SA-ADEL-WCH-020rep2	SA-ADEL-WCH-020	8	AN
1288rep2	Vagina	WA-PER-PMH-025rep2	WA-PER-PMH-025	8	AN
1289rep2	Vagina	SA-ADEL-WCH-072rep2	SA-ADEL-WCH-072	8	AN
1291rep2	Vagina	WA-PER-PMH-015rep2	WA-PER-PMH-015	8	AN
1292rep2	Vagina	QLD-BRI-MATER-079-080rep2	QLD-BRI-MATER-079-080	8	AN
1293rep2	Vagina	WA-PER-PMH-014rep2	WA-PER-PMH-014	8	AN
1294rep2	Vagina	WA-PER-PMH-054rep2	WA-PER-PMH-054	8	AN
1295rep2	Vagina	SA-ADEL-WCH-002rep2	SA-ADEL-WCH-002	8	AN
1296rep2	Vagina	QLD-BRI-MATER-006rep2	QLD-BRI-MATER-006	8	AN
1297rep2	Vagina	SA-ADEL-WCH-035rep2	SA-ADEL-WCH-035	8	AN
1298rep2	Vagina	QLD-BRI-MATER-007rep2	QLD-BRI-MATER-007	8	KN
1299rep2	Vagina	SA-ADEL-WCH-008rep2	SA-ADEL-WCH-008	8	KN
1300rep2	Vagina	QLD-BRI-MATER-010rep2	QLD-BRI-MATER-010	8	KN
1303rep2	Vagina	SA-ADEL-WCH-067rep2	SA-ADEL-WCH-067	8	KN
1305rep2	Vagina	QLD-BRI-MATER-046rep2	QLD-BRI-MATER-046	8	KN
1306rep2	Vagina	QLD-BRI-MATER-067rep2	QLD-BRI-MATER-067	8	KN
1307rep2	Vagina	SA-ADEL-WCH-070rep2	SA-ADEL-WCH-070	8	KN
1309rep2	Vagina	QLD-BRI-MATER-084rep2	QLD-BRI-MATER-084	8	KN
1310rep2	Vagina	QLD-BRI-MATER-026rep2	QLD-BRI-MATER-026	8	KN
1311rep2	Vagina	QLD-BRI-MATER-054rep2	QLD-BRI-MATER-054	8	KN
1312rep2	Vagina	SA-ADEL-WCH-058rep2	SA-ADEL-WCH-058	8	KN
1313rep2	Vagina	NSW-SYD-RHW-040rep2	NSW-SYD-RHW-040	8	KN
1314rep2	Vagina	SA-ADEL-WCH-061rep2	SA-ADEL-WCH-061	8	KN
1315rep2	Vagina	QLD-BRI-MATER-065rep2	QLD-BRI-MATER-065	8	KN
1316rep2	Vagina	QLD-BRI-MATER-068rep2	QLD-BRI-MATER-068	8	KN
1318rep2	Vagina	NSW-SYD-RHW-011rep2	NSW-SYD-RHW-011	8	KN
1321rep2	ControlK	Kit_Blank_Lot157055210rep2	Kit_Blank_Lot157055210	8	KN
1322rep2	Vagina	NSW-SYD-CHW-020rep2	NSW-SYD-CHW-020	8	KN
1324rep2	Vagina	SA-ADEL-WCH-091rep2	SA-ADEL-WCH-091	8	KN
1325rep2	Vagina	WA-PER-PMH-072rep2	WA-PER-PMH-072	8	KN
1327rep2	Vagina	NSW-SYD-RHW-049rep2	NSW-SYD-RHW-049	8	KN
1331rep2	Vagina	NSW-SYD-CHW-037rep2	NSW-SYD-CHW-037	8	KN
1338rep2	Vagina	SA-ADEL-WCH-078rep2	SA-ADEL-WCH-078	8	KN
1340rep2	Vagina	NSW-SYD-CHW-023rep2	NSW-SYD-CHW-023	8	KN
1342rep2	Vagina	QLD-BRI-MATER-097rep2	QLD-BRI-MATER-097	8	KN
1344rep2	Vagina	WA-PER-PMH-077rep2	WA-PER-PMH-077	8	KN
1345rep2	Vagina	QLD-BRI-MATER-091rep2	QLD-BRI-MATER-091	8	KN
1347rep2	Vagina	SA-ADEL-REG-017rep2	SA-ADEL-REG-017	8	KN
1349rep2	Vagina	NSW-SYD-RHW-056rep2	NSW-SYD-RHW-056	8	KN
1351rep2	Vagina	QLD-BRI-MATER-117rep2	QLD-BRI-MATER-117	8	KN
1352rep2	Vagina	WA-PER-PMH-086rep2	WA-PER-PMH-086	8	KN
1354rep2	Vagina	WA-PER-PMH-057rep2	WA-PER-PMH-057	8	KN
1355rep2	Vagina	WA-PER-PMH-060rep2	WA-PER-PMH-060	8	KN
1357rep2	Vagina	WA-PER-PMH-082rep2	WA-PER-PMH-082	8	KN
1359rep2	Vagina	VIC-MEL-RMH-065rep2	VIC-MEL-RMH-065	8	AN
1361rep2	Vagina	SA-ADEL-WCH-106rep2	SA-ADEL-WCH-106	8	AN
1362rep2	Vagina	VIC-MEL-RMH-026rep2	VIC-MEL-RMH-026	8	AN
1365rep2	Vagina	VIC-MEL-RMH-078rep2	VIC-MEL-RMH-078	8	AN
1367rep2	Vagina	VIC-MEL-RMH-057rep2	VIC-MEL-RMH-057	8	AN
1369rep2	Vagina	VIC-MEL-RMH-098rep2	VIC-MEL-RMH-098	8	AN
1370rep2	Vagina	VIC-MEL-RMH-052rep2	VIC-MEL-RMH-052	8	AN
1373rep2	Vagina	VIC-MEL-RMH-054rep2	VIC-MEL-RMH-054	8	AN
1375rep2	Vagina	QLD-BRI-MATER-063rep2	QLD-BRI-MATER-063	8	AN
1379rep2	AS	SA-ADEL-WCH-BRrep2	SA-ADEL-WCH-BR	8	AN
1380rep2	AS	SA-ADEL-WCH-MKrep2	SA-ADEL-WCH-MK	8	AN
1381rep2	AS	QLD-BRI-MATER-TBrep2	QLD-BRI-MATER-TB	8	AN
1384rep2	Vagina	WA-PER-PMH-110rep2	WA-PER-PMH-110	8	KN
1389rep2	Vagina	SA-ADEL-WCH-113rep2	SA-ADEL-WCH-113	8	KN
1394rep2	Vagina	NSW-SYD-RHW-061rep2	NSW-SYD-RHW-061	8	KN
1395rep2	Vagina	WA-PER-PMH-104rep2	WA-PER-PMH-104	8	KN
1397rep2	ControlX	NGB_TEST_B_SWABrep2	NGB_TEST_B_SWAB	8	KN
1398rep2	ControlX	NGB_TEST_T_SWABrep2	NGB_TEST_T_SWAB	8	KN
1399rep2	ControlX	GN_TEST_T_SWABrep2	GN_TEST_T_SWAB	8	KN
1400rep2	ControlX	GN_TEST_B_SWABrep2	GN_TEST_B_SWAB	8	KN
1401rep2	Special	QC88_SWABrep2	QC88_SWAB	8	KN
1402rep2	Special	QC88_SWABrep2	QC88_SWAB	8	KN
1403rep2	Special	QC88_SWABrep2	QC88_SWAB	8	KN
1404rep2	Control	NSW-SYD-CHW-JB_Backgroundrep2	NSW-SYD-CHW-JB_Background	8	KN
1405rep2	Control	WA-PER-PMH-AT_12-10-2017rep2	WA-PER-PMH-AT_12-10-2017	8	KN
1406rep2	Control	Blankrep2	Blank	8	AN
1407rep2	AS	SA-ADEL-WCH-AGrep2	SA-ADEL-WCH-AG	8	AN
1408rep2	AS	QLD-BRI-MATER-TBrep2	QLD-BRI-MATER-TB	8	AN
1409rep2	Control	Blankrep2	Blank	8	AN
1410rep2	AS	WA-PER-PMH-ATrep2	WA-PER-PMH-AT	8	AN
1411rep2	AS	VIC-GEE-BHrep2	VIC-GEE-BH	8	AN
1412rep2	AS	SA-ADEL-WCH-MKrep2	SA-ADEL-WCH-MK	8	AN
1413rep2	AS	WA-PER-PMH-ARrep2	WA-PER-PMH-AR	8	AN
1414rep2	AS	SA-ADEL-WCH-REG-SBrep2	SA-ADEL-WCH-REG-SB	8	AN
1415rep2	ControlK	Kit_Blankrep2	Kit_Blank	8	AN
1416rep2	AS	RMH-STrep2	RMH-ST	8	AN
1417rep2	AS	SA-ADEL-WCH-BRrep2	SA-ADEL-WCH-BR	8	AN
1418rep2	Control	Blankrep2	Blank	8	AN
1419rep2	AS	WA-PER-PMH-ARrep2	WA-PER-PMH-AR	8	AN
1420rep2	Control	RMH_Blankrep2	RMH_Blank	8	AN
1421rep2	AS	SA-ADEL-WCH-AGrep2	SA-ADEL-WCH-AG	8	AN
1422rep2	Control	Blankrep2	Blank	8	AN
1423rep2	AS	NSW-SYD-CHW-JBrep2	NSW-SYD-CHW-JB	8	AN
1424rep2	Control	Blankrep2	Blank	8	AN
1425rep2	AS	RMH-STrep2	RMH-ST	8	AN
1426rep2	AS	VIC-GEE-BHrep2	VIC-GEE-BH	8	AN
1427rep2	Control	Blankrep2	Blank	8	AN
1428rep2	AS	SA-ADEL-WCH-REG-SBrep2	SA-ADEL-WCH-REG-SB	8	AN
H2O1	ControlH	Water_control_for_16PCR2_plate_1	Water_control_for_16PCR2_plate_1	8	
H2O1rep2	ControlH	Water_control_for_16PCR2_plate_1rep2	Water_control_for_16PCR2_plate_1	8	
H2O2	ControlH	Water_control_for_16PCR2_plate_2	Water_control_for_16PCR2_plate_2	8	
H2O2rep2	ControlH	Water_control_for_16PCR2_plate_2rep2	Water_control_for_16PCR2_plate_2	8	
H2O3	ControlH	Water_control_for_16PCR2_plate_2	Water_control_for_16PCR2_plate_2	8	
H2O3rep2	ControlH	Water_control_for_16PCR2_plate_2rep2	Water_control_for_16PCR2_plate_2	8	
Hui1	Naiara	VBDR_898_Act-CD4	VBDR_898_Act-CD4	8	Samples for Naiara
Hui2	naiara	VBDR_898_Act-CD4_-_NaBu	VBDR_898_Act-CD4_-_NaBu	8	Samples for Naiara
Hui3	naiara	VBDR_921_na誰ve_CD4	VBDR_921_na誰ve_CD4	8	Samples for Naiara
Hui4	naiara	VBDR_921_Act-CD4	VBDR_921_Act-CD4	8	Samples for Naiara
Hui5	naiara	VBDR_921_Act-CD4_-_NaBu	VBDR_921_Act-CD4_-_NaBu	8	Samples for Naiara
Hui6	naiara	VBDR_869_na誰ve_CD4	VBDR_869_na誰ve_CD4	8	Samples for Naiara
Hui7	naiara	VBDR_869_Act-CD4	VBDR_869_Act-CD4	8	Samples for Naiara
Hui8	naiara	Vbdr_869_Act-CD4_-_NaBu	Vbdr_869_Act-CD4_-_NaBu	8	Samples for Naiara
NTC1	ControlN	No_template_control_for_16SPCR1	No_template_control_for_16SPCR1	8	
NTC1rep2	ControlN	No_template_control_for_16SPCR1rep2	No_template_control_for_16SPCR1	8	
NTC2	ControlN	No_template_control_for_16SPCR1.1	No_template_control_for_16SPCR1.1	8	
NTC2rep2	ControlN	No_template_control_for_16SPCR1.1rep2	No_template_control_for_16SPCR1.1	8	
NTC3	ControlN	No_template_control_for_16SPCR1	No_template_control_for_16SPCR1	8	
NTC3rep2	ControlN	No_template_control_for_16SPCR1rep2	No_template_control_for_16SPCR1	8	
Std11	Mock	ZR_Microbial_DNA_Standard_1ng	ZR_Microbial_DNA_Standard_1ng	8	
Std11rep2	Mock	ZR_Microbial_DNA_Standard_1ngrep2	ZR_Microbial_DNA_Standard_1ng	8	
Std51	Mock	ZR_Microbial_DNA_Standard_5ng	ZR_Microbial_DNA_Standard_5ng	8	
Std51rep2	Mock	ZR_Microbial_DNA_Standard_5ngrep2	ZR_Microbial_DNA_Standard_5ng	8	
Std52	Mock	ZR_Microbial_DNA_Standard_5ng	ZR_Microbial_DNA_Standard_5ng	8	
Std52rep2	Mock	ZR_Microbial_DNA_Standard_5ngrep2	ZR_Microbial_DNA_Standard_5ng	8	
1271	Vagina	WA-PER-PMH-044	WA-PER-PMH-044	8	AN
1273	Vagina	WA-PER-PMH-036	WA-PER-PMH-036	8	AN
1278	Vagina	VIC-MEL-RMH-018	VIC-MEL-RMH-018	8	KN
1280	Vagina	WA-PER-PMH-024	WA-PER-PMH-024	8	KN
1281	Vagina	WA-PER-PMH-025	WA-PER-PMH-025	8	KN
1301	Vagina	SA-ADEL-WCH-006	SA-ADEL-WCH-006	8	KN
1302	Vagina	QLD-BRI-MATER-062	QLD-BRI-MATER-062	8	KN
1308	Vagina	SA-ADEL-REG-021	SA-ADEL-REG-021	8	KN
1317	Vagina	NSW-SYD-STG-005-006	NSW-SYD-STG-005-006	8	KN
1319	Vagina	SA-ADEL-WCH-098	SA-ADEL-WCH-098	8	KN
1320	Vagina	NSW-SYD-CHW-013	NSW-SYD-CHW-013	8	KN
1323	Vagina	WA-PER-PMH-081	WA-PER-PMH-081	8	KN
1328	Vagina	NSW-SYD-CHW-034	NSW-SYD-CHW-034	8	KN
1333	Vagina	NSW-SYD-STG-009	NSW-SYD-STG-009	8	KN
1336	Vagina	WA-PER-PMH-068	WA-PER-PMH-068	8	KN
1339	Vagina	VIC-MEL-RMH-022	VIC-MEL-RMH-022	8	KN
1341	Vagina	WA-PER-PMH-074	WA-PER-PMH-074	8	KN
1346	Vagina	SA-ADEL-REG-010	SA-ADEL-REG-010	8	KN
1350	Vagina	WA-PER-PMH-087	WA-PER-PMH-087	8	KN
1353	Vagina	QLD-BRI-MATER-128	QLD-BRI-MATER-128	8	KN
1356	Vagina	QLD-BRI-MATER-107	QLD-BRI-MATER-107	8	KN
1358	Vagina	VIC-MEL-RMH-080	VIC-MEL-RMH-080	8	AN
1363	Vagina	SA-ADEL-WCH-103	SA-ADEL-WCH-103	8	AN
1364	Vagina	VIC-MEL-RMH-051	VIC-MEL-RMH-051	8	AN
1371	Vagina	VIC-MEL-RMH-048	VIC-MEL-RMH-048	8	AN
1372	Vagina	QLD-BRI-MATER-096	QLD-BRI-MATER-096	8	AN
1383	Vagina	WA-PER-PMH-089	WA-PER-PMH-089	8	KN
1386	Vagina	SA-ADEL-WCH-108	SA-ADEL-WCH-108	8	KN
1396	Vagina	NSW-SYD-CHW-028	NSW-SYD-CHW-028	8	KN
1271rep2	Vagina	WA-PER-PMH-044rep2	WA-PER-PMH-044	8	AN
1273rep2	Vagina	WA-PER-PMH-036rep2	WA-PER-PMH-036	8	AN
1278rep2	Vagina	VIC-MEL-RMH-018rep2	VIC-MEL-RMH-018	8	KN
1280rep2	Vagina	WA-PER-PMH-024rep2	WA-PER-PMH-024	8	KN
1281rep2	Vagina	WA-PER-PMH-025rep2	WA-PER-PMH-025	8	KN
1301rep2	Vagina	SA-ADEL-WCH-006rep2	SA-ADEL-WCH-006	8	KN
1302rep2	Vagina	QLD-BRI-MATER-062rep2	QLD-BRI-MATER-062	8	KN
1308rep2	Vagina	SA-ADEL-REG-021rep2	SA-ADEL-REG-021	8	KN
1317rep2	Vagina	NSW-SYD-STG-005-006rep2	NSW-SYD-STG-005-006	8	KN
1319rep2	Vagina	SA-ADEL-WCH-098rep2	SA-ADEL-WCH-098	8	KN
1320rep2	Vagina	NSW-SYD-CHW-013rep2	NSW-SYD-CHW-013	8	KN
1323rep2	Vagina	WA-PER-PMH-081rep2	WA-PER-PMH-081	8	KN
1328rep2	Vagina	NSW-SYD-CHW-034rep2	NSW-SYD-CHW-034	8	KN
1333rep2	Vagina	NSW-SYD-STG-009rep2	NSW-SYD-STG-009	8	KN
1336rep2	Vagina	WA-PER-PMH-068rep2	WA-PER-PMH-068	8	KN
1339rep2	Vagina	VIC-MEL-RMH-022rep2	VIC-MEL-RMH-022	8	KN
1341rep2	Vagina	WA-PER-PMH-074rep2	WA-PER-PMH-074	8	KN
1346rep2	Vagina	SA-ADEL-REG-010rep2	SA-ADEL-REG-010	8	KN
1350rep2	Vagina	WA-PER-PMH-087rep2	WA-PER-PMH-087	8	KN
1353rep2	Vagina	QLD-BRI-MATER-128rep2	QLD-BRI-MATER-128	8	KN
1356rep2	Vagina	QLD-BRI-MATER-107rep2	QLD-BRI-MATER-107	8	KN
1358rep2	Vagina	VIC-MEL-RMH-080rep2	VIC-MEL-RMH-080	8	AN
1363rep2	Vagina	SA-ADEL-WCH-103rep2	SA-ADEL-WCH-103	8	AN
1364rep2	Vagina	VIC-MEL-RMH-051rep2	VIC-MEL-RMH-051	8	AN
1371rep2	Vagina	VIC-MEL-RMH-048rep2	VIC-MEL-RMH-048	8	AN
1372rep2	Vagina	QLD-BRI-MATER-096rep2	QLD-BRI-MATER-096	8	AN
1383rep2	Vagina	WA-PER-PMH-089rep2	WA-PER-PMH-089	8	KN
1386rep2	Vagina	SA-ADEL-WCH-108rep2	SA-ADEL-WCH-108	8	KN
1396rep2	Vagina	NSW-SYD-CHW-028rep2	NSW-SYD-CHW-028	8	KN
