#SampleID	BarcodeSequence	LinkerPrimerSequence	ReversePrimer	Sample_Name	Sample_Type	Plate	Position	Forward	Reverse	F	R	Extracted_by	Comments
V2804	GAGCTGAATAAGGCGA	GGACTACNVGGGTWTCTAAT	GTGYCAGCMGCCGCGGTAA	NSW-SYD-RHW-072	Vagina	1	B1	GAGCTGAA	TAAGGCGA	F10	R1	NS	
V2805	GCGAGTAATAAGGCGA	GGACTACNVGGGTWTCTAAT	GTGYCAGCMGCCGCGGTAA	NSW-SYD-CHW-076	Vagina	1	C1	GCGAGTAA	TAAGGCGA	F11	R1	NS	
V2806	TGAAGAGATAAGGCGA	GGACTACNVGGGTWTCTAAT	GTGYCAGCMGCCGCGGTAA	NSW-SYD-CHW-098	Vagina	1	D1	TGAAGAGA	TAAGGCGA	F12	R1	NS	
V2807	TGGTGGTATAAGGCGA	GGACTACNVGGGTWTCTAAT	GTGYCAGCMGCCGCGGTAA	NSW-SYD-RHW-078	Vagina	1	E1	TGGTGGTA	TAAGGCGA	F13	R1	NS	
V2808	TTCACGCATAAGGCGA	GGACTACNVGGGTWTCTAAT	GTGYCAGCMGCCGCGGTAA	NSW-SYD-STG-031	Vagina	1	F1	TTCACGCA	TAAGGCGA	F14	R1	NS	
V2809	AGCACCTCTAAGGCGA	GGACTACNVGGGTWTCTAAT	GTGYCAGCMGCCGCGGTAA	NSW-SYD-STG-029	Vagina	1	G1	AGCACCTC	TAAGGCGA	F15	R1	NS	
V2810	CAAGGAGCTAAGGCGA	GGACTACNVGGGTWTCTAAT	GTGYCAGCMGCCGCGGTAA	QLD-BRI-MATER-001	Vagina	1	H1	CAAGGAGC	TAAGGCGA	F16	R1	NS	
V2896	ATTGGCTCTAAGGCGA	GGACTACNVGGGTWTCTAAT	GTGYCAGCMGCCGCGGTAA	QLD-BRI-MATER-172	Vagina	2	A1	ATTGGCTC	TAAGGCGA	F17	R1	EB	
V2897	CACCTTACTAAGGCGA	GGACTACNVGGGTWTCTAAT	GTGYCAGCMGCCGCGGTAA	QLD-BRI-MATER-175	Vagina	2	B1	CACCTTAC	TAAGGCGA	F18	R1	EB	
V2898	CTAAGGTCTAAGGCGA	GGACTACNVGGGTWTCTAAT	GTGYCAGCMGCCGCGGTAA	QLD-BRI-MATER-183	Vagina	2	C1	CTAAGGTC	TAAGGCGA	F19	R1	EB	
V2899	GAACAGGCTAAGGCGA	GGACTACNVGGGTWTCTAAT	GTGYCAGCMGCCGCGGTAA	QLD-BRI-MATER-181	Vagina	2	D1	GAACAGGC	TAAGGCGA	F20	R1	KN	
V2900	CCGTGAGATAAGGCGA	GGACTACNVGGGTWTCTAAT	GTGYCAGCMGCCGCGGTAA	SA-ADEL-REG-066	Vagina	2	E1	CCGTGAGA	TAAGGCGA	F21	R1	KN	
V2901	CCTCCTGATAAGGCGA	GGACTACNVGGGTWTCTAAT	GTGYCAGCMGCCGCGGTAA	SA-ADEL-WCH-118	Vagina	2	F1	CCTCCTGA	TAAGGCGA	F22	R1	KN	
V2902	CGAACTTATAAGGCGA	GGACTACNVGGGTWTCTAAT	GTGYCAGCMGCCGCGGTAA	SA-ADEL-REG-037	Vagina	2	G1	CGAACTTA	TAAGGCGA	F23	R1	KN	No_visible_band_after_2nd_PCR
V2903	CGACTGGATAAGGCGA	GGACTACNVGGGTWTCTAAT	GTGYCAGCMGCCGCGGTAA	SA-ADEL-REG-078	Vagina	2	H1	CGACTGGA	TAAGGCGA	F24	R1	KN	
V2803	CCGAAGTATAAGGCGA	GGACTACNVGGGTWTCTAAT	GTGYCAGCMGCCGCGGTAA	NSW-SYD-RHW-074	Vagina	1	A1	CCGAAGTA	TAAGGCGA	F9	R1	NS	
V2876	GAGCTGAACGAGGCTG	GGACTACNVGGGTWTCTAAT	GTGYCAGCMGCCGCGGTAA	VIC-MEL-RMH-046	Vagina	1	B10	GAGCTGAA	CGAGGCTG	F10	R10	EB	
V2877	GCGAGTAACGAGGCTG	GGACTACNVGGGTWTCTAAT	GTGYCAGCMGCCGCGGTAA	VIC-MEL-RMH-032	Vagina	1	C10	GCGAGTAA	CGAGGCTG	F11	R10	EB	
V2878	TGAAGAGACGAGGCTG	GGACTACNVGGGTWTCTAAT	GTGYCAGCMGCCGCGGTAA	VIC-MEL-RMH-012	Vagina	1	D10	TGAAGAGA	CGAGGCTG	F12	R10	EB	
V2879	TGGTGGTACGAGGCTG	GGACTACNVGGGTWTCTAAT	GTGYCAGCMGCCGCGGTAA	VIC-MEL-RMH-072	Vagina	1	E10	TGGTGGTA	CGAGGCTG	F13	R10	EB	
V2880	TTCACGCACGAGGCTG	GGACTACNVGGGTWTCTAAT	GTGYCAGCMGCCGCGGTAA	VIC-MEL-RMH-122	Vagina	1	F10	TTCACGCA	CGAGGCTG	F14	R10	EB	
V2881	AGCACCTCCGAGGCTG	GGACTACNVGGGTWTCTAAT	GTGYCAGCMGCCGCGGTAA	VIC-MEL-RMH-113	Vagina	1	G10	AGCACCTC	CGAGGCTG	F15	R10	EB	
V2882	CAAGGAGCCGAGGCTG	GGACTACNVGGGTWTCTAAT	GTGYCAGCMGCCGCGGTAA	VIC-MEL-RMH-108	Vagina	1	H10	CAAGGAGC	CGAGGCTG	F16	R10	EB	
V2968	ATTGGCTCCGAGGCTG	GGACTACNVGGGTWTCTAAT	GTGYCAGCMGCCGCGGTAA	WA-PER-PMH-062	Vagina	2	A10	ATTGGCTC	CGAGGCTG	F17	R10	NS	
V2969	CACCTTACCGAGGCTG	GGACTACNVGGGTWTCTAAT	GTGYCAGCMGCCGCGGTAA	WA-PER-PMH-073	Vagina	2	B10	CACCTTAC	CGAGGCTG	F18	R10	NS	
V2970	CTAAGGTCCGAGGCTG	GGACTACNVGGGTWTCTAAT	GTGYCAGCMGCCGCGGTAA	WA-PER-PMH-067	Vagina	2	C10	CTAAGGTC	CGAGGCTG	F19	R10	NS	
V2971	GAACAGGCCGAGGCTG	GGACTACNVGGGTWTCTAAT	GTGYCAGCMGCCGCGGTAA	WA-PER-PMH-095	Vagina	2	D10	GAACAGGC	CGAGGCTG	F20	R10	NS	
V2972	CCGTGAGACGAGGCTG	GGACTACNVGGGTWTCTAAT	GTGYCAGCMGCCGCGGTAA	NSW-SYD-CHW-044	Vagina	2	E10	CCGTGAGA	CGAGGCTG	F21	R10	NS	
V2973	CCTCCTGACGAGGCTG	GGACTACNVGGGTWTCTAAT	GTGYCAGCMGCCGCGGTAA	NSW-SYD-RHW-059	Vagina	2	F10	CCTCCTGA	CGAGGCTG	F22	R10	NS	
V2974	CGAACTTACGAGGCTG	GGACTACNVGGGTWTCTAAT	GTGYCAGCMGCCGCGGTAA	NSW-SYD-CHW-053	Vagina	2	G10	CGAACTTA	CGAGGCTG	F23	R10	NS	
V2975	CGACTGGACGAGGCTG	GGACTACNVGGGTWTCTAAT	GTGYCAGCMGCCGCGGTAA	NSW-SYD-STG-026	Vagina	2	H10	CGACTGGA	CGAGGCTG	F24	R10	NS	
V2875	CCGAAGTACGAGGCTG	GGACTACNVGGGTWTCTAAT	GTGYCAGCMGCCGCGGTAA	VIC-MEL-RMH-050	Vagina	1	A10	CCGAAGTA	CGAGGCTG	F9	R10	EB	
V2884	GAGCTGAAAAGAGGCA	GGACTACNVGGGTWTCTAAT	GTGYCAGCMGCCGCGGTAA	WA-PER-PMH-097	Vagina	1	B11	GAGCTGAA	AAGAGGCA	F10	R11	EB	
V2885	GCGAGTAAAAGAGGCA	GGACTACNVGGGTWTCTAAT	GTGYCAGCMGCCGCGGTAA	WA-PER-PMH-094	Vagina	1	C11	GCGAGTAA	AAGAGGCA	F11	R11	EB	
V2886	TGAAGAGAAAGAGGCA	GGACTACNVGGGTWTCTAAT	GTGYCAGCMGCCGCGGTAA	WA-PER-PMH-101	Vagina	1	D11	TGAAGAGA	AAGAGGCA	F12	R11	EB	
V2887	TGGTGGTAAAGAGGCA	GGACTACNVGGGTWTCTAAT	GTGYCAGCMGCCGCGGTAA	WA-PER-PMH-111	Vagina	1	E11	TGGTGGTA	AAGAGGCA	F13	R11	EB	
V2888	TTCACGCAAAGAGGCA	GGACTACNVGGGTWTCTAAT	GTGYCAGCMGCCGCGGTAA	WA-PER-PMH-106	Vagina	1	F11	TTCACGCA	AAGAGGCA	F14	R11	EB	
V2889	AGCACCTCAAGAGGCA	GGACTACNVGGGTWTCTAAT	GTGYCAGCMGCCGCGGTAA	NSW-SYD-CHW-063	Vagina	1	G11	AGCACCTC	AAGAGGCA	F15	R11	EB	
V2890	CAAGGAGCAAGAGGCA	GGACTACNVGGGTWTCTAAT	GTGYCAGCMGCCGCGGTAA	NSW-SYD-CHW-084	Vagina	1	H11	CAAGGAGC	AAGAGGCA	F16	R11	EB	
V2976	ATTGGCTCAAGAGGCA	GGACTACNVGGGTWTCTAAT	GTGYCAGCMGCCGCGGTAA	NSW-SYD-CHW-060	Vagina	2	A11	ATTGGCTC	AAGAGGCA	F17	R11	NS	
V2977	CACCTTACAAGAGGCA	GGACTACNVGGGTWTCTAAT	GTGYCAGCMGCCGCGGTAA	NSW-SYD-CHW-070	Vagina	2	B11	CACCTTAC	AAGAGGCA	F18	R11	NS	No_visible_band_after_2nd_PCR
V2978	CTAAGGTCAAGAGGCA	GGACTACNVGGGTWTCTAAT	GTGYCAGCMGCCGCGGTAA	QLD-BRI-MATER-149	Vagina	2	C11	CTAAGGTC	AAGAGGCA	F19	R11	NS	No_visible_band_after_2nd_PCR
V2979	GAACAGGCAAGAGGCA	GGACTACNVGGGTWTCTAAT	GTGYCAGCMGCCGCGGTAA	QLD-BRI-MATER-129	Vagina	2	D11	GAACAGGC	AAGAGGCA	F20	R11	NS	
V2980	CCGTGAGAAAGAGGCA	GGACTACNVGGGTWTCTAAT	GTGYCAGCMGCCGCGGTAA	QLD-BRI-MATER-143	Vagina	2	E11	CCGTGAGA	AAGAGGCA	F21	R11	NS	No_visible_band_after_2nd_PCR
V2981	CCTCCTGAAAGAGGCA	GGACTACNVGGGTWTCTAAT	GTGYCAGCMGCCGCGGTAA	QLD-BRI-MATER-156	Vagina	2	F11	CCTCCTGA	AAGAGGCA	F22	R11	NS	
V2982	CGAACTTAAAGAGGCA	GGACTACNVGGGTWTCTAAT	GTGYCAGCMGCCGCGGTAA	QLD-BRI-MATER-179	Vagina	2	G11	CGAACTTA	AAGAGGCA	F23	R11	NS	
V2983	CGACTGGAAAGAGGCA	GGACTACNVGGGTWTCTAAT	GTGYCAGCMGCCGCGGTAA	SA-ADEL-WCH-101	Vagina	2	H11	CGACTGGA	AAGAGGCA	F24	R11	NS	
V2883	CCGAAGTAAAGAGGCA	GGACTACNVGGGTWTCTAAT	GTGYCAGCMGCCGCGGTAA	WA-PER-PMH-093	Vagina	1	A11	CCGAAGTA	AAGAGGCA	F9	R11	EB	
V2892	GAGCTGAAGTAGAGGA	GGACTACNVGGGTWTCTAAT	GTGYCAGCMGCCGCGGTAA	QLD-BRI-MATER-163	Vagina	1	B12	GAGCTGAA	GTAGAGGA	F10	R12	EB	
V2893	GCGAGTAAGTAGAGGA	GGACTACNVGGGTWTCTAAT	GTGYCAGCMGCCGCGGTAA	QLD-BRI-MATER-142	Vagina	1	C12	GCGAGTAA	GTAGAGGA	F11	R12	EB	
V2895	TGGTGGTAGTAGAGGA	GGACTACNVGGGTWTCTAAT	GTGYCAGCMGCCGCGGTAA	QLD-BRI-MATER-169	Vagina	1	E12	TGGTGGTA	GTAGAGGA	F13	R12	EB	
VH2O1	TTCACGCAGTAGAGGA	GGACTACNVGGGTWTCTAAT	GTGYCAGCMGCCGCGGTAA	Water_Control_for_16S_PCR2	Blank	1	F12	TTCACGCA	GTAGAGGA	F14	R12		
VZRStd1	AGCACCTCGTAGAGGA	GGACTACNVGGGTWTCTAAT	GTGYCAGCMGCCGCGGTAA	ZR_Microbial_DNA_Standard_5ng	Standard	1	G12	AGCACCTC	GTAGAGGA	F15	R12		
VNTC1	CAAGGAGCGTAGAGGA	GGACTACNVGGGTWTCTAAT	GTGYCAGCMGCCGCGGTAA	No_template_control_16S_PCR1	Blank	1	H12	CAAGGAGC	GTAGAGGA	F16	R12		
V2984	ATTGGCTCGTAGAGGA	GGACTACNVGGGTWTCTAAT	GTGYCAGCMGCCGCGGTAA	SA-ADEL-WCH-105	Vagina	2	A12	ATTGGCTC	GTAGAGGA	F17	R12	NS	
V2985	CACCTTACGTAGAGGA	GGACTACNVGGGTWTCTAAT	GTGYCAGCMGCCGCGGTAA	SA-ADEL-WCH-129	Vagina	2	B12	CACCTTAC	GTAGAGGA	F18	R12	NS	
V2986	CTAAGGTCGTAGAGGA	GGACTACNVGGGTWTCTAAT	GTGYCAGCMGCCGCGGTAA	VIC-MEL-RMH-075	Vagina	2	C12	CTAAGGTC	GTAGAGGA	F19	R12	NS	
V2988	CCGTGAGAGTAGAGGA	GGACTACNVGGGTWTCTAAT	GTGYCAGCMGCCGCGGTAA	VIC-MEL-RMH-087	Vagina	2	E12	CCGTGAGA	GTAGAGGA	F21	R12	NS	
VH2O2	CCTCCTGAGTAGAGGA	GGACTACNVGGGTWTCTAAT	GTGYCAGCMGCCGCGGTAA	Water_Control_for_16S_PCR2	Blank	2	F12	CCTCCTGA	GTAGAGGA	F22	R12		
VZRStd2	CGAACTTAGTAGAGGA	GGACTACNVGGGTWTCTAAT	GTGYCAGCMGCCGCGGTAA	ZR_Microbial_DNA_Standard_5ng	Standard	2	G12	CGAACTTA	GTAGAGGA	F23	R12		
VNTC2	CGACTGGAGTAGAGGA	GGACTACNVGGGTWTCTAAT	GTGYCAGCMGCCGCGGTAA	No_template_control_16S_PCR1	Blank	2	H12	CGACTGGA	GTAGAGGA	F24	R12		
V2891	CCGAAGTAGTAGAGGA	GGACTACNVGGGTWTCTAAT	GTGYCAGCMGCCGCGGTAA	Kit_Blank	Blank	1	A12	CCGAAGTA	GTAGAGGA	F9	R12	EB	Faint_band_after_2nd_PCR
V2804rep2	GAGCTGAAATGCCTAA	GGACTACNVGGGTWTCTAAT	GTGYCAGCMGCCGCGGTAA	NSW-SYD-RHW-072_rep2	Vagina	1	B1	GAGCTGAA	ATGCCTAA	F10	R13	NS	
V2805rep2	GCGAGTAAATGCCTAA	GGACTACNVGGGTWTCTAAT	GTGYCAGCMGCCGCGGTAA	NSW-SYD-CHW-076_rep2	Vagina	1	C1	GCGAGTAA	ATGCCTAA	F11	R13	NS	
V2806rep2	TGAAGAGAATGCCTAA	GGACTACNVGGGTWTCTAAT	GTGYCAGCMGCCGCGGTAA	NSW-SYD-CHW-098_rep2	Vagina	1	D1	TGAAGAGA	ATGCCTAA	F12	R13	NS	
V2807rep2	TGGTGGTAATGCCTAA	GGACTACNVGGGTWTCTAAT	GTGYCAGCMGCCGCGGTAA	NSW-SYD-RHW-078_rep2	Vagina	1	E1	TGGTGGTA	ATGCCTAA	F13	R13	NS	
V2808rep2	TTCACGCAATGCCTAA	GGACTACNVGGGTWTCTAAT	GTGYCAGCMGCCGCGGTAA	NSW-SYD-STG-031_rep2	Vagina	1	F1	TTCACGCA	ATGCCTAA	F14	R13	NS	
V2809rep2	AGCACCTCATGCCTAA	GGACTACNVGGGTWTCTAAT	GTGYCAGCMGCCGCGGTAA	NSW-SYD-STG-029_rep2	Vagina	1	G1	AGCACCTC	ATGCCTAA	F15	R13	NS	
V2810rep2	CAAGGAGCATGCCTAA	GGACTACNVGGGTWTCTAAT	GTGYCAGCMGCCGCGGTAA	QLD-BRI-MATER-001_rep2	Vagina	1	H1	CAAGGAGC	ATGCCTAA	F16	R13	NS	
V2896rep2	ATTGGCTCATGCCTAA	GGACTACNVGGGTWTCTAAT	GTGYCAGCMGCCGCGGTAA	QLD-BRI-MATER-172_rep2	Vagina	2	A1	ATTGGCTC	ATGCCTAA	F17	R13	EB	
V2897rep2	CACCTTACATGCCTAA	GGACTACNVGGGTWTCTAAT	GTGYCAGCMGCCGCGGTAA	QLD-BRI-MATER-175_rep2	Vagina	2	B1	CACCTTAC	ATGCCTAA	F18	R13	EB	
V2898rep2	CTAAGGTCATGCCTAA	GGACTACNVGGGTWTCTAAT	GTGYCAGCMGCCGCGGTAA	QLD-BRI-MATER-183_rep2	Vagina	2	C1	CTAAGGTC	ATGCCTAA	F19	R13	EB	
V2899rep2	GAACAGGCATGCCTAA	GGACTACNVGGGTWTCTAAT	GTGYCAGCMGCCGCGGTAA	QLD-BRI-MATER-181_rep2	Vagina	2	D1	GAACAGGC	ATGCCTAA	F20	R13	KN	
V2900rep2	CCGTGAGAATGCCTAA	GGACTACNVGGGTWTCTAAT	GTGYCAGCMGCCGCGGTAA	SA-ADEL-REG-066_rep2	Vagina	2	E1	CCGTGAGA	ATGCCTAA	F21	R13	KN	
V2901rep2	CCTCCTGAATGCCTAA	GGACTACNVGGGTWTCTAAT	GTGYCAGCMGCCGCGGTAA	SA-ADEL-WCH-118_rep2	Vagina	2	F1	CCTCCTGA	ATGCCTAA	F22	R13	KN	
V2902rep2	CGAACTTAATGCCTAA	GGACTACNVGGGTWTCTAAT	GTGYCAGCMGCCGCGGTAA	SA-ADEL-REG-037_rep2	Vagina	2	G1	CGAACTTA	ATGCCTAA	F23	R13	KN	No_visible_band_after_2nd_PCR
V2903rep2	CGACTGGAATGCCTAA	GGACTACNVGGGTWTCTAAT	GTGYCAGCMGCCGCGGTAA	SA-ADEL-REG-078_rep2	Vagina	2	H1	CGACTGGA	ATGCCTAA	F24	R13	KN	
V2803rep2	CCGAAGTAATGCCTAA	GGACTACNVGGGTWTCTAAT	GTGYCAGCMGCCGCGGTAA	NSW-SYD-RHW-074_rep2	Vagina	1	A1	CCGAAGTA	ATGCCTAA	F9	R13	NS	
V2812rep2	GAGCTGAAACGCTCGA	GGACTACNVGGGTWTCTAAT	GTGYCAGCMGCCGCGGTAA	QLD-BRI-MATER-053_rep2	Vagina	1	B2	GAGCTGAA	ACGCTCGA	F10	R14	NS	No_visible_band_after_2nd_PCR
V2813rep2	GCGAGTAAACGCTCGA	GGACTACNVGGGTWTCTAAT	GTGYCAGCMGCCGCGGTAA	QLD-BRI-MATER-088_rep2	Vagina	1	C2	GCGAGTAA	ACGCTCGA	F11	R14	NS	No_visible_band_after_2nd_PCR
V2814rep2	TGAAGAGAACGCTCGA	GGACTACNVGGGTWTCTAAT	GTGYCAGCMGCCGCGGTAA	SA-ADEL-WCH-017_rep2	Vagina	1	D2	TGAAGAGA	ACGCTCGA	F12	R14	NS	
V2815rep2	TGGTGGTAACGCTCGA	GGACTACNVGGGTWTCTAAT	GTGYCAGCMGCCGCGGTAA	SA-ADEL-WCH-023_rep2	Vagina	1	E2	TGGTGGTA	ACGCTCGA	F13	R14	NS	No_visible_band_after_2nd_PCR
V2816rep2	TTCACGCAACGCTCGA	GGACTACNVGGGTWTCTAAT	GTGYCAGCMGCCGCGGTAA	SA-ADEL-WCH-027_rep2	Vagina	1	F2	TTCACGCA	ACGCTCGA	F14	R14	NS	
V2817rep2	AGCACCTCACGCTCGA	GGACTACNVGGGTWTCTAAT	GTGYCAGCMGCCGCGGTAA	SA-ADEL-WCH-037_rep2	Vagina	1	G2	AGCACCTC	ACGCTCGA	F15	R14	NS	
V2818rep2	CAAGGAGCACGCTCGA	GGACTACNVGGGTWTCTAAT	GTGYCAGCMGCCGCGGTAA	SA-ADEL-WCH-045_rep2	Vagina	1	H2	CAAGGAGC	ACGCTCGA	F16	R14	NS	
V2904rep2	ATTGGCTCACGCTCGA	GGACTACNVGGGTWTCTAAT	GTGYCAGCMGCCGCGGTAA	SA-ADEL-WCH-134_rep2	Vagina	2	A2	ATTGGCTC	ACGCTCGA	F17	R14	KN	Very_faint_band_only_after_2nd_PCR
V2905rep2	CACCTTACACGCTCGA	GGACTACNVGGGTWTCTAAT	GTGYCAGCMGCCGCGGTAA	VIC-MEL-RMH-049_rep2	Vagina	2	B2	CACCTTAC	ACGCTCGA	F18	R14	KN	
V2906rep2	CTAAGGTCACGCTCGA	GGACTACNVGGGTWTCTAAT	GTGYCAGCMGCCGCGGTAA	VIC-MEL-RMH-099_rep2	Vagina	2	C2	CTAAGGTC	ACGCTCGA	F19	R14	KN	
V2907rep2	GAACAGGCACGCTCGA	GGACTACNVGGGTWTCTAAT	GTGYCAGCMGCCGCGGTAA	VIC-MEL-RMH-114_rep2	Vagina	2	D2	GAACAGGC	ACGCTCGA	F20	R14	KN	
V2908rep2	CCGTGAGAACGCTCGA	GGACTACNVGGGTWTCTAAT	GTGYCAGCMGCCGCGGTAA	VIC-MEL-RMH-096_rep2	Vagina	2	E2	CCGTGAGA	ACGCTCGA	F21	R14	KN	
V2909rep2	CCTCCTGAACGCTCGA	GGACTACNVGGGTWTCTAAT	GTGYCAGCMGCCGCGGTAA	VIC-MEL-RMH-119_rep2	Vagina	2	F2	CCTCCTGA	ACGCTCGA	F22	R14	KN	
V2910rep2	CGAACTTAACGCTCGA	GGACTACNVGGGTWTCTAAT	GTGYCAGCMGCCGCGGTAA	VIC-MEL-RMH-168_rep2	Vagina	2	G2	CGAACTTA	ACGCTCGA	F23	R14	KN	
V2911rep2	CGACTGGAACGCTCGA	GGACTACNVGGGTWTCTAAT	GTGYCAGCMGCCGCGGTAA	WA-PER-PMH-100_rep2	Vagina	2	H2	CGACTGGA	ACGCTCGA	F24	R14	KN	
V2811rep2	CCGAAGTAACGCTCGA	GGACTACNVGGGTWTCTAAT	GTGYCAGCMGCCGCGGTAA	QLD-BRI-MATER-030_rep2	Vagina	1	A2	CCGAAGTA	ACGCTCGA	F9	R14	NS	
V2820rep2	GAGCTGAAAGTCACTA	GGACTACNVGGGTWTCTAAT	GTGYCAGCMGCCGCGGTAA	SA-ADEL-REG-018_rep2	Vagina	1	B3	GAGCTGAA	AGTCACTA	F10	R15	NS	
V2821rep2	GCGAGTAAAGTCACTA	GGACTACNVGGGTWTCTAAT	GTGYCAGCMGCCGCGGTAA	SA-ADEL-WCH-073_rep2	Vagina	1	C3	GCGAGTAA	AGTCACTA	F11	R15	NS	
V2822rep2	TGAAGAGAAGTCACTA	GGACTACNVGGGTWTCTAAT	GTGYCAGCMGCCGCGGTAA	SA-ADEL-WCH-069_rep2	Vagina	1	D3	TGAAGAGA	AGTCACTA	F12	R15	NS	
V2823rep2	TGGTGGTAAGTCACTA	GGACTACNVGGGTWTCTAAT	GTGYCAGCMGCCGCGGTAA	SA-ADEL-REG-014_rep2	Vagina	1	E3	TGGTGGTA	AGTCACTA	F13	R15	NS	
V2824rep2	TTCACGCAAGTCACTA	GGACTACNVGGGTWTCTAAT	GTGYCAGCMGCCGCGGTAA	VIC-MEL-RMH-009_rep2	Vagina	1	F3	TTCACGCA	AGTCACTA	F14	R15	NS	
V2825rep2	AGCACCTCAGTCACTA	GGACTACNVGGGTWTCTAAT	GTGYCAGCMGCCGCGGTAA	VIC-MEL-RMH-033_rep2	Vagina	1	G3	AGCACCTC	AGTCACTA	F15	R15	NS	
V2826rep2	CAAGGAGCAGTCACTA	GGACTACNVGGGTWTCTAAT	GTGYCAGCMGCCGCGGTAA	WA-PER-PMH-022_rep2	Vagina	1	H3	CAAGGAGC	AGTCACTA	F16	R15	NS	
V2912rep2	ATTGGCTCAGTCACTA	GGACTACNVGGGTWTCTAAT	GTGYCAGCMGCCGCGGTAA	WA-PER-PMH-098_rep2	Vagina	2	A3	ATTGGCTC	AGTCACTA	F17	R15	KN	
V2913rep2	CACCTTACAGTCACTA	GGACTACNVGGGTWTCTAAT	GTGYCAGCMGCCGCGGTAA	WA-PER-PMH-119_rep2	Vagina	2	B3	CACCTTAC	AGTCACTA	F18	R15	KN	
V2914rep2	CTAAGGTCAGTCACTA	GGACTACNVGGGTWTCTAAT	GTGYCAGCMGCCGCGGTAA	WA-PER-PMH-138_rep2	Vagina	2	C3	CTAAGGTC	AGTCACTA	F19	R15	KN	
V2915rep2	GAACAGGCAGTCACTA	GGACTACNVGGGTWTCTAAT	GTGYCAGCMGCCGCGGTAA	SA-ADEL-WCH-156_rep2	Vagina	2	D3	GAACAGGC	AGTCACTA	F20	R15	NS	
V2916rep2	CCGTGAGAAGTCACTA	GGACTACNVGGGTWTCTAAT	GTGYCAGCMGCCGCGGTAA	SA-ADEL-WCH-157_rep2	Vagina	2	E3	CCGTGAGA	AGTCACTA	F21	R15	NS	
V2917rep2	CCTCCTGAAGTCACTA	GGACTACNVGGGTWTCTAAT	GTGYCAGCMGCCGCGGTAA	VIC-MEL-RMH-125_rep2	Vagina	2	F3	CCTCCTGA	AGTCACTA	F22	R15	NS	
V2918rep2	CGAACTTAAGTCACTA	GGACTACNVGGGTWTCTAAT	GTGYCAGCMGCCGCGGTAA	VIC-MEL-RMH-118_rep2	Vagina	2	G3	CGAACTTA	AGTCACTA	F23	R15	NS	
V2919rep2	CGACTGGAAGTCACTA	GGACTACNVGGGTWTCTAAT	GTGYCAGCMGCCGCGGTAA	VIC-MEL-RMH-131_rep2	Vagina	2	H3	CGACTGGA	AGTCACTA	F24	R15	NS	
V2819rep2	CCGAAGTAAGTCACTA	GGACTACNVGGGTWTCTAAT	GTGYCAGCMGCCGCGGTAA	SA-ADEL-REG-001_rep2	Vagina	1	A3	CCGAAGTA	AGTCACTA	F9	R15	NS	
V2828rep2	GAGCTGAAATCCTGTA	GGACTACNVGGGTWTCTAAT	GTGYCAGCMGCCGCGGTAA	WA-PER-PMH-033_rep2	Vagina	1	B4	GAGCTGAA	ATCCTGTA	F10	R16	NS	
V2829rep2	GCGAGTAAATCCTGTA	GGACTACNVGGGTWTCTAAT	GTGYCAGCMGCCGCGGTAA	WA-PER-PMH-040_rep2	Vagina	1	C4	GCGAGTAA	ATCCTGTA	F11	R16	NS	
V2830rep2	TGAAGAGAATCCTGTA	GGACTACNVGGGTWTCTAAT	GTGYCAGCMGCCGCGGTAA	WA-PER-PMH-039_rep2	Vagina	1	D4	TGAAGAGA	ATCCTGTA	F12	R16	NS	
V2831rep2	TGGTGGTAATCCTGTA	GGACTACNVGGGTWTCTAAT	GTGYCAGCMGCCGCGGTAA	WA-PER-PMH-045_rep2	Vagina	1	E4	TGGTGGTA	ATCCTGTA	F13	R16	NS	
V2832rep2	TTCACGCAATCCTGTA	GGACTACNVGGGTWTCTAAT	GTGYCAGCMGCCGCGGTAA	WA-PER-PMH-052_rep2	Vagina	1	F4	TTCACGCA	ATCCTGTA	F14	R16	NS	
V2833rep2	AGCACCTCATCCTGTA	GGACTACNVGGGTWTCTAAT	GTGYCAGCMGCCGCGGTAA	WA-PER-PMH-051_rep2	Vagina	1	G4	AGCACCTC	ATCCTGTA	F15	R16	NS	No_visible_band_after_2nd_PCR
V2834rep2	CAAGGAGCATCCTGTA	GGACTACNVGGGTWTCTAAT	GTGYCAGCMGCCGCGGTAA	WA-PER-PMH-066_rep2	Vagina	1	H5	CAAGGAGC	ATCCTGTA	F16	R16	NS	
V2920rep2	ATTGGCTCATCCTGTA	GGACTACNVGGGTWTCTAAT	GTGYCAGCMGCCGCGGTAA	SA-ADEL-REG-016_rep2	Vagina	2	A4	ATTGGCTC	ATCCTGTA	F17	R16	NS	
V2921rep2	CACCTTACATCCTGTA	GGACTACNVGGGTWTCTAAT	GTGYCAGCMGCCGCGGTAA	NSW-SYD-STG-028_rep2	Vagina	2	B4	CACCTTAC	ATCCTGTA	F18	R16	NS	
V2922rep2	CTAAGGTCATCCTGTA	GGACTACNVGGGTWTCTAAT	GTGYCAGCMGCCGCGGTAA	NSW-SYD-CHW-085_rep2	Vagina	2	C4	CTAAGGTC	ATCCTGTA	F19	R16	NS	No_visible_band_after_2nd_PCR
V2923rep2	GAACAGGCATCCTGTA	GGACTACNVGGGTWTCTAAT	GTGYCAGCMGCCGCGGTAA	NSW-SYD-CHW-093_rep2	Vagina	2	D4	GAACAGGC	ATCCTGTA	F20	R16	NS	
V2924rep2	CCGTGAGAATCCTGTA	GGACTACNVGGGTWTCTAAT	GTGYCAGCMGCCGCGGTAA	NSW-SYD-RHW-077_rep2	Vagina	2	E4	CCGTGAGA	ATCCTGTA	F21	R16	NS	
V2925rep2	CCTCCTGAATCCTGTA	GGACTACNVGGGTWTCTAAT	GTGYCAGCMGCCGCGGTAA	NSW-SYD-CHW-101_rep2	Vagina	2	F4	CCTCCTGA	ATCCTGTA	F22	R16	NS	
V2926rep2	CGAACTTAATCCTGTA	GGACTACNVGGGTWTCTAAT	GTGYCAGCMGCCGCGGTAA	NSW-SYD-CHW-100_rep2	Vagina	2	G4	CGAACTTA	ATCCTGTA	F23	R16	NS	No_visible_band_after_2nd_PCR
V2927rep2	CGACTGGAATCCTGTA	GGACTACNVGGGTWTCTAAT	GTGYCAGCMGCCGCGGTAA	QLD-BRI-MATER-025_rep2	Vagina	2	H4	CGACTGGA	ATCCTGTA	F24	R16	NS	
V2827rep2	CCGAAGTAATCCTGTA	GGACTACNVGGGTWTCTAAT	GTGYCAGCMGCCGCGGTAA	WA-PER-PMH-030_rep2	Vagina	1	A4	CCGAAGTA	ATCCTGTA	F9	R16	NS	
V2836rep2	GAGCTGAACGCATACA	GGACTACNVGGGTWTCTAAT	GTGYCAGCMGCCGCGGTAA	NSW-SYD-CHW-008_rep2	Vagina	1	B5	GAGCTGAA	CGCATACA	F10	R17	EB	
V2837rep2	GCGAGTAACGCATACA	GGACTACNVGGGTWTCTAAT	GTGYCAGCMGCCGCGGTAA	NSW-SYD-RHW-016_rep2	Vagina	1	C5	GCGAGTAA	CGCATACA	F11	R17	EB	
V2838rep2	TGAAGAGACGCATACA	GGACTACNVGGGTWTCTAAT	GTGYCAGCMGCCGCGGTAA	NSW-SYD-CHW-015_rep2	Vagina	1	D5	TGAAGAGA	CGCATACA	F12	R17	EB	
V2839rep2	TGGTGGTACGCATACA	GGACTACNVGGGTWTCTAAT	GTGYCAGCMGCCGCGGTAA	NSW-SYD-RHW-015_rep2	Vagina	1	E5	TGGTGGTA	CGCATACA	F13	R17	EB	
V2840rep2	TTCACGCACGCATACA	GGACTACNVGGGTWTCTAAT	GTGYCAGCMGCCGCGGTAA	NSW-SYD-RHW-044_rep2	Vagina	1	F5	TTCACGCA	CGCATACA	F14	R17	EB	
V2841rep2	AGCACCTCCGCATACA	GGACTACNVGGGTWTCTAAT	GTGYCAGCMGCCGCGGTAA	Kit_Blank_rep2	Blank	1	G5	AGCACCTC	CGCATACA	F15	R17	EB	No_visible_band_after_2nd_PCR
V2842rep2	CAAGGAGCCGCATACA	GGACTACNVGGGTWTCTAAT	GTGYCAGCMGCCGCGGTAA	NSW-SYD-RHW-046_rep2	Vagina	1	H5	CAAGGAGC	CGCATACA	F16	R17	EB	
V2928rep2	ATTGGCTCCGCATACA	GGACTACNVGGGTWTCTAAT	GTGYCAGCMGCCGCGGTAA	QLD-BRI-MATER-057_rep2	Vagina	2	A5	ATTGGCTC	CGCATACA	F17	R17	NS	
V2929rep2	CACCTTACCGCATACA	GGACTACNVGGGTWTCTAAT	GTGYCAGCMGCCGCGGTAA	QLD-BRI-MATER-070_rep2	Vagina	2	B5	CACCTTAC	CGCATACA	F18	R17	NS	
V2930rep2	CTAAGGTCCGCATACA	GGACTACNVGGGTWTCTAAT	GTGYCAGCMGCCGCGGTAA	SA-ADEL-WCH-005_rep2	Vagina	2	C5	CTAAGGTC	CGCATACA	F19	R17	NS	
V2931rep2	GAACAGGCCGCATACA	GGACTACNVGGGTWTCTAAT	GTGYCAGCMGCCGCGGTAA	SA-ADEL-WCH-026_rep2	Vagina	2	D5	GAACAGGC	CGCATACA	F20	R17	NS	
V2932rep2	CCGTGAGACGCATACA	GGACTACNVGGGTWTCTAAT	GTGYCAGCMGCCGCGGTAA	SA-ADEL-WCH-030_rep2	Vagina	2	E5	CCGTGAGA	CGCATACA	F21	R17	NS	No_visible_band_after_2nd_PCR
V2933rep2	CCTCCTGACGCATACA	GGACTACNVGGGTWTCTAAT	GTGYCAGCMGCCGCGGTAA	SA-ADEL-WCH-038_rep2	Vagina	2	F5	CCTCCTGA	CGCATACA	F22	R17	NS	
V2934rep2	CGAACTTACGCATACA	GGACTACNVGGGTWTCTAAT	GTGYCAGCMGCCGCGGTAA	VIC-MEL-RMH-011_rep2	Vagina	2	G5	CGAACTTA	CGCATACA	F23	R17	NS	
V2935rep2	CGACTGGACGCATACA	GGACTACNVGGGTWTCTAAT	GTGYCAGCMGCCGCGGTAA	VIC-MEL-RMH-021_rep2	Vagina	2	H5	CGACTGGA	CGCATACA	F24	R17	NS	
V2835rep2	CCGAAGTACGCATACA	GGACTACNVGGGTWTCTAAT	GTGYCAGCMGCCGCGGTAA	NSW-SYD-STG-001_rep2	Vagina	1	A5	CCGAAGTA	CGCATACA	F9	R17	EB	
V2844rep2	GAGCTGAACTGGCATA	GGACTACNVGGGTWTCTAAT	GTGYCAGCMGCCGCGGTAA	NSW-SYD-RHW-045_rep2	Vagina	1	B6	GAGCTGAA	CTGGCATA	F10	R18	EB	
V2845rep2	GCGAGTAACTGGCATA	GGACTACNVGGGTWTCTAAT	GTGYCAGCMGCCGCGGTAA	NSW-SYD-RHW-053_rep2	Vagina	1	C6	GCGAGTAA	CTGGCATA	F11	R18	EB	
V2846rep2	TGAAGAGACTGGCATA	GGACTACNVGGGTWTCTAAT	GTGYCAGCMGCCGCGGTAA	NSW-SYD-STG-019_rep2	Vagina	1	D6	TGAAGAGA	CTGGCATA	F12	R18	EB	
V2847rep2	TGGTGGTACTGGCATA	GGACTACNVGGGTWTCTAAT	GTGYCAGCMGCCGCGGTAA	NSW-SYD-STG-008_rep2	Vagina	1	E6	TGGTGGTA	CTGGCATA	F13	R18	EB	
V2848rep2	TTCACGCACTGGCATA	GGACTACNVGGGTWTCTAAT	GTGYCAGCMGCCGCGGTAA	NSW-SYD-CHW-033_rep2	Vagina	1	F6	TTCACGCA	CTGGCATA	F14	R18	EB	No_visible_band_after_2nd_PCR
V2849rep2	AGCACCTCCTGGCATA	GGACTACNVGGGTWTCTAAT	GTGYCAGCMGCCGCGGTAA	QLD-BRI-MATER-095_rep2	Vagina	1	G6	AGCACCTC	CTGGCATA	F15	R18	EB	
V2850rep2	CAAGGAGCCTGGCATA	GGACTACNVGGGTWTCTAAT	GTGYCAGCMGCCGCGGTAA	QLD-BRI-MATER-111_rep2	Vagina	1	H6	CAAGGAGC	CTGGCATA	F16	R18	EB	
V2936rep2	ATTGGCTCCTGGCATA	GGACTACNVGGGTWTCTAAT	GTGYCAGCMGCCGCGGTAA	VIC-MEL-RMH-058_rep2	Vagina	2	A6	ATTGGCTC	CTGGCATA	F17	R18	NS	
V2937rep2	CACCTTACCTGGCATA	GGACTACNVGGGTWTCTAAT	GTGYCAGCMGCCGCGGTAA	WA-PER-PMH-006_rep2	Vagina	2	B6	CACCTTAC	CTGGCATA	F18	R18	NS	
V2938rep2	CTAAGGTCCTGGCATA	GGACTACNVGGGTWTCTAAT	GTGYCAGCMGCCGCGGTAA	WA-PER-PMH-008_rep2	Vagina	2	C6	CTAAGGTC	CTGGCATA	F19	R18	NS	
V2939rep2	GAACAGGCCTGGCATA	GGACTACNVGGGTWTCTAAT	GTGYCAGCMGCCGCGGTAA	WA-PER-PMH-013_rep2	Vagina	2	D6	GAACAGGC	CTGGCATA	F20	R18	NS	
V2940rep2	CCGTGAGACTGGCATA	GGACTACNVGGGTWTCTAAT	GTGYCAGCMGCCGCGGTAA	WA-PER-PMH-010_rep2	Vagina	2	E6	CCGTGAGA	CTGGCATA	F21	R18	NS	
V2941rep2	CCTCCTGACTGGCATA	GGACTACNVGGGTWTCTAAT	GTGYCAGCMGCCGCGGTAA	Kit_Blank_rep2	Blank	2	F6	CCTCCTGA	CTGGCATA	F22	R18	NS	
V2942rep2	CGAACTTACTGGCATA	GGACTACNVGGGTWTCTAAT	GTGYCAGCMGCCGCGGTAA	WA-PER-PMH-026_rep2	Vagina	2	G6	CGAACTTA	CTGGCATA	F23	R18	NS	
V2943rep2	CGACTGGACTGGCATA	GGACTACNVGGGTWTCTAAT	GTGYCAGCMGCCGCGGTAA	WA-PER-PMH-061_rep2	Vagina	2	H6	CGACTGGA	CTGGCATA	F24	R18	NS	
V2843rep2	CCGAAGTACTGGCATA	GGACTACNVGGGTWTCTAAT	GTGYCAGCMGCCGCGGTAA	NSW-SYD-RHW-050_rep2	Vagina	1	A6	CCGAAGTA	CTGGCATA	F9	R18	EB	
V2852rep2	GAGCTGAAGATAGACA	GGACTACNVGGGTWTCTAAT	GTGYCAGCMGCCGCGGTAA	SA-ADEL-WCH-095_rep2	Vagina	1	B7	GAGCTGAA	GATAGACA	F10	R19	EB	
V2853rep2	GCGAGTAAGATAGACA	GGACTACNVGGGTWTCTAAT	GTGYCAGCMGCCGCGGTAA	SA-ADEL-REG-026_rep2	Vagina	1	C7	GCGAGTAA	GATAGACA	F11	R19	EB	
V2854rep2	TGAAGAGAGATAGACA	GGACTACNVGGGTWTCTAAT	GTGYCAGCMGCCGCGGTAA	SA-ADEL-WCH-066_rep2	Vagina	1	D7	TGAAGAGA	GATAGACA	F12	R19	EB	
V2855rep2	TGGTGGTAGATAGACA	GGACTACNVGGGTWTCTAAT	GTGYCAGCMGCCGCGGTAA	SA-ADEL-WCH-081_rep2	Vagina	1	E7	TGGTGGTA	GATAGACA	F13	R19	EB	
V2856rep2	TTCACGCAGATAGACA	GGACTACNVGGGTWTCTAAT	GTGYCAGCMGCCGCGGTAA	SA-ADEL-WCH-080_rep2	Vagina	1	F7	TTCACGCA	GATAGACA	F14	R19	EB	
V2857rep2	AGCACCTCGATAGACA	GGACTACNVGGGTWTCTAAT	GTGYCAGCMGCCGCGGTAA	SA-ADEL-REG-044_rep2	Vagina	1	G7	AGCACCTC	GATAGACA	F15	R19	EB	
V2858rep2	CAAGGAGCGATAGACA	GGACTACNVGGGTWTCTAAT	GTGYCAGCMGCCGCGGTAA	WA-PER-PMH-069_rep2	Vagina	1	H7	CAAGGAGC	GATAGACA	F16	R19	EB	No_visible_band_after_2nd_PCR
V2944rep2	ATTGGCTCGATAGACA	GGACTACNVGGGTWTCTAAT	GTGYCAGCMGCCGCGGTAA	WA-PER-PMH-064_rep2	Vagina	2	A7	ATTGGCTC	GATAGACA	F17	R19	NS	
V2945rep2	CACCTTACGATAGACA	GGACTACNVGGGTWTCTAAT	GTGYCAGCMGCCGCGGTAA	WA-PER-PMH-058_rep2	Vagina	2	B7	CACCTTAC	GATAGACA	F18	R19	NS	
V2946rep2	CTAAGGTCGATAGACA	GGACTACNVGGGTWTCTAAT	GTGYCAGCMGCCGCGGTAA	NSW-SYD-RHW-001_rep2	Vagina	2	C7	CTAAGGTC	GATAGACA	F19	R19	NS	
V2947rep2	GAACAGGCGATAGACA	GGACTACNVGGGTWTCTAAT	GTGYCAGCMGCCGCGGTAA	NSW-SYD-RHW-004_rep2	Vagina	2	D7	GAACAGGC	GATAGACA	F20	R19	NS	
V2948rep2	CCGTGAGAGATAGACA	GGACTACNVGGGTWTCTAAT	GTGYCAGCMGCCGCGGTAA	NSW-SYD-RHW-018_rep2	Vagina	2	E7	CCGTGAGA	GATAGACA	F21	R19	NS	Very_faint_band_only_after_2nd_PCR
V2949rep2	CCTCCTGAGATAGACA	GGACTACNVGGGTWTCTAAT	GTGYCAGCMGCCGCGGTAA	NSW-SYD-RHW-041_rep2	Vagina	2	F7	CCTCCTGA	GATAGACA	F22	R19	NS	
V2950rep2	CGAACTTAGATAGACA	GGACTACNVGGGTWTCTAAT	GTGYCAGCMGCCGCGGTAA	NSW-SYD-CHW-025_rep2	Vagina	2	G7	CGAACTTA	GATAGACA	F23	R19	NS	
V2951rep2	CGACTGGAGATAGACA	GGACTACNVGGGTWTCTAAT	GTGYCAGCMGCCGCGGTAA	NSW-SYD-CHW-042_rep2	Vagina	2	H7	CGACTGGA	GATAGACA	F24	R19	NS	
V2851rep2	CCGAAGTAGATAGACA	GGACTACNVGGGTWTCTAAT	GTGYCAGCMGCCGCGGTAA	QLD-BRI-MATER-126_rep2	Vagina	1	A7	CCGAAGTA	GATAGACA	F9	R19	EB	No_visible_band_after_2nd_PCR
V2812	GAGCTGAACGTACTAG	GGACTACNVGGGTWTCTAAT	GTGYCAGCMGCCGCGGTAA	QLD-BRI-MATER-053	Vagina	1	B2	GAGCTGAA	CGTACTAG	F10	R2	NS	No_visible_band_after_2nd_PCR
V2813	GCGAGTAACGTACTAG	GGACTACNVGGGTWTCTAAT	GTGYCAGCMGCCGCGGTAA	QLD-BRI-MATER-088	Vagina	1	C2	GCGAGTAA	CGTACTAG	F11	R2	NS	No_visible_band_after_2nd_PCR
V2814	TGAAGAGACGTACTAG	GGACTACNVGGGTWTCTAAT	GTGYCAGCMGCCGCGGTAA	SA-ADEL-WCH-017	Vagina	1	D2	TGAAGAGA	CGTACTAG	F12	R2	NS	
V2815	TGGTGGTACGTACTAG	GGACTACNVGGGTWTCTAAT	GTGYCAGCMGCCGCGGTAA	SA-ADEL-WCH-023	Vagina	1	E2	TGGTGGTA	CGTACTAG	F13	R2	NS	No_visible_band_after_2nd_PCR
V2816	TTCACGCACGTACTAG	GGACTACNVGGGTWTCTAAT	GTGYCAGCMGCCGCGGTAA	SA-ADEL-WCH-027	Vagina	1	F2	TTCACGCA	CGTACTAG	F14	R2	NS	
V2817	AGCACCTCCGTACTAG	GGACTACNVGGGTWTCTAAT	GTGYCAGCMGCCGCGGTAA	SA-ADEL-WCH-037	Vagina	1	G2	AGCACCTC	CGTACTAG	F15	R2	NS	
V2818	CAAGGAGCCGTACTAG	GGACTACNVGGGTWTCTAAT	GTGYCAGCMGCCGCGGTAA	SA-ADEL-WCH-045	Vagina	1	H2	CAAGGAGC	CGTACTAG	F16	R2	NS	
V2904	ATTGGCTCCGTACTAG	GGACTACNVGGGTWTCTAAT	GTGYCAGCMGCCGCGGTAA	SA-ADEL-WCH-134	Vagina	2	A2	ATTGGCTC	CGTACTAG	F17	R2	KN	Very_faint_band_only_after_2nd_PCR
V2905	CACCTTACCGTACTAG	GGACTACNVGGGTWTCTAAT	GTGYCAGCMGCCGCGGTAA	VIC-MEL-RMH-049	Vagina	2	B2	CACCTTAC	CGTACTAG	F18	R2	KN	
V2906	CTAAGGTCCGTACTAG	GGACTACNVGGGTWTCTAAT	GTGYCAGCMGCCGCGGTAA	VIC-MEL-RMH-099	Vagina	2	C2	CTAAGGTC	CGTACTAG	F19	R2	KN	
V2907	GAACAGGCCGTACTAG	GGACTACNVGGGTWTCTAAT	GTGYCAGCMGCCGCGGTAA	VIC-MEL-RMH-114	Vagina	2	D2	GAACAGGC	CGTACTAG	F20	R2	KN	
V2908	CCGTGAGACGTACTAG	GGACTACNVGGGTWTCTAAT	GTGYCAGCMGCCGCGGTAA	VIC-MEL-RMH-096	Vagina	2	E2	CCGTGAGA	CGTACTAG	F21	R2	KN	
V2909	CCTCCTGACGTACTAG	GGACTACNVGGGTWTCTAAT	GTGYCAGCMGCCGCGGTAA	VIC-MEL-RMH-119	Vagina	2	F2	CCTCCTGA	CGTACTAG	F22	R2	KN	
V2910	CGAACTTACGTACTAG	GGACTACNVGGGTWTCTAAT	GTGYCAGCMGCCGCGGTAA	VIC-MEL-RMH-168	Vagina	2	G2	CGAACTTA	CGTACTAG	F23	R2	KN	
V2911	CGACTGGACGTACTAG	GGACTACNVGGGTWTCTAAT	GTGYCAGCMGCCGCGGTAA	WA-PER-PMH-100	Vagina	2	H2	CGACTGGA	CGTACTAG	F24	R2	KN	
V2811	CCGAAGTACGTACTAG	GGACTACNVGGGTWTCTAAT	GTGYCAGCMGCCGCGGTAA	QLD-BRI-MATER-030	Vagina	1	A2	CCGAAGTA	CGTACTAG	F9	R2	NS	
V2860rep2	GAGCTGAAGCTAACGA	GGACTACNVGGGTWTCTAAT	GTGYCAGCMGCCGCGGTAA	WA-PER-PMH-085_rep2	Vagina	1	B8	GAGCTGAA	GCTAACGA	F10	R20	EB	
V2861rep2	GCGAGTAAGCTAACGA	GGACTACNVGGGTWTCTAAT	GTGYCAGCMGCCGCGGTAA	NSW-SYD-RHW-057_rep2	Vagina	1	C8	GCGAGTAA	GCTAACGA	F11	R20	EB	
V2862rep2	TGAAGAGAGCTAACGA	GGACTACNVGGGTWTCTAAT	GTGYCAGCMGCCGCGGTAA	NSW-SYD-CHW-054_rep2	Vagina	1	D8	TGAAGAGA	GCTAACGA	F12	R20	EB	
V2863rep2	TGGTGGTAGCTAACGA	GGACTACNVGGGTWTCTAAT	GTGYCAGCMGCCGCGGTAA	NSW-SYD-CHW-056_rep2	Vagina	1	E8	TGGTGGTA	GCTAACGA	F13	R20	EB	
V2864rep2	TTCACGCAGCTAACGA	GGACTACNVGGGTWTCTAAT	GTGYCAGCMGCCGCGGTAA	NSW-SYD-RHW-063_rep2	Vagina	1	F8	TTCACGCA	GCTAACGA	F14	R20	EB	
V2865rep2	AGCACCTCGCTAACGA	GGACTACNVGGGTWTCTAAT	GTGYCAGCMGCCGCGGTAA	NSW-SYD-STG-025_rep2	Vagina	1	G8	AGCACCTC	GCTAACGA	F15	R20	EB	
V2866rep2	CAAGGAGCGCTAACGA	GGACTACNVGGGTWTCTAAT	GTGYCAGCMGCCGCGGTAA	NSW-SYD-CHW-082_rep2	Vagina	1	H8	CAAGGAGC	GCTAACGA	F16	R20	EB	
V2952rep2	ATTGGCTCGCTAACGA	GGACTACNVGGGTWTCTAAT	GTGYCAGCMGCCGCGGTAA	NSW-SYD-STG-020_rep2	Vagina	2	A8	ATTGGCTC	GCTAACGA	F17	R20	NS	
V2953rep2	CACCTTACGCTAACGA	GGACTACNVGGGTWTCTAAT	GTGYCAGCMGCCGCGGTAA	NSW-SYD-RHW-054_rep2	Vagina	2	B8	CACCTTAC	GCTAACGA	F18	R20	NS	
V2954rep2	CTAAGGTCGCTAACGA	GGACTACNVGGGTWTCTAAT	GTGYCAGCMGCCGCGGTAA	NSW-SYD-CHW-051_rep2	Vagina	2	C8	CTAAGGTC	GCTAACGA	F19	R20	NS	
V2955rep2	GAACAGGCGCTAACGA	GGACTACNVGGGTWTCTAAT	GTGYCAGCMGCCGCGGTAA	NSW-SYD-RHW-055_rep2	Vagina	2	D8	GAACAGGC	GCTAACGA	F20	R20	NS	
V2956rep2	CCGTGAGAGCTAACGA	GGACTACNVGGGTWTCTAAT	GTGYCAGCMGCCGCGGTAA	NSW-SYD-RHW-033_rep2	Vagina	2	E8	CCGTGAGA	GCTAACGA	F21	R20	NS	
V2957rep2	CCTCCTGAGCTAACGA	GGACTACNVGGGTWTCTAAT	GTGYCAGCMGCCGCGGTAA	NSW-SYD-RHW-034_rep2	Vagina	2	F8	CCTCCTGA	GCTAACGA	F22	R20	NS	
V2958rep2	CGAACTTAGCTAACGA	GGACTACNVGGGTWTCTAAT	GTGYCAGCMGCCGCGGTAA	NSW-SYD-CHW-027_rep2	Vagina	2	G8	CGAACTTA	GCTAACGA	F23	R20	NS	
V2959rep2	CGACTGGAGCTAACGA	GGACTACNVGGGTWTCTAAT	GTGYCAGCMGCCGCGGTAA	QLD-BRI-MATER-064_rep2	Vagina	2	H8	CGACTGGA	GCTAACGA	F24	R20	NS	
V2859rep2	CCGAAGTAGCTAACGA	GGACTACNVGGGTWTCTAAT	GTGYCAGCMGCCGCGGTAA	WA-PER-PMH-090_rep2	Vagina	1	A8	CCGAAGTA	GCTAACGA	F9	R20	EB	No_visible_band_after_2nd_PCR
V2868rep2	GAGCTGAAGTGTTCTA	GGACTACNVGGGTWTCTAAT	GTGYCAGCMGCCGCGGTAA	NSW-SYD-CHW-075_rep2	Vagina	1	B9	GAGCTGAA	GTGTTCTA	F10	R21	EB	
V2869rep2	GCGAGTAAGTGTTCTA	GGACTACNVGGGTWTCTAAT	GTGYCAGCMGCCGCGGTAA	QLD-BRI-MATER-113_rep2	Vagina	1	C9	GCGAGTAA	GTGTTCTA	F11	R21	EB	
V2870rep2	TGAAGAGAGTGTTCTA	GGACTACNVGGGTWTCTAAT	GTGYCAGCMGCCGCGGTAA	QLD-BRI-MATER-119_rep2	Vagina	1	D9	TGAAGAGA	GTGTTCTA	F12	R21	EB	
V2871rep2	TGGTGGTAGTGTTCTA	GGACTACNVGGGTWTCTAAT	GTGYCAGCMGCCGCGGTAA	QLD-BRI-MATER-123_rep2	Vagina	1	E9	TGGTGGTA	GTGTTCTA	F13	R21	EB	
V2872rep2	TTCACGCAGTGTTCTA	GGACTACNVGGGTWTCTAAT	GTGYCAGCMGCCGCGGTAA	SA-ADEL-WCH-110_rep2	Vagina	1	F9	TTCACGCA	GTGTTCTA	F14	R21	EB	No_visible_band_after_2nd_PCR
V2873rep2	AGCACCTCGTGTTCTA	GGACTACNVGGGTWTCTAAT	GTGYCAGCMGCCGCGGTAA	SA-ADEL-WCH-122_rep2	Vagina	1	G9	AGCACCTC	GTGTTCTA	F15	R21	EB	
V2874rep2	CAAGGAGCGTGTTCTA	GGACTACNVGGGTWTCTAAT	GTGYCAGCMGCCGCGGTAA	VIC-MEL-RMH-040_rep2	Vagina	1	H9	CAAGGAGC	GTGTTCTA	F16	R21	EB	
V2960rep2	ATTGGCTCGTGTTCTA	GGACTACNVGGGTWTCTAAT	GTGYCAGCMGCCGCGGTAA	QLD-BRI-MATER-109_rep2	Vagina	2	A9	ATTGGCTC	GTGTTCTA	F17	R21	NS	
V2961rep2	CACCTTACGTGTTCTA	GGACTACNVGGGTWTCTAAT	GTGYCAGCMGCCGCGGTAA	QLD-BRI-MATER-106_rep2	Vagina	2	B9	CACCTTAC	GTGTTCTA	F18	R21	NS	
V2962rep2	CTAAGGTCGTGTTCTA	GGACTACNVGGGTWTCTAAT	GTGYCAGCMGCCGCGGTAA	QLD-BRI-MATER-121_rep2	Vagina	2	C9	CTAAGGTC	GTGTTCTA	F19	R21	NS	
V2963rep2	GAACAGGCGTGTTCTA	GGACTACNVGGGTWTCTAAT	GTGYCAGCMGCCGCGGTAA	SA-ADEL-WCH-076_rep2	Vagina	2	D9	GAACAGGC	GTGTTCTA	F20	R21	NS	No_visible_band_after_2nd_PCR
V2964rep2	CCGTGAGAGTGTTCTA	GGACTACNVGGGTWTCTAAT	GTGYCAGCMGCCGCGGTAA	SA-ADEL-WCH-079_rep2	Vagina	2	E9	CCGTGAGA	GTGTTCTA	F21	R21	NS	
V2965rep2	CCTCCTGAGTGTTCTA	GGACTACNVGGGTWTCTAAT	GTGYCAGCMGCCGCGGTAA	SA-ADEL-WCH-094_rep2	Vagina	2	F9	CCTCCTGA	GTGTTCTA	F22	R21	NS	
V2966rep2	CGAACTTAGTGTTCTA	GGACTACNVGGGTWTCTAAT	GTGYCAGCMGCCGCGGTAA	SA-ADEL-WCH-100_rep2	Vagina	2	G9	CGAACTTA	GTGTTCTA	F23	R21	NS	
V2967rep2	CGACTGGAGTGTTCTA	GGACTACNVGGGTWTCTAAT	GTGYCAGCMGCCGCGGTAA	WA-PER-PMH-065_rep2	Vagina	2	H9	CGACTGGA	GTGTTCTA	F24	R21	NS	No_visible_band_after_2nd_PCR
V2867rep2	CCGAAGTAGTGTTCTA	GGACTACNVGGGTWTCTAAT	GTGYCAGCMGCCGCGGTAA	NSW-SYD-CHW-083_rep2	Vagina	1	A9	CCGAAGTA	GTGTTCTA	F9	R21	EB	
V2876rep2	GAGCTGAATCCGTCTA	GGACTACNVGGGTWTCTAAT	GTGYCAGCMGCCGCGGTAA	VIC-MEL-RMH-046_rep2	Vagina	1	B10	GAGCTGAA	TCCGTCTA	F10	R22	EB	
V2877rep2	GCGAGTAATCCGTCTA	GGACTACNVGGGTWTCTAAT	GTGYCAGCMGCCGCGGTAA	VIC-MEL-RMH-032_rep2	Vagina	1	C10	GCGAGTAA	TCCGTCTA	F11	R22	EB	
V2878rep2	TGAAGAGATCCGTCTA	GGACTACNVGGGTWTCTAAT	GTGYCAGCMGCCGCGGTAA	VIC-MEL-RMH-012_rep2	Vagina	1	D10	TGAAGAGA	TCCGTCTA	F12	R22	EB	
V2879rep2	TGGTGGTATCCGTCTA	GGACTACNVGGGTWTCTAAT	GTGYCAGCMGCCGCGGTAA	VIC-MEL-RMH-072_rep2	Vagina	1	E10	TGGTGGTA	TCCGTCTA	F13	R22	EB	
V2880rep2	TTCACGCATCCGTCTA	GGACTACNVGGGTWTCTAAT	GTGYCAGCMGCCGCGGTAA	VIC-MEL-RMH-122_rep2	Vagina	1	F10	TTCACGCA	TCCGTCTA	F14	R22	EB	
V2881rep2	AGCACCTCTCCGTCTA	GGACTACNVGGGTWTCTAAT	GTGYCAGCMGCCGCGGTAA	VIC-MEL-RMH-113_rep2	Vagina	1	G10	AGCACCTC	TCCGTCTA	F15	R22	EB	
V2882rep2	CAAGGAGCTCCGTCTA	GGACTACNVGGGTWTCTAAT	GTGYCAGCMGCCGCGGTAA	VIC-MEL-RMH-108_rep2	Vagina	1	H10	CAAGGAGC	TCCGTCTA	F16	R22	EB	
V2968rep2	ATTGGCTCTCCGTCTA	GGACTACNVGGGTWTCTAAT	GTGYCAGCMGCCGCGGTAA	WA-PER-PMH-062_rep2	Vagina	2	A10	ATTGGCTC	TCCGTCTA	F17	R22	NS	
V2969rep2	CACCTTACTCCGTCTA	GGACTACNVGGGTWTCTAAT	GTGYCAGCMGCCGCGGTAA	WA-PER-PMH-073_rep2	Vagina	2	B10	CACCTTAC	TCCGTCTA	F18	R22	NS	
V2970rep2	CTAAGGTCTCCGTCTA	GGACTACNVGGGTWTCTAAT	GTGYCAGCMGCCGCGGTAA	WA-PER-PMH-067_rep2	Vagina	2	C10	CTAAGGTC	TCCGTCTA	F19	R22	NS	
V2971rep2	GAACAGGCTCCGTCTA	GGACTACNVGGGTWTCTAAT	GTGYCAGCMGCCGCGGTAA	WA-PER-PMH-095_rep2	Vagina	2	D10	GAACAGGC	TCCGTCTA	F20	R22	NS	
V2972rep2	CCGTGAGATCCGTCTA	GGACTACNVGGGTWTCTAAT	GTGYCAGCMGCCGCGGTAA	NSW-SYD-CHW-044_rep2	Vagina	2	E10	CCGTGAGA	TCCGTCTA	F21	R22	NS	
V2973rep2	CCTCCTGATCCGTCTA	GGACTACNVGGGTWTCTAAT	GTGYCAGCMGCCGCGGTAA	NSW-SYD-RHW-059_rep2	Vagina	2	F10	CCTCCTGA	TCCGTCTA	F22	R22	NS	
V2974rep2	CGAACTTATCCGTCTA	GGACTACNVGGGTWTCTAAT	GTGYCAGCMGCCGCGGTAA	NSW-SYD-CHW-053_rep2	Vagina	2	G10	CGAACTTA	TCCGTCTA	F23	R22	NS	
V2975rep2	CGACTGGATCCGTCTA	GGACTACNVGGGTWTCTAAT	GTGYCAGCMGCCGCGGTAA	NSW-SYD-STG-026_rep2	Vagina	2	H10	CGACTGGA	TCCGTCTA	F24	R22	NS	
V2875rep2	CCGAAGTATCCGTCTA	GGACTACNVGGGTWTCTAAT	GTGYCAGCMGCCGCGGTAA	VIC-MEL-RMH-050_rep2	Vagina	1	A10	CCGAAGTA	TCCGTCTA	F9	R22	EB	
V2884rep2	GAGCTGAACCTAATCC	GGACTACNVGGGTWTCTAAT	GTGYCAGCMGCCGCGGTAA	WA-PER-PMH-097_rep2	Vagina	1	B11	GAGCTGAA	CCTAATCC	F10	R23	EB	
V2885rep2	GCGAGTAACCTAATCC	GGACTACNVGGGTWTCTAAT	GTGYCAGCMGCCGCGGTAA	WA-PER-PMH-094_rep2	Vagina	1	C11	GCGAGTAA	CCTAATCC	F11	R23	EB	
V2886rep2	TGAAGAGACCTAATCC	GGACTACNVGGGTWTCTAAT	GTGYCAGCMGCCGCGGTAA	WA-PER-PMH-101_rep2	Vagina	1	D11	TGAAGAGA	CCTAATCC	F12	R23	EB	
V2887rep2	TGGTGGTACCTAATCC	GGACTACNVGGGTWTCTAAT	GTGYCAGCMGCCGCGGTAA	WA-PER-PMH-111_rep2	Vagina	1	E11	TGGTGGTA	CCTAATCC	F13	R23	EB	
V2888rep2	TTCACGCACCTAATCC	GGACTACNVGGGTWTCTAAT	GTGYCAGCMGCCGCGGTAA	WA-PER-PMH-106_rep2	Vagina	1	F11	TTCACGCA	CCTAATCC	F14	R23	EB	
V2889rep2	AGCACCTCCCTAATCC	GGACTACNVGGGTWTCTAAT	GTGYCAGCMGCCGCGGTAA	NSW-SYD-CHW-063_rep2	Vagina	1	G11	AGCACCTC	CCTAATCC	F15	R23	EB	
V2890rep2	CAAGGAGCCCTAATCC	GGACTACNVGGGTWTCTAAT	GTGYCAGCMGCCGCGGTAA	NSW-SYD-CHW-084_rep2	Vagina	1	H11	CAAGGAGC	CCTAATCC	F16	R23	EB	
V2976rep2	ATTGGCTCCCTAATCC	GGACTACNVGGGTWTCTAAT	GTGYCAGCMGCCGCGGTAA	NSW-SYD-CHW-060_rep2	Vagina	2	A11	ATTGGCTC	CCTAATCC	F17	R23	NS	
V2977rep2	CACCTTACCCTAATCC	GGACTACNVGGGTWTCTAAT	GTGYCAGCMGCCGCGGTAA	NSW-SYD-CHW-070_rep2	Vagina	2	B11	CACCTTAC	CCTAATCC	F18	R23	NS	No_visible_band_after_2nd_PCR
V2978rep2	CTAAGGTCCCTAATCC	GGACTACNVGGGTWTCTAAT	GTGYCAGCMGCCGCGGTAA	QLD-BRI-MATER-149_rep2	Vagina	2	C11	CTAAGGTC	CCTAATCC	F19	R23	NS	No_visible_band_after_2nd_PCR
V2979rep2	GAACAGGCCCTAATCC	GGACTACNVGGGTWTCTAAT	GTGYCAGCMGCCGCGGTAA	QLD-BRI-MATER-129_rep2	Vagina	2	D11	GAACAGGC	CCTAATCC	F20	R23	NS	
V2980rep2	CCGTGAGACCTAATCC	GGACTACNVGGGTWTCTAAT	GTGYCAGCMGCCGCGGTAA	QLD-BRI-MATER-143_rep2	Vagina	2	E11	CCGTGAGA	CCTAATCC	F21	R23	NS	No_visible_band_after_2nd_PCR
V2981rep2	CCTCCTGACCTAATCC	GGACTACNVGGGTWTCTAAT	GTGYCAGCMGCCGCGGTAA	QLD-BRI-MATER-156_rep2	Vagina	2	F11	CCTCCTGA	CCTAATCC	F22	R23	NS	
V2982rep2	CGAACTTACCTAATCC	GGACTACNVGGGTWTCTAAT	GTGYCAGCMGCCGCGGTAA	QLD-BRI-MATER-179_rep2	Vagina	2	G11	CGAACTTA	CCTAATCC	F23	R23	NS	
V2983rep2	CGACTGGACCTAATCC	GGACTACNVGGGTWTCTAAT	GTGYCAGCMGCCGCGGTAA	SA-ADEL-WCH-101_rep2	Vagina	2	H11	CGACTGGA	CCTAATCC	F24	R23	NS	
V2883rep2	CCGAAGTACCTAATCC	GGACTACNVGGGTWTCTAAT	GTGYCAGCMGCCGCGGTAA	WA-PER-PMH-093_rep2	Vagina	1	A11	CCGAAGTA	CCTAATCC	F9	R23	EB	
V2892rep2	GAGCTGAAGACAGTGC	GGACTACNVGGGTWTCTAAT	GTGYCAGCMGCCGCGGTAA	QLD-BRI-MATER-163_rep2	Vagina	1	B12	GAGCTGAA	GACAGTGC	F10	R24	EB	
V2893rep2	GCGAGTAAGACAGTGC	GGACTACNVGGGTWTCTAAT	GTGYCAGCMGCCGCGGTAA	QLD-BRI-MATER-142_rep2	Vagina	1	C12	GCGAGTAA	GACAGTGC	F11	R24	EB	
V2894rep2	TGAAGAGAGACAGTGC	GGACTACNVGGGTWTCTAAT	GTGYCAGCMGCCGCGGTAA	QLD-BRI-MATER-161_rep2	Vagina	1	D12	TGAAGAGA	GACAGTGC	F12	R24	EB	No_visible_band_after_2nd_PCR
V2895rep2	TGGTGGTAGACAGTGC	GGACTACNVGGGTWTCTAAT	GTGYCAGCMGCCGCGGTAA	QLD-BRI-MATER-169_rep2	Vagina	1	E12	TGGTGGTA	GACAGTGC	F13	R24	EB	
VH2O1rep2	TTCACGCAGACAGTGC	GGACTACNVGGGTWTCTAAT	GTGYCAGCMGCCGCGGTAA	Water_Control_for_16S_PCR2_rep2	Blank	1	F12	TTCACGCA	GACAGTGC	F14	R24		
VZRStd1rep2	AGCACCTCGACAGTGC	GGACTACNVGGGTWTCTAAT	GTGYCAGCMGCCGCGGTAA	ZR_Microbial_DNA_Standard_5ng_rep2	Standard	1	G12	AGCACCTC	GACAGTGC	F15	R24		
VNTC1rep2	CAAGGAGCGACAGTGC	GGACTACNVGGGTWTCTAAT	GTGYCAGCMGCCGCGGTAA	No_template_control_16S_PCR1_rep2	Blank	1	H12	CAAGGAGC	GACAGTGC	F16	R24		
V2984rep2	ATTGGCTCGACAGTGC	GGACTACNVGGGTWTCTAAT	GTGYCAGCMGCCGCGGTAA	SA-ADEL-WCH-105_rep2	Vagina	2	A12	ATTGGCTC	GACAGTGC	F17	R24	NS	
V2985rep2	CACCTTACGACAGTGC	GGACTACNVGGGTWTCTAAT	GTGYCAGCMGCCGCGGTAA	SA-ADEL-WCH-129_rep2	Vagina	2	B12	CACCTTAC	GACAGTGC	F18	R24	NS	
V2986rep2	CTAAGGTCGACAGTGC	GGACTACNVGGGTWTCTAAT	GTGYCAGCMGCCGCGGTAA	VIC-MEL-RMH-075_rep2	Vagina	2	C12	CTAAGGTC	GACAGTGC	F19	R24	NS	
V2987rep2	GAACAGGCGACAGTGC	GGACTACNVGGGTWTCTAAT	GTGYCAGCMGCCGCGGTAA	VIC-MEL-RMH-088_rep2	Vagina	2	D12	GAACAGGC	GACAGTGC	F20	R24	NS	
V2988rep2	CCGTGAGAGACAGTGC	GGACTACNVGGGTWTCTAAT	GTGYCAGCMGCCGCGGTAA	VIC-MEL-RMH-087_rep2	Vagina	2	E12	CCGTGAGA	GACAGTGC	F21	R24	NS	
VH2O2rep2	CCTCCTGAGACAGTGC	GGACTACNVGGGTWTCTAAT	GTGYCAGCMGCCGCGGTAA	Water_Control_for_16S_PCR2_rep2	Blank	2	F12	CCTCCTGA	GACAGTGC	F22	R24		
VZRStd2rep2	CGAACTTAGACAGTGC	GGACTACNVGGGTWTCTAAT	GTGYCAGCMGCCGCGGTAA	ZR_Microbial_DNA_Standard_5ng_rep2	Standard	2	G12	CGAACTTA	GACAGTGC	F23	R24		
VNTC2rep2	CGACTGGAGACAGTGC	GGACTACNVGGGTWTCTAAT	GTGYCAGCMGCCGCGGTAA	No_template_control_16S_PCR1_rep2	Blank	2	H12	CGACTGGA	GACAGTGC	F24	R24		
V2891rep2	CCGAAGTAGACAGTGC	GGACTACNVGGGTWTCTAAT	GTGYCAGCMGCCGCGGTAA	Kit_Blank_rep2	Blank	1	A12	CCGAAGTA	GACAGTGC	F9	R24	EB	Faint_band_after_2nd_PCR
V2894	TGAAGAGAGCGTAAGA	GGACTACNVGGGTWTCTAAT	GTGYCAGCMGCCGCGGTAA	QLD-BRI-MATER-161	Vagina	1	D12	TGAAGAGA	GCGTAAGA 	F12	R25	EB	No_visible_band_after_2nd_PCR
V2989	ATTGGCTCGCGTAAGA	GGACTACNVGGGTWTCTAAT	GTGYCAGCMGCCGCGGTAA	VIC-MEL-RMH-086	Vagina	3	A1	ATTGGCTC	GCGTAAGA 	F17	R25	NS	
V2990	CACCTTACGCGTAAGA	GGACTACNVGGGTWTCTAAT	GTGYCAGCMGCCGCGGTAA	VIC-MEL-RMH-084	Vagina	3	B1	CACCTTAC	GCGTAAGA 	F18	R25	NS	
V2991	CTAAGGTCGCGTAAGA	GGACTACNVGGGTWTCTAAT	GTGYCAGCMGCCGCGGTAA	Kit_Blank	Blank	3	C1	CTAAGGTC	GCGTAAGA 	F19	R25	NS	No_visible_band_after_2nd_PCR
V2987	GAACAGGCGTAGAGGA	GGACTACNVGGGTWTCTAAT	GTGYCAGCMGCCGCGGTAA	VIC-MEL-RMH-088	Vagina	2	D12	GAACAGGC	GCGTAAGA 	F20	R25	NS	
V2992	GAACAGGCGCGTAAGA	GGACTACNVGGGTWTCTAAT	GTGYCAGCMGCCGCGGTAA	VIC-MEL-RMH-092	Vagina	3	D1	GAACAGGC	GCGTAAGA 	F20	R25	NS	
V2993	CCGTGAGAGCGTAAGA	GGACTACNVGGGTWTCTAAT	GTGYCAGCMGCCGCGGTAA	VIC-MEL-RMH-097	Vagina	3	E1	CCGTGAGA	GCGTAAGA 	F21	R25	NS	
V2994	CCTCCTGAGCGTAAGA	GGACTACNVGGGTWTCTAAT	GTGYCAGCMGCCGCGGTAA	VIC-MEL-RMH-115	Vagina	3	F1	CCTCCTGA	GCGTAAGA 	F22	R25	NS	
V2995	CGAACTTAGCGTAAGA	GGACTACNVGGGTWTCTAAT	GTGYCAGCMGCCGCGGTAA	VIC-MEL-RMH-199	Vagina	3	G1	CGAACTTA	GCGTAAGA 	F23	R25	NS	
V2996	CGACTGGAGCGTAAGA	GGACTACNVGGGTWTCTAAT	GTGYCAGCMGCCGCGGTAA	VIC-MEL-RMH-196	Vagina	3	H1	CGACTGGA	GCGTAAGA 	F24	R25	NS	No_visible_band_after_2nd_PCR
V2997	ATTGGCTCCGTCTAAT	GGACTACNVGGGTWTCTAAT	GTGYCAGCMGCCGCGGTAA	WA-PER-PMH-116	Vagina	3	A2	ATTGGCTC	CGTCTAAT 	F17	R26	NS	
V2998	CACCTTACCGTCTAAT	GGACTACNVGGGTWTCTAAT	GTGYCAGCMGCCGCGGTAA	WA-PER-PMH-117	Vagina	3	B2	CACCTTAC	CGTCTAAT 	F18	R26	NS	
V2999	CTAAGGTCCGTCTAAT	GGACTACNVGGGTWTCTAAT	GTGYCAGCMGCCGCGGTAA	WA-PER-PMH-123	Vagina	3	C2	CTAAGGTC	CGTCTAAT 	F19	R26	NS	
V3000	GAACAGGCCGTCTAAT	GGACTACNVGGGTWTCTAAT	GTGYCAGCMGCCGCGGTAA	WA-PER-PMH-132	Vagina	3	D2	GAACAGGC	CGTCTAAT 	F20	R26	NS	
V3001	CCGTGAGACGTCTAAT	GGACTACNVGGGTWTCTAAT	GTGYCAGCMGCCGCGGTAA	WA-PER-PMH-163	Vagina	3	E2	CCGTGAGA	CGTCTAAT 	F21	R26	NS	
V3002	CCTCCTGACGTCTAAT	GGACTACNVGGGTWTCTAAT	GTGYCAGCMGCCGCGGTAA	QLD-BRI-MATER-190	Vagina	3	F2	CCTCCTGA	CGTCTAAT 	F22	R26	NS	
V3003	CGAACTTACGTCTAAT	GGACTACNVGGGTWTCTAAT	GTGYCAGCMGCCGCGGTAA	SA-ADEL-REG-058	Vagina	3	G2	CGAACTTA	CGTCTAAT 	F23	R26	NS	
V3004	CGACTGGACGTCTAAT	GGACTACNVGGGTWTCTAAT	GTGYCAGCMGCCGCGGTAA	VIC-MEL-RMH-142	Vagina	3	H2	CGACTGGA	CGTCTAAT 	F24	R26	NS	
V3005	ATTGGCTCTCTCTCCG	GGACTACNVGGGTWTCTAAT	GTGYCAGCMGCCGCGGTAA	VIC-MEL-RMH-128	Vagina	3	A3	ATTGGCTC	TCTCTCCG 	F17	R27	NS	
V3006	CACCTTACTCTCTCCG	GGACTACNVGGGTWTCTAAT	GTGYCAGCMGCCGCGGTAA	VIC-MEL-RMH-129	Vagina	3	B3	CACCTTAC	TCTCTCCG 	F18	R27	NS	
V3007	CTAAGGTCTCTCTCCG	GGACTACNVGGGTWTCTAAT	GTGYCAGCMGCCGCGGTAA	VIC-MEL-RMH-154	Vagina	3	C3	CTAAGGTC	TCTCTCCG 	F19	R27	NS	
V3008	GAACAGGCTCTCTCCG	GGACTACNVGGGTWTCTAAT	GTGYCAGCMGCCGCGGTAA	VIC-MEL-RMH-152	Vagina	3	D3	GAACAGGC	TCTCTCCG 	F20	R27	NS	
V3009	CCGTGAGATCTCTCCG	GGACTACNVGGGTWTCTAAT	GTGYCAGCMGCCGCGGTAA	VIC-MEL-RMH-170	Vagina	3	E3	CCGTGAGA	TCTCTCCG 	F21	R27	NS	
V3010	CCTCCTGATCTCTCCG	GGACTACNVGGGTWTCTAAT	GTGYCAGCMGCCGCGGTAA	WA-PER-PMH-114	Vagina	3	F3	CCTCCTGA	TCTCTCCG 	F22	R27	NS	
V3011	CGAACTTATCTCTCCG	GGACTACNVGGGTWTCTAAT	GTGYCAGCMGCCGCGGTAA	WA-PER-PMH-128	Vagina	3	G3	CGAACTTA	TCTCTCCG 	F23	R27	NS	
V3012	CGACTGGATCTCTCCG	GGACTACNVGGGTWTCTAAT	GTGYCAGCMGCCGCGGTAA	WA-PER-PMH-148	Vagina	3	H3	CGACTGGA	TCTCTCCG 	F24	R27	NS	
V3013	ATTGGCTCTCGACTAG	GGACTACNVGGGTWTCTAAT	GTGYCAGCMGCCGCGGTAA	mock_(orange_swab_tube)	Blank	3	A4	ATTGGCTC	TCGACTAG 	F17	R28	NS	No_visible_band_after_2nd_PCR
VH2O3	CCTCCTGATCGACTAG	GGACTACNVGGGTWTCTAAT	GTGYCAGCMGCCGCGGTAA	Water_Control_for_16S_PCR2	Blank	3	F4	CCTCCTGA	TCGACTAG 	F22	R28		No_visible_band_after_2nd_PCR
VZRStd3	CGAACTTATCGACTAG	GGACTACNVGGGTWTCTAAT	GTGYCAGCMGCCGCGGTAA	ZR_Microbial_DNA_Standard_5ng	Standard	3	G4	CGAACTTA	TCGACTAG 	F23	R28		
VNTC3	CGACTGGATCGACTAG	GGACTACNVGGGTWTCTAAT	GTGYCAGCMGCCGCGGTAA	No_template_control_16S_PCR1	Blank	3	H4	CGACTGGA	TCGACTAG 	F24	R28		No_visible_band_after_2nd_PCR
VNTC3rep2	ATTGGCTCAACGTGAT	GGACTACNVGGGTWTCTAAT	GTGYCAGCMGCCGCGGTAA	No_template_control_16S_PCR1_rep2	Blank	3	H4	ATTGGCTC	AACGTGAT	F17	R29		No_visible_band_after_2nd_PCR
VZRStd3rep2	CACCTTACAACGTGAT	GGACTACNVGGGTWTCTAAT	GTGYCAGCMGCCGCGGTAA	ZR_Microbial_DNA_Standard_5ng_rep2	Standard	3	G4	CACCTTAC	AACGTGAT	F18	R29		
VH2O3rep2	CTAAGGTCAACGTGAT	GGACTACNVGGGTWTCTAAT	GTGYCAGCMGCCGCGGTAA	Water_Control_for_16S_PCR2_rep2	Blank	3	F4	CTAAGGTC	AACGTGAT	F19	R29		No_visible_band_after_2nd_PCR
V3013rep2	CGACTGGAAACGTGAT	GGACTACNVGGGTWTCTAAT	GTGYCAGCMGCCGCGGTAA	mock_(orange_swab_tube)_rep2	Blank	3	A4	CGACTGGA	AACGTGAT	F24	R29	NS	No_visible_band_after_2nd_PCR
V2820	GAGCTGAAAGGCAGAA	GGACTACNVGGGTWTCTAAT	GTGYCAGCMGCCGCGGTAA	SA-ADEL-REG-018	Vagina	1	B3	GAGCTGAA	AGGCAGAA	F10	R3	NS	
V2821	GCGAGTAAAGGCAGAA	GGACTACNVGGGTWTCTAAT	GTGYCAGCMGCCGCGGTAA	SA-ADEL-WCH-073	Vagina	1	C3	GCGAGTAA	AGGCAGAA	F11	R3	NS	
V2822	TGAAGAGAAGGCAGAA	GGACTACNVGGGTWTCTAAT	GTGYCAGCMGCCGCGGTAA	SA-ADEL-WCH-069	Vagina	1	D3	TGAAGAGA	AGGCAGAA	F12	R3	NS	
V2823	TGGTGGTAAGGCAGAA	GGACTACNVGGGTWTCTAAT	GTGYCAGCMGCCGCGGTAA	SA-ADEL-REG-014	Vagina	1	E3	TGGTGGTA	AGGCAGAA	F13	R3	NS	
V2824	TTCACGCAAGGCAGAA	GGACTACNVGGGTWTCTAAT	GTGYCAGCMGCCGCGGTAA	VIC-MEL-RMH-009	Vagina	1	F3	TTCACGCA	AGGCAGAA	F14	R3	NS	
V2825	AGCACCTCAGGCAGAA	GGACTACNVGGGTWTCTAAT	GTGYCAGCMGCCGCGGTAA	VIC-MEL-RMH-033	Vagina	1	G3	AGCACCTC	AGGCAGAA	F15	R3	NS	
V2826	CAAGGAGCAGGCAGAA	GGACTACNVGGGTWTCTAAT	GTGYCAGCMGCCGCGGTAA	WA-PER-PMH-022	Vagina	1	H3	CAAGGAGC	AGGCAGAA	F16	R3	NS	
V2912	ATTGGCTCAGGCAGAA	GGACTACNVGGGTWTCTAAT	GTGYCAGCMGCCGCGGTAA	WA-PER-PMH-098	Vagina	2	A3	ATTGGCTC	AGGCAGAA	F17	R3	KN	
V2913	CACCTTACAGGCAGAA	GGACTACNVGGGTWTCTAAT	GTGYCAGCMGCCGCGGTAA	WA-PER-PMH-119	Vagina	2	B3	CACCTTAC	AGGCAGAA	F18	R3	KN	
V2914	CTAAGGTCAGGCAGAA	GGACTACNVGGGTWTCTAAT	GTGYCAGCMGCCGCGGTAA	WA-PER-PMH-138	Vagina	2	C3	CTAAGGTC	AGGCAGAA	F19	R3	KN	
V2915	GAACAGGCAGGCAGAA	GGACTACNVGGGTWTCTAAT	GTGYCAGCMGCCGCGGTAA	SA-ADEL-WCH-156	Vagina	2	D3	GAACAGGC	AGGCAGAA	F20	R3	NS	
V2916	CCGTGAGAAGGCAGAA	GGACTACNVGGGTWTCTAAT	GTGYCAGCMGCCGCGGTAA	SA-ADEL-WCH-157	Vagina	2	E3	CCGTGAGA	AGGCAGAA	F21	R3	NS	
V2917	CCTCCTGAAGGCAGAA	GGACTACNVGGGTWTCTAAT	GTGYCAGCMGCCGCGGTAA	VIC-MEL-RMH-125	Vagina	2	F3	CCTCCTGA	AGGCAGAA	F22	R3	NS	
V2918	CGAACTTAAGGCAGAA	GGACTACNVGGGTWTCTAAT	GTGYCAGCMGCCGCGGTAA	VIC-MEL-RMH-118	Vagina	2	G3	CGAACTTA	AGGCAGAA	F23	R3	NS	
V2919	CGACTGGAAGGCAGAA	GGACTACNVGGGTWTCTAAT	GTGYCAGCMGCCGCGGTAA	VIC-MEL-RMH-131	Vagina	2	H3	CGACTGGA	AGGCAGAA	F24	R3	NS	
V2819	CCGAAGTAAGGCAGAA	GGACTACNVGGGTWTCTAAT	GTGYCAGCMGCCGCGGTAA	SA-ADEL-REG-001	Vagina	1	A3	CCGAAGTA	AGGCAGAA	F9	R3	NS	
V3012rep2	ATTGGCTCAAACATCG	GGACTACNVGGGTWTCTAAT	GTGYCAGCMGCCGCGGTAA	WA-PER-PMH-148_rep2	Vagina	3	H3	ATTGGCTC	AAACATCG	F17	R30	NS	
V3011rep2	CACCTTACAAACATCG	GGACTACNVGGGTWTCTAAT	GTGYCAGCMGCCGCGGTAA	WA-PER-PMH-128_rep2	Vagina	3	G3	CACCTTAC	AAACATCG	F18	R30	NS	
V3010rep2	CTAAGGTCAAACATCG	GGACTACNVGGGTWTCTAAT	GTGYCAGCMGCCGCGGTAA	WA-PER-PMH-114_rep2	Vagina	3	F3	CTAAGGTC	AAACATCG	F19	R30	NS	
V3009rep2	GAACAGGCAAACATCG	GGACTACNVGGGTWTCTAAT	GTGYCAGCMGCCGCGGTAA	VIC-MEL-RMH-170_rep2	Vagina	3	E3	GAACAGGC	AAACATCG	F20	R30	NS	
V3008rep2	CCGTGAGAAAACATCG	GGACTACNVGGGTWTCTAAT	GTGYCAGCMGCCGCGGTAA	VIC-MEL-RMH-152_rep2	Vagina	3	D3	CCGTGAGA	AAACATCG	F21	R30	NS	
V3007rep2	CCTCCTGAAAACATCG	GGACTACNVGGGTWTCTAAT	GTGYCAGCMGCCGCGGTAA	VIC-MEL-RMH-154_rep2	Vagina	3	C3	CCTCCTGA	AAACATCG	F22	R30	NS	
V3006rep2	CGAACTTAAAACATCG	GGACTACNVGGGTWTCTAAT	GTGYCAGCMGCCGCGGTAA	VIC-MEL-RMH-129_rep2	Vagina	3	B3	CGAACTTA	AAACATCG	F23	R30	NS	
V3005rep2	CGACTGGAAAACATCG	GGACTACNVGGGTWTCTAAT	GTGYCAGCMGCCGCGGTAA	VIC-MEL-RMH-128_rep2	Vagina	3	A3	CGACTGGA	AAACATCG	F24	R30	NS	
V3004rep2	ATTGGCTCAGTGGTCA	GGACTACNVGGGTWTCTAAT	GTGYCAGCMGCCGCGGTAA	VIC-MEL-RMH-142_rep2	Vagina	3	H2	ATTGGCTC	AGTGGTCA	F17	R31	NS	
V3003rep2	CACCTTACAGTGGTCA	GGACTACNVGGGTWTCTAAT	GTGYCAGCMGCCGCGGTAA	SA-ADEL-REG-058_rep2	Vagina	3	G2	CACCTTAC	AGTGGTCA	F18	R31	NS	
V3002rep2	CTAAGGTCAGTGGTCA	GGACTACNVGGGTWTCTAAT	GTGYCAGCMGCCGCGGTAA	QLD-BRI-MATER-190_rep2	Vagina	3	F2	CTAAGGTC	AGTGGTCA	F19	R31	NS	
V3001rep2	GAACAGGCAGTGGTCA	GGACTACNVGGGTWTCTAAT	GTGYCAGCMGCCGCGGTAA	WA-PER-PMH-163_rep2	Vagina	3	E2	GAACAGGC	AGTGGTCA	F20	R31	NS	
V3000rep2	CCGTGAGAAGTGGTCA	GGACTACNVGGGTWTCTAAT	GTGYCAGCMGCCGCGGTAA	WA-PER-PMH-132_rep2	Vagina	3	D2	CCGTGAGA	AGTGGTCA	F21	R31	NS	
V2999rep2	CCTCCTGAAGTGGTCA	GGACTACNVGGGTWTCTAAT	GTGYCAGCMGCCGCGGTAA	WA-PER-PMH-123_rep2	Vagina	3	C2	CCTCCTGA	AGTGGTCA	F22	R31	NS	
V2998rep2	CGAACTTAAGTGGTCA	GGACTACNVGGGTWTCTAAT	GTGYCAGCMGCCGCGGTAA	WA-PER-PMH-117_rep2	Vagina	3	B2	CGAACTTA	AGTGGTCA	F23	R31	NS	
V2997rep2	CGACTGGAAGTGGTCA	GGACTACNVGGGTWTCTAAT	GTGYCAGCMGCCGCGGTAA	WA-PER-PMH-116_rep2	Vagina	3	A2	CGACTGGA	AGTGGTCA	F24	R31	NS	
V2996rep2	ATTGGCTCACCACTGT	GGACTACNVGGGTWTCTAAT	GTGYCAGCMGCCGCGGTAA	VIC-MEL-RMH-196_rep2	Vagina	3	H1	ATTGGCTC	ACCACTGT	F17	R32	NS	No_visible_band_after_2nd_PCR
V2995rep2	CACCTTACACCACTGT	GGACTACNVGGGTWTCTAAT	GTGYCAGCMGCCGCGGTAA	VIC-MEL-RMH-199_rep2	Vagina	3	G1	CACCTTAC	ACCACTGT	F18	R32	NS	
V2994rep2	CTAAGGTCACCACTGT	GGACTACNVGGGTWTCTAAT	GTGYCAGCMGCCGCGGTAA	VIC-MEL-RMH-115_rep2	Vagina	3	F1	CTAAGGTC	ACCACTGT	F19	R32	NS	
V2993rep2	GAACAGGCACCACTGT	GGACTACNVGGGTWTCTAAT	GTGYCAGCMGCCGCGGTAA	VIC-MEL-RMH-097_rep2	Vagina	3	E1	GAACAGGC	ACCACTGT	F20	R32	NS	
V2992rep2	CCGTGAGAACCACTGT	GGACTACNVGGGTWTCTAAT	GTGYCAGCMGCCGCGGTAA	VIC-MEL-RMH-092_rep2	Vagina	3	D1	CCGTGAGA	ACCACTGT	F21	R32	NS	
V2991rep2	CCTCCTGAACCACTGT	GGACTACNVGGGTWTCTAAT	GTGYCAGCMGCCGCGGTAA	Kit_Blank_rep2	Blank	3	C1	CCTCCTGA	ACCACTGT	F22	R32	NS	No_visible_band_after_2nd_PCR
V2990rep2	CGAACTTAACCACTGT	GGACTACNVGGGTWTCTAAT	GTGYCAGCMGCCGCGGTAA	VIC-MEL-RMH-084_rep2	Vagina	3	B1	CGAACTTA	ACCACTGT	F23	R32	NS	
V2989rep2	CGACTGGAACCACTGT	GGACTACNVGGGTWTCTAAT	GTGYCAGCMGCCGCGGTAA	VIC-MEL-RMH-086_rep2	Vagina	3	A1	CGACTGGA	ACCACTGT	F24	R32	NS	
V2828	GAGCTGAATCCTGAGC	GGACTACNVGGGTWTCTAAT	GTGYCAGCMGCCGCGGTAA	WA-PER-PMH-033	Vagina	1	B4	GAGCTGAA	TCCTGAGC	F10	R4	NS	
V2829	GCGAGTAATCCTGAGC	GGACTACNVGGGTWTCTAAT	GTGYCAGCMGCCGCGGTAA	WA-PER-PMH-040	Vagina	1	C4	GCGAGTAA	TCCTGAGC	F11	R4	NS	
V2830	TGAAGAGATCCTGAGC	GGACTACNVGGGTWTCTAAT	GTGYCAGCMGCCGCGGTAA	WA-PER-PMH-039	Vagina	1	D4	TGAAGAGA	TCCTGAGC	F12	R4	NS	
V2831	TGGTGGTATCCTGAGC	GGACTACNVGGGTWTCTAAT	GTGYCAGCMGCCGCGGTAA	WA-PER-PMH-045	Vagina	1	E4	TGGTGGTA	TCCTGAGC	F13	R4	NS	
V2832	TTCACGCATCCTGAGC	GGACTACNVGGGTWTCTAAT	GTGYCAGCMGCCGCGGTAA	WA-PER-PMH-052	Vagina	1	F4	TTCACGCA	TCCTGAGC	F14	R4	NS	
V2833	AGCACCTCTCCTGAGC	GGACTACNVGGGTWTCTAAT	GTGYCAGCMGCCGCGGTAA	WA-PER-PMH-051	Vagina	1	G4	AGCACCTC	TCCTGAGC	F15	R4	NS	No_visible_band_after_2nd_PCR
V2834	CAAGGAGCTCCTGAGC	GGACTACNVGGGTWTCTAAT	GTGYCAGCMGCCGCGGTAA	WA-PER-PMH-066	Vagina	1	H5	CAAGGAGC	TCCTGAGC	F16	R4	NS	
V2920	ATTGGCTCTCCTGAGC	GGACTACNVGGGTWTCTAAT	GTGYCAGCMGCCGCGGTAA	SA-ADEL-REG-016	Vagina	2	A4	ATTGGCTC	TCCTGAGC	F17	R4	NS	
V2921	CACCTTACTCCTGAGC	GGACTACNVGGGTWTCTAAT	GTGYCAGCMGCCGCGGTAA	NSW-SYD-STG-028	Vagina	2	B4	CACCTTAC	TCCTGAGC	F18	R4	NS	
V2922	CTAAGGTCTCCTGAGC	GGACTACNVGGGTWTCTAAT	GTGYCAGCMGCCGCGGTAA	NSW-SYD-CHW-085	Vagina	2	C4	CTAAGGTC	TCCTGAGC	F19	R4	NS	No_visible_band_after_2nd_PCR
V2923	GAACAGGCTCCTGAGC	GGACTACNVGGGTWTCTAAT	GTGYCAGCMGCCGCGGTAA	NSW-SYD-CHW-093	Vagina	2	D4	GAACAGGC	TCCTGAGC	F20	R4	NS	
V2924	CCGTGAGATCCTGAGC	GGACTACNVGGGTWTCTAAT	GTGYCAGCMGCCGCGGTAA	NSW-SYD-RHW-077	Vagina	2	E4	CCGTGAGA	TCCTGAGC	F21	R4	NS	
V2925	CCTCCTGATCCTGAGC	GGACTACNVGGGTWTCTAAT	GTGYCAGCMGCCGCGGTAA	NSW-SYD-CHW-101	Vagina	2	F4	CCTCCTGA	TCCTGAGC	F22	R4	NS	
V2926	CGAACTTATCCTGAGC	GGACTACNVGGGTWTCTAAT	GTGYCAGCMGCCGCGGTAA	NSW-SYD-CHW-100	Vagina	2	G4	CGAACTTA	TCCTGAGC	F23	R4	NS	No_visible_band_after_2nd_PCR
V2927	CGACTGGATCCTGAGC	GGACTACNVGGGTWTCTAAT	GTGYCAGCMGCCGCGGTAA	QLD-BRI-MATER-025	Vagina	2	H4	CGACTGGA	TCCTGAGC	F24	R4	NS	
V2827	CCGAAGTATCCTGAGC	GGACTACNVGGGTWTCTAAT	GTGYCAGCMGCCGCGGTAA	WA-PER-PMH-030	Vagina	1	A4	CCGAAGTA	TCCTGAGC	F9	R4	NS	
V2836	GAGCTGAAGGACTCCT	GGACTACNVGGGTWTCTAAT	GTGYCAGCMGCCGCGGTAA	NSW-SYD-CHW-008	Vagina	1	B5	GAGCTGAA	GGACTCCT	F10	R5	EB	
V2837	GCGAGTAAGGACTCCT	GGACTACNVGGGTWTCTAAT	GTGYCAGCMGCCGCGGTAA	NSW-SYD-RHW-016	Vagina	1	C5	GCGAGTAA	GGACTCCT	F11	R5	EB	
V2838	TGAAGAGAGGACTCCT	GGACTACNVGGGTWTCTAAT	GTGYCAGCMGCCGCGGTAA	NSW-SYD-CHW-015	Vagina	1	D5	TGAAGAGA	GGACTCCT	F12	R5	EB	
V2839	TGGTGGTAGGACTCCT	GGACTACNVGGGTWTCTAAT	GTGYCAGCMGCCGCGGTAA	NSW-SYD-RHW-015	Vagina	1	E5	TGGTGGTA	GGACTCCT	F13	R5	EB	
V2840	TTCACGCAGGACTCCT	GGACTACNVGGGTWTCTAAT	GTGYCAGCMGCCGCGGTAA	NSW-SYD-RHW-044	Vagina	1	F5	TTCACGCA	GGACTCCT	F14	R5	EB	
V2841	AGCACCTCGGACTCCT	GGACTACNVGGGTWTCTAAT	GTGYCAGCMGCCGCGGTAA	Kit_Blank	Blank	1	G5	AGCACCTC	GGACTCCT	F15	R5	EB	No_visible_band_after_2nd_PCR
V2842	CAAGGAGCGGACTCCT	GGACTACNVGGGTWTCTAAT	GTGYCAGCMGCCGCGGTAA	NSW-SYD-RHW-046	Vagina	1	H5	CAAGGAGC	GGACTCCT	F16	R5	EB	
V2928	ATTGGCTCGGACTCCT	GGACTACNVGGGTWTCTAAT	GTGYCAGCMGCCGCGGTAA	QLD-BRI-MATER-057	Vagina	2	A5	ATTGGCTC	GGACTCCT	F17	R5	NS	
V2929	CACCTTACGGACTCCT	GGACTACNVGGGTWTCTAAT	GTGYCAGCMGCCGCGGTAA	QLD-BRI-MATER-070	Vagina	2	B5	CACCTTAC	GGACTCCT	F18	R5	NS	
V2930	CTAAGGTCGGACTCCT	GGACTACNVGGGTWTCTAAT	GTGYCAGCMGCCGCGGTAA	SA-ADEL-WCH-005	Vagina	2	C5	CTAAGGTC	GGACTCCT	F19	R5	NS	
V2931	GAACAGGCGGACTCCT	GGACTACNVGGGTWTCTAAT	GTGYCAGCMGCCGCGGTAA	SA-ADEL-WCH-026	Vagina	2	D5	GAACAGGC	GGACTCCT	F20	R5	NS	
V2932	CCGTGAGAGGACTCCT	GGACTACNVGGGTWTCTAAT	GTGYCAGCMGCCGCGGTAA	SA-ADEL-WCH-030	Vagina	2	E5	CCGTGAGA	GGACTCCT	F21	R5	NS	No_visible_band_after_2nd_PCR
V2933	CCTCCTGAGGACTCCT	GGACTACNVGGGTWTCTAAT	GTGYCAGCMGCCGCGGTAA	SA-ADEL-WCH-038	Vagina	2	F5	CCTCCTGA	GGACTCCT	F22	R5	NS	
V2934	CGAACTTAGGACTCCT	GGACTACNVGGGTWTCTAAT	GTGYCAGCMGCCGCGGTAA	VIC-MEL-RMH-011	Vagina	2	G5	CGAACTTA	GGACTCCT	F23	R5	NS	
V2935	CGACTGGAGGACTCCT	GGACTACNVGGGTWTCTAAT	GTGYCAGCMGCCGCGGTAA	VIC-MEL-RMH-021	Vagina	2	H5	CGACTGGA	GGACTCCT	F24	R5	NS	
V2835	CCGAAGTAGGACTCCT	GGACTACNVGGGTWTCTAAT	GTGYCAGCMGCCGCGGTAA	NSW-SYD-STG-001	Vagina	1	A5	CCGAAGTA	GGACTCCT	F9	R5	EB	
V2844	GAGCTGAATAGGCATG	GGACTACNVGGGTWTCTAAT	GTGYCAGCMGCCGCGGTAA	NSW-SYD-RHW-045	Vagina	1	B6	GAGCTGAA	TAGGCATG	F10	R6	EB	
V2845	GCGAGTAATAGGCATG	GGACTACNVGGGTWTCTAAT	GTGYCAGCMGCCGCGGTAA	NSW-SYD-RHW-053	Vagina	1	C6	GCGAGTAA	TAGGCATG	F11	R6	EB	
V2846	TGAAGAGATAGGCATG	GGACTACNVGGGTWTCTAAT	GTGYCAGCMGCCGCGGTAA	NSW-SYD-STG-019	Vagina	1	D6	TGAAGAGA	TAGGCATG	F12	R6	EB	
V2847	TGGTGGTATAGGCATG	GGACTACNVGGGTWTCTAAT	GTGYCAGCMGCCGCGGTAA	NSW-SYD-STG-008	Vagina	1	E6	TGGTGGTA	TAGGCATG	F13	R6	EB	
V2848	TTCACGCATAGGCATG	GGACTACNVGGGTWTCTAAT	GTGYCAGCMGCCGCGGTAA	NSW-SYD-CHW-033	Vagina	1	F6	TTCACGCA	TAGGCATG	F14	R6	EB	No_visible_band_after_2nd_PCR
V2849	AGCACCTCTAGGCATG	GGACTACNVGGGTWTCTAAT	GTGYCAGCMGCCGCGGTAA	QLD-BRI-MATER-095	Vagina	1	G6	AGCACCTC	TAGGCATG	F15	R6	EB	
V2850	CAAGGAGCTAGGCATG	GGACTACNVGGGTWTCTAAT	GTGYCAGCMGCCGCGGTAA	QLD-BRI-MATER-111	Vagina	1	H6	CAAGGAGC	TAGGCATG	F16	R6	EB	
V2936	ATTGGCTCTAGGCATG	GGACTACNVGGGTWTCTAAT	GTGYCAGCMGCCGCGGTAA	VIC-MEL-RMH-058	Vagina	2	A6	ATTGGCTC	TAGGCATG	F17	R6	NS	
V2937	CACCTTACTAGGCATG	GGACTACNVGGGTWTCTAAT	GTGYCAGCMGCCGCGGTAA	WA-PER-PMH-006	Vagina	2	B6	CACCTTAC	TAGGCATG	F18	R6	NS	
V2938	CTAAGGTCTAGGCATG	GGACTACNVGGGTWTCTAAT	GTGYCAGCMGCCGCGGTAA	WA-PER-PMH-008	Vagina	2	C6	CTAAGGTC	TAGGCATG	F19	R6	NS	
V2939	GAACAGGCTAGGCATG	GGACTACNVGGGTWTCTAAT	GTGYCAGCMGCCGCGGTAA	WA-PER-PMH-013	Vagina	2	D6	GAACAGGC	TAGGCATG	F20	R6	NS	
V2940	CCGTGAGATAGGCATG	GGACTACNVGGGTWTCTAAT	GTGYCAGCMGCCGCGGTAA	WA-PER-PMH-010	Vagina	2	E6	CCGTGAGA	TAGGCATG	F21	R6	NS	
V2941	CCTCCTGATAGGCATG	GGACTACNVGGGTWTCTAAT	GTGYCAGCMGCCGCGGTAA	Kit_Blank	Blank	2	F6	CCTCCTGA	TAGGCATG	F22	R6	NS	
V2942	CGAACTTATAGGCATG	GGACTACNVGGGTWTCTAAT	GTGYCAGCMGCCGCGGTAA	WA-PER-PMH-026	Vagina	2	G6	CGAACTTA	TAGGCATG	F23	R6	NS	
V2943	CGACTGGATAGGCATG	GGACTACNVGGGTWTCTAAT	GTGYCAGCMGCCGCGGTAA	WA-PER-PMH-061	Vagina	2	H6	CGACTGGA	TAGGCATG	F24	R6	NS	
V2843	CCGAAGTATAGGCATG	GGACTACNVGGGTWTCTAAT	GTGYCAGCMGCCGCGGTAA	NSW-SYD-RHW-050	Vagina	1	A6	CCGAAGTA	TAGGCATG	F9	R6	EB	
V2852	GAGCTGAACTCTCTAC	GGACTACNVGGGTWTCTAAT	GTGYCAGCMGCCGCGGTAA	SA-ADEL-WCH-095	Vagina	1	B7	GAGCTGAA	CTCTCTAC	F10	R7	EB	
V2853	GCGAGTAACTCTCTAC	GGACTACNVGGGTWTCTAAT	GTGYCAGCMGCCGCGGTAA	SA-ADEL-REG-026	Vagina	1	C7	GCGAGTAA	CTCTCTAC	F11	R7	EB	
V2854	TGAAGAGACTCTCTAC	GGACTACNVGGGTWTCTAAT	GTGYCAGCMGCCGCGGTAA	SA-ADEL-WCH-066	Vagina	1	D7	TGAAGAGA	CTCTCTAC	F12	R7	EB	
V2855	TGGTGGTACTCTCTAC	GGACTACNVGGGTWTCTAAT	GTGYCAGCMGCCGCGGTAA	SA-ADEL-WCH-081	Vagina	1	E7	TGGTGGTA	CTCTCTAC	F13	R7	EB	
V2856	TTCACGCACTCTCTAC	GGACTACNVGGGTWTCTAAT	GTGYCAGCMGCCGCGGTAA	SA-ADEL-WCH-080	Vagina	1	F7	TTCACGCA	CTCTCTAC	F14	R7	EB	
V2857	AGCACCTCCTCTCTAC	GGACTACNVGGGTWTCTAAT	GTGYCAGCMGCCGCGGTAA	SA-ADEL-REG-044	Vagina	1	G7	AGCACCTC	CTCTCTAC	F15	R7	EB	
V2858	CAAGGAGCCTCTCTAC	GGACTACNVGGGTWTCTAAT	GTGYCAGCMGCCGCGGTAA	WA-PER-PMH-069	Vagina	1	H7	CAAGGAGC	CTCTCTAC	F16	R7	EB	No_visible_band_after_2nd_PCR
V2944	ATTGGCTCCTCTCTAC	GGACTACNVGGGTWTCTAAT	GTGYCAGCMGCCGCGGTAA	WA-PER-PMH-064	Vagina	2	A7	ATTGGCTC	CTCTCTAC	F17	R7	NS	
V2945	CACCTTACCTCTCTAC	GGACTACNVGGGTWTCTAAT	GTGYCAGCMGCCGCGGTAA	WA-PER-PMH-058	Vagina	2	B7	CACCTTAC	CTCTCTAC	F18	R7	NS	
V2946	CTAAGGTCCTCTCTAC	GGACTACNVGGGTWTCTAAT	GTGYCAGCMGCCGCGGTAA	NSW-SYD-RHW-001	Vagina	2	C7	CTAAGGTC	CTCTCTAC	F19	R7	NS	
V2947	GAACAGGCCTCTCTAC	GGACTACNVGGGTWTCTAAT	GTGYCAGCMGCCGCGGTAA	NSW-SYD-RHW-004	Vagina	2	D7	GAACAGGC	CTCTCTAC	F20	R7	NS	
V2948	CCGTGAGACTCTCTAC	GGACTACNVGGGTWTCTAAT	GTGYCAGCMGCCGCGGTAA	NSW-SYD-RHW-018	Vagina	2	E7	CCGTGAGA	CTCTCTAC	F21	R7	NS	Very_faint_band_only_after_2nd_PCR
V2949	CCTCCTGACTCTCTAC	GGACTACNVGGGTWTCTAAT	GTGYCAGCMGCCGCGGTAA	NSW-SYD-RHW-041	Vagina	2	F7	CCTCCTGA	CTCTCTAC	F22	R7	NS	
V2950	CGAACTTACTCTCTAC	GGACTACNVGGGTWTCTAAT	GTGYCAGCMGCCGCGGTAA	NSW-SYD-CHW-025	Vagina	2	G7	CGAACTTA	CTCTCTAC	F23	R7	NS	
V2951	CGACTGGACTCTCTAC	GGACTACNVGGGTWTCTAAT	GTGYCAGCMGCCGCGGTAA	NSW-SYD-CHW-042	Vagina	2	H7	CGACTGGA	CTCTCTAC	F24	R7	NS	
V2851	CCGAAGTACTCTCTAC	GGACTACNVGGGTWTCTAAT	GTGYCAGCMGCCGCGGTAA	QLD-BRI-MATER-126	Vagina	1	A7	CCGAAGTA	CTCTCTAC	F9	R7	EB	No_visible_band_after_2nd_PCR
V2860	GAGCTGAACAGAGAGG	GGACTACNVGGGTWTCTAAT	GTGYCAGCMGCCGCGGTAA	WA-PER-PMH-085	Vagina	1	B8	GAGCTGAA	CAGAGAGG	F10	R8	EB	
V2861	GCGAGTAACAGAGAGG	GGACTACNVGGGTWTCTAAT	GTGYCAGCMGCCGCGGTAA	NSW-SYD-RHW-057	Vagina	1	C8	GCGAGTAA	CAGAGAGG	F11	R8	EB	
V2862	TGAAGAGACAGAGAGG	GGACTACNVGGGTWTCTAAT	GTGYCAGCMGCCGCGGTAA	NSW-SYD-CHW-054	Vagina	1	D8	TGAAGAGA	CAGAGAGG	F12	R8	EB	
V2863	TGGTGGTACAGAGAGG	GGACTACNVGGGTWTCTAAT	GTGYCAGCMGCCGCGGTAA	NSW-SYD-CHW-056	Vagina	1	E8	TGGTGGTA	CAGAGAGG	F13	R8	EB	
V2864	TTCACGCACAGAGAGG	GGACTACNVGGGTWTCTAAT	GTGYCAGCMGCCGCGGTAA	NSW-SYD-RHW-063	Vagina	1	F8	TTCACGCA	CAGAGAGG	F14	R8	EB	
V2865	AGCACCTCCAGAGAGG	GGACTACNVGGGTWTCTAAT	GTGYCAGCMGCCGCGGTAA	NSW-SYD-STG-025	Vagina	1	G8	AGCACCTC	CAGAGAGG	F15	R8	EB	
V2866	CAAGGAGCCAGAGAGG	GGACTACNVGGGTWTCTAAT	GTGYCAGCMGCCGCGGTAA	NSW-SYD-CHW-082	Vagina	1	H8	CAAGGAGC	CAGAGAGG	F16	R8	EB	
V2952	ATTGGCTCCAGAGAGG	GGACTACNVGGGTWTCTAAT	GTGYCAGCMGCCGCGGTAA	NSW-SYD-STG-020	Vagina	2	A8	ATTGGCTC	CAGAGAGG	F17	R8	NS	
V2953	CACCTTACCAGAGAGG	GGACTACNVGGGTWTCTAAT	GTGYCAGCMGCCGCGGTAA	NSW-SYD-RHW-054	Vagina	2	B8	CACCTTAC	CAGAGAGG	F18	R8	NS	
V2954	CTAAGGTCCAGAGAGG	GGACTACNVGGGTWTCTAAT	GTGYCAGCMGCCGCGGTAA	NSW-SYD-CHW-051	Vagina	2	C8	CTAAGGTC	CAGAGAGG	F19	R8	NS	
V2955	GAACAGGCCAGAGAGG	GGACTACNVGGGTWTCTAAT	GTGYCAGCMGCCGCGGTAA	NSW-SYD-RHW-055	Vagina	2	D8	GAACAGGC	CAGAGAGG	F20	R8	NS	
V2956	CCGTGAGACAGAGAGG	GGACTACNVGGGTWTCTAAT	GTGYCAGCMGCCGCGGTAA	NSW-SYD-RHW-033	Vagina	2	E8	CCGTGAGA	CAGAGAGG	F21	R8	NS	
V2957	CCTCCTGACAGAGAGG	GGACTACNVGGGTWTCTAAT	GTGYCAGCMGCCGCGGTAA	NSW-SYD-RHW-034	Vagina	2	F8	CCTCCTGA	CAGAGAGG	F22	R8	NS	
V2958	CGAACTTACAGAGAGG	GGACTACNVGGGTWTCTAAT	GTGYCAGCMGCCGCGGTAA	NSW-SYD-CHW-027	Vagina	2	G8	CGAACTTA	CAGAGAGG	F23	R8	NS	
V2959	CGACTGGACAGAGAGG	GGACTACNVGGGTWTCTAAT	GTGYCAGCMGCCGCGGTAA	QLD-BRI-MATER-064	Vagina	2	H8	CGACTGGA	CAGAGAGG	F24	R8	NS	
V2859	CCGAAGTACAGAGAGG	GGACTACNVGGGTWTCTAAT	GTGYCAGCMGCCGCGGTAA	WA-PER-PMH-090	Vagina	1	A8	CCGAAGTA	CAGAGAGG	F9	R8	EB	No_visible_band_after_2nd_PCR
V2868	GAGCTGAAGCTACGCT	GGACTACNVGGGTWTCTAAT	GTGYCAGCMGCCGCGGTAA	NSW-SYD-CHW-075	Vagina	1	B9	GAGCTGAA	GCTACGCT	F10	R9	EB	
V2869	GCGAGTAAGCTACGCT	GGACTACNVGGGTWTCTAAT	GTGYCAGCMGCCGCGGTAA	QLD-BRI-MATER-113	Vagina	1	C9	GCGAGTAA	GCTACGCT	F11	R9	EB	
V2870	TGAAGAGAGCTACGCT	GGACTACNVGGGTWTCTAAT	GTGYCAGCMGCCGCGGTAA	QLD-BRI-MATER-119	Vagina	1	D9	TGAAGAGA	GCTACGCT	F12	R9	EB	
V2871	TGGTGGTAGCTACGCT	GGACTACNVGGGTWTCTAAT	GTGYCAGCMGCCGCGGTAA	QLD-BRI-MATER-123	Vagina	1	E9	TGGTGGTA	GCTACGCT	F13	R9	EB	
V2872	TTCACGCAGCTACGCT	GGACTACNVGGGTWTCTAAT	GTGYCAGCMGCCGCGGTAA	SA-ADEL-WCH-110	Vagina	1	F9	TTCACGCA	GCTACGCT	F14	R9	EB	No_visible_band_after_2nd_PCR
V2873	AGCACCTCGCTACGCT	GGACTACNVGGGTWTCTAAT	GTGYCAGCMGCCGCGGTAA	SA-ADEL-WCH-122	Vagina	1	G9	AGCACCTC	GCTACGCT	F15	R9	EB	
V2874	CAAGGAGCGCTACGCT	GGACTACNVGGGTWTCTAAT	GTGYCAGCMGCCGCGGTAA	VIC-MEL-RMH-040	Vagina	1	H9	CAAGGAGC	GCTACGCT	F16	R9	EB	
V2960	ATTGGCTCGCTACGCT	GGACTACNVGGGTWTCTAAT	GTGYCAGCMGCCGCGGTAA	QLD-BRI-MATER-109	Vagina	2	A9	ATTGGCTC	GCTACGCT	F17	R9	NS	
V2961	CACCTTACGCTACGCT	GGACTACNVGGGTWTCTAAT	GTGYCAGCMGCCGCGGTAA	QLD-BRI-MATER-106	Vagina	2	B9	CACCTTAC	GCTACGCT	F18	R9	NS	
V2962	CTAAGGTCGCTACGCT	GGACTACNVGGGTWTCTAAT	GTGYCAGCMGCCGCGGTAA	QLD-BRI-MATER-121	Vagina	2	C9	CTAAGGTC	GCTACGCT	F19	R9	NS	
V2963	GAACAGGCGCTACGCT	GGACTACNVGGGTWTCTAAT	GTGYCAGCMGCCGCGGTAA	SA-ADEL-WCH-076	Vagina	2	D9	GAACAGGC	GCTACGCT	F20	R9	NS	No_visible_band_after_2nd_PCR
V2964	CCGTGAGAGCTACGCT	GGACTACNVGGGTWTCTAAT	GTGYCAGCMGCCGCGGTAA	SA-ADEL-WCH-079	Vagina	2	E9	CCGTGAGA	GCTACGCT	F21	R9	NS	
V2965	CCTCCTGAGCTACGCT	GGACTACNVGGGTWTCTAAT	GTGYCAGCMGCCGCGGTAA	SA-ADEL-WCH-094	Vagina	2	F9	CCTCCTGA	GCTACGCT	F22	R9	NS	
V2966	CGAACTTAGCTACGCT	GGACTACNVGGGTWTCTAAT	GTGYCAGCMGCCGCGGTAA	SA-ADEL-WCH-100	Vagina	2	G9	CGAACTTA	GCTACGCT	F23	R9	NS	
V2967	CGACTGGAGCTACGCT	GGACTACNVGGGTWTCTAAT	GTGYCAGCMGCCGCGGTAA	WA-PER-PMH-065	Vagina	2	H9	CGACTGGA	GCTACGCT	F24	R9	NS	No_visible_band_after_2nd_PCR
V2867	CCGAAGTAGCTACGCT	GGACTACNVGGGTWTCTAAT	GTGYCAGCMGCCGCGGTAA	NSW-SYD-CHW-083	Vagina	1	A9	CCGAAGTA	GCTACGCT	F9	R9	EB	
