SampleID	SampleName	SampleID	Parity	motherid	Pregnancy_knowndysglycaemia	T1Dstatus	Sampling_time	Order	SampleType	ITS	HLAComp	HLA	T1Dstatus	Merging	ITSband	Parity2	Parity
VF2941ITS1	Kit Blank	NA	NA	NA	N	NA	NA	108	Kit Blank	ITS1	NA	NA	NA	NA	NA	NA	NA
VF2991ITS1	Kit Blank	NA	NA	NA	N	NA	NA	138	Kit Blank	ITS1	NA	NA	NA	NA	NA	NA	NA
VF2836ITS1	NSW-SYD-CHW-008_T3	NSW-SYD-CHW-008	0	9179	GDM	0	T3	27	Vagina	ITS1	DRXX	DRXX	0	NSW-SYD-CHW-008	Y	0	0
VF2838ITS1	NSW-SYD-CHW-015_T3	NSW-SYD-CHW-015	1	6805	N	1	T3	313	Vagina	ITS1	DR44	Group3o4	1	NSW-SYD-CHW-015	N	1	1
VF2950ITS1	NSW-SYD-CHW-025_T3	NSW-SYD-CHW-025	0	4373	N	1	T3	113	Vagina	ITS1	DR4X	Group3o4	1	NSW-SYD-CHW-025	Y	0	0
VF2958ITS1	NSW-SYD-CHW-027_T3	NSW-SYD-CHW-027	0	4447	N	0	T3	342	Vagina	ITS1	NA	NA	0	NSW-SYD-CHW-027	N	0	0
VF2848ITS1	NSW-SYD-CHW-033_T3	NSW-SYD-CHW-033	1	4543	N	1	T3	34	Vagina	ITS1	DRXX	DRXX	1	NSW-SYD-CHW-033	Y	1	1
VF2951ITS1	NSW-SYD-CHW-042_T3	NSW-SYD-CHW-042	0	4270	N	1	T3	114	Vagina	ITS1	DR34	DR34	1	NSW-SYD-CHW-042	Y	0	0
VF2972ITS1	NSW-SYD-CHW-044_T3	NSW-SYD-CHW-044	1	2847	N	1	T3	126	Vagina	ITS1	DR4X	Group3o4	1	NSW-SYD-CHW-044	Y	1	1
VF2954ITS1	NSW-SYD-CHW-051_T3	NSW-SYD-CHW-051	1	4157	N	0	T3	340	Vagina	ITS1	NA	NA	0	NSW-SYD-CHW-051	N	1	1
VF2974ITS1	NSW-SYD-CHW-053_T3	NSW-SYD-CHW-053	1	943	N	1	T3	128	Vagina	ITS1	DR34	DR34	1	NSW-SYD-CHW-053	Y	1	1
VF2862ITS1	NSW-SYD-CHW-054_T3	NSW-SYD-CHW-054	1	9953	N	1	T3	46	Vagina	ITS1	DR4X	Group3o4	1	NSW-SYD-CHW-054	Y	1	1
VF2863ITS1	NSW-SYD-CHW-056_T3	NSW-SYD-CHW-056	0	3612	N	0	T3	47	Vagina	ITS1	DR3X	Group3o4	0	NSW-SYD-CHW-056	Y	0	0
VF2976ITS1	NSW-SYD-CHW-060_T3	NSW-SYD-CHW-060	1	3644	N	0	T3	348	Vagina	ITS1	DRXX	DRXX	0	NSW-SYD-CHW-060	N	1	1
VF2889ITS1	NSW-SYD-CHW-063_T3	NSW-SYD-CHW-063	1	9368	N	0	T3	67	Vagina	ITS1	DR4X	Group3o4	0	NSW-SYD-CHW-063	Y	1	1
VF2977ITS1	NSW-SYD-CHW-070_T3	NSW-SYD-CHW-070	1	4503	N	1	T3	129	Vagina	ITS1	DR4X	Group3o4	1	NSW-SYD-CHW-070	Y	1	1
VF2868ITS1	NSW-SYD-CHW-075_T3	NSW-SYD-CHW-075	0	3514	N	0	T3	52	Vagina	ITS1	DRXX	DRXX	0	NSW-SYD-CHW-075	Y	0	0
VF2805ITS1	NSW-SYD-CHW-076_T3	NSW-SYD-CHW-076	0	3576	N	1	T3	1	Vagina	ITS1	DR34	DR34	1	NSW-SYD-CHW-076	Y	0	0
VF2866ITS1	NSW-SYD-CHW-082_T3	NSW-SYD-CHW-082	0	876	N	0	T3	50	Vagina	ITS1	DRXX	DRXX	0	NSW-SYD-CHW-082	Y	0	0
VF2867ITS1	NSW-SYD-CHW-083_T3	NSW-SYD-CHW-083	1	222	N	0	T3	51	Vagina	ITS1	DR4X	Group3o4	0	NSW-SYD-CHW-083	Y	1	1
VF2890ITS1	NSW-SYD-CHW-084_T3	NSW-SYD-CHW-084	1	5384	N	0	T3	68	Vagina	ITS1	DR3X	Group3o4	0	NSW-SYD-CHW-084	Y	1	1
VF2922ITS1	NSW-SYD-CHW-085_T3	NSW-SYD-CHW-085	1	8334	N	0	T3	329	Vagina	ITS1	DR4X	Group3o4	0	NSW-SYD-CHW-085	N	1	1
VF2923ITS1	NSW-SYD-CHW-093_T3	NSW-SYD-CHW-093	0	1235	N	0	T3	94	Vagina	ITS1	DRXX	DRXX	0	NSW-SYD-CHW-093	Y	0	0
VF2806ITS1	NSW-SYD-CHW-098_T3	NSW-SYD-CHW-098	1	1910	N	0	T3	2	Vagina	ITS1	DR3X	Group3o4	0	NSW-SYD-CHW-098	Y	1	1
VF2926ITS1	NSW-SYD-CHW-100_T3	NSW-SYD-CHW-100	0	9497	N	1	T3	97	Vagina	ITS1	DR4X	Group3o4	1	NSW-SYD-CHW-100	Y	0	0
VF2925ITS1	NSW-SYD-CHW-101_T3	NSW-SYD-CHW-101	0	7423	N	0	T3	96	Vagina	ITS1	DR4X	Group3o4	0	NSW-SYD-CHW-101	Y	0	0
VF2946ITS1	NSW-SYD-RHW-001_T3	NSW-SYD-RHW-001	0	325	N	0	T3	110	Vagina	ITS1	NA	NA	0	NSW-SYD-RHW-001	Y	0	0
VF2947ITS1	NSW-SYD-RHW-004_T3	NSW-SYD-RHW-004	0	3639	N	1	T3	111	Vagina	ITS1	DR4X	Group3o4	1	NSW-SYD-RHW-004	Y	0	0
VF2839ITS1	NSW-SYD-RHW-015_T3	NSW-SYD-RHW-015	0	1931	N	1	T3	314	Vagina	ITS1	DR3X	Group3o4	1	NSW-SYD-RHW-015	N	0	0
VF2837ITS1	NSW-SYD-RHW-016_T3	NSW-SYD-RHW-016	0	6302	N	1	T3	28	Vagina	ITS1	DR44	Group3o4	1	NSW-SYD-RHW-016	Y	0	0
VF2948ITS1	NSW-SYD-RHW-018_T3	NSW-SYD-RHW-018	1	1978	N	1	T3	337	Vagina	ITS1	DR34	DR34	1	NSW-SYD-RHW-018	N	1	1
VF2956ITS1	NSW-SYD-RHW-033_T3	NSW-SYD-RHW-033	0	7489	N	0	T3	116	Vagina	ITS1	DRXX	DRXX	0	NSW-SYD-RHW-033	Y	0	0
VF2957ITS1	NSW-SYD-RHW-034_T3	NSW-SYD-RHW-034	1	430	N	1	T3	341	Vagina	ITS1	DR3X	Group3o4	1	NSW-SYD-RHW-034	N	1	1
VF2949ITS1	NSW-SYD-RHW-041_T3	NSW-SYD-RHW-041	1	2681	N	0	T3	112	Vagina	ITS1	DR3X	Group3o4	0	NSW-SYD-RHW-041	Y	1	1
VF2840ITS1	NSW-SYD-RHW-044_T3	NSW-SYD-RHW-044	0	9395	N	0	T3	315	Vagina	ITS1	NA	NA	0	NSW-SYD-RHW-044	N	0	0
VF2844ITS1	NSW-SYD-RHW-045_T3	NSW-SYD-RHW-045	0	6594	N	1	T3	30	Vagina	ITS1	DR34	DR34	1	NSW-SYD-RHW-045	Y	0	0
VF2842ITS1	NSW-SYD-RHW-046_T3	NSW-SYD-RHW-046	0	4701	N	0	T3	29	Vagina	ITS1	NA	NA	0	NSW-SYD-RHW-046	Y	0	0
VF2845ITS1	NSW-SYD-RHW-053_T3	NSW-SYD-RHW-053	1	3110	N	0	T3	31	Vagina	ITS1	DR3X	Group3o4	0	NSW-SYD-RHW-053	Y	1	1
VF2953ITS1	NSW-SYD-RHW-054_T3	NSW-SYD-RHW-054	1	1931	N	1	T3	339	Vagina	ITS1	DR3X	Group3o4	1	NSW-SYD-RHW-054	N	1	1
VF2955ITS1	NSW-SYD-RHW-055_T3	NSW-SYD-RHW-055	0	5595	N	1	T3	115	Vagina	ITS1	DR44	Group3o4	1	NSW-SYD-RHW-055	Y	0	0
VF2861ITS1	NSW-SYD-RHW-057_T3	NSW-SYD-RHW-057	0	5966	N	0	T3	45	Vagina	ITS1	DRXX	DRXX	0	NSW-SYD-RHW-057	Y	0	0
VF2973ITS1	NSW-SYD-RHW-059_T3	NSW-SYD-RHW-059	0	8377	N	1	T3	127	Vagina	ITS1	DR34	DR34	1	NSW-SYD-RHW-059	Y	0	0
VF2864ITS1	NSW-SYD-RHW-063_T3	NSW-SYD-RHW-063	1	9387	N	0	T3	48	Vagina	ITS1	DRXX	DRXX	0	NSW-SYD-RHW-063	Y	1	1
VF2804ITS1	NSW-SYD-RHW-072_T3	NSW-SYD-RHW-072	0	6160	N	0	T3	307	Vagina	ITS1	DR4X	Group3o4	0	NSW-SYD-RHW-072	N	0	0
VF2803ITS1	NSW-SYD-RHW-074_T3	NSW-SYD-RHW-074	0	775	N	0	T3	306	Vagina	ITS1	DR3X	Group3o4	0	NSW-SYD-RHW-074	N	0	0
VF2924ITS1	NSW-SYD-RHW-077_T3	NSW-SYD-RHW-077	1	4052	N	0	T3	95	Vagina	ITS1	DR34	DR34	0	NSW-SYD-RHW-077	Y	2	1
VF2807ITS1	NSW-SYD-RHW-078_T3	NSW-SYD-RHW-078	1	607	N	0	T3	3	Vagina	ITS1	DRXX	DRXX	0	NSW-SYD-RHW-078	Y	2	1
VF2835ITS1	NSW-SYD-STG-001_T3	NSW-SYD-STG-001	1	9803	GDM	0	T3	26	Vagina	ITS1	DRXX	DRXX	0	NSW-SYD-STG-001	Y	1	1
VF2847ITS1	NSW-SYD-STG-008_T3	NSW-SYD-STG-008	1	7595	N	0	T3	33	Vagina	ITS1	DRXX	DRXX	0	NSW-SYD-STG-008	Y	5	1
VF2846ITS1	NSW-SYD-STG-019_T3	NSW-SYD-STG-019	1	1978	N	1	T3	32	Vagina	ITS1	DR34	DR34	1	NSW-SYD-STG-019	Y	2	1
VF2952ITS1	NSW-SYD-STG-020_T3	NSW-SYD-STG-020	1	9308	N	1	T3	338	Vagina	ITS1	DR34	DR34	1	NSW-SYD-STG-020	N	1	1
VF2865ITS1	NSW-SYD-STG-025_T3	NSW-SYD-STG-025	1	601	N	1	T3	49	Vagina	ITS1	DR4X	Group3o4	1	NSW-SYD-STG-025	Y	2	1
VF2975ITS1	NSW-SYD-STG-026_T3	NSW-SYD-STG-026	0	6502	N	0	T2	347	Vagina	ITS1	DR33	Group3o4	0	NSW-SYD-STG-026	N	0	0
VF2921ITS1	NSW-SYD-STG-028_T3	NSW-SYD-STG-028	0	5731	N	1	T3	93	Vagina	ITS1	DR34	DR34	1	NSW-SYD-STG-028	Y	0	0
VF2809ITS1	NSW-SYD-STG-029_T3	NSW-SYD-STG-029	1	8475	N	0	T3	5	Vagina	ITS1	DR3X	Group3o4	0	NSW-SYD-STG-029	Y	5	1
VF2808ITS1	NSW-SYD-STG-031_T3	NSW-SYD-STG-031	0	9567	N	1	T3	4	Vagina	ITS1	DR34	DR34	1	NSW-SYD-STG-031	Y	0	0
VF2810ITS1	QLD-BRI-MATER-001_T3	QLD-BRI-MATER-001	0	3851	N	1	T3	6	Vagina	ITS1	DR4X	Group3o4	1	QLD-BRI-MATER-001	Y	0	0
VF2927ITS1	QLD-BRI-MATER-025_T3	QLD-BRI-MATER-025	1	6119	N	0	T3	98	Vagina	ITS1	DR4X	Group3o4	0	QLD-BRI-MATER-025	Y	3	1
VF2811ITS1	QLD-BRI-MATER-030_T3	QLD-BRI-MATER-030	0	5862	N	0	T3	7	Vagina	ITS1	DR4X	Group3o4	0	QLD-BRI-MATER-030	Y	0	0
VF2812ITS1	QLD-BRI-MATER-053_T3	QLD-BRI-MATER-053	1	1571	N	1	T2	8	Vagina	ITS1	DR34	DR34	1	QLD-BRI-MATER-053	Y	6	1
VF2928ITS1	QLD-BRI-MATER-057_T3	QLD-BRI-MATER-057	1	569	GDM	1	T3	99	Vagina	ITS1	DR33	Group3o4	1	QLD-BRI-MATER-057	Y	2	1
VF2959ITS1	QLD-BRI-MATER-064_T3	QLD-BRI-MATER-064	0	3707	N	1	T3	343	Vagina	ITS1	DR4X	Group3o4	0	QLD-BRI-MATER-064	N	0	0
VF2929ITS1	QLD-BRI-MATER-070_T3	QLD-BRI-MATER-070	0	9807	N	1	T3	100	Vagina	ITS1	DR44	Group3o4	1	QLD-BRI-MATER-070	Y	0	0
VF2813ITS1	QLD-BRI-MATER-088_T3	QLD-BRI-MATER-088	1	5053	N	0	T3	9	Vagina	ITS1	DR4X	Group3o4	0	QLD-BRI-MATER-088	Y	1	1
VF2849ITS1	QLD-BRI-MATER-095_T3	QLD-BRI-MATER-095	0	8063	N	0	T3	35	Vagina	ITS1	DR3X	Group3o4	0	QLD-BRI-MATER-095	Y	0	0
VF2961ITS1	QLD-BRI-MATER-106_T3	QLD-BRI-MATER-106	0	977	N	1	T3	117	Vagina	ITS1	DR34	DR34	1	QLD-BRI-MATER-106	Y	0	0
VF2960ITS1	QLD-BRI-MATER-109_T3	QLD-BRI-MATER-109	1	7537	N	0	T3	344	Vagina	ITS1	DR4X	Group3o4	0	QLD-BRI-MATER-109	N	2	1
VF2850ITS1	QLD-BRI-MATER-111_T3	QLD-BRI-MATER-111	1	271	N	0	T3	36	Vagina	ITS1	DR33	Group3o4	0	QLD-BRI-MATER-111	Y	1	1
VF2869ITS1	QLD-BRI-MATER-113_T3	QLD-BRI-MATER-113	1	6163	N	0	T3	53	Vagina	ITS1	DR34	DR34	0	QLD-BRI-MATER-113	Y	3	1
VF2870ITS1	QLD-BRI-MATER-119_T3	QLD-BRI-MATER-119	1	9933	N	1	T3	318	Vagina	ITS1	DR4X	Group3o4	1	QLD-BRI-MATER-119	N	1	1
VF2962ITS1	QLD-BRI-MATER-121_T3	QLD-BRI-MATER-121	1	5420	N	1	T3	118	Vagina	ITS1	DRXX	DRXX	1	QLD-BRI-MATER-121	Y	1	1
VF2871ITS1	QLD-BRI-MATER-123_T3	QLD-BRI-MATER-123	0	7607	GDM	1	T3	319	Vagina	ITS1	DR4X	Group3o4	1	QLD-BRI-MATER-123	N	0	0
VF2851ITS1	QLD-BRI-MATER-126_T3	QLD-BRI-MATER-126	1	7922	N	0	T3	37	Vagina	ITS1	DRXX	DRXX	0	QLD-BRI-MATER-126	Y	1	1
VF2979ITS1	QLD-BRI-MATER-129_T3	QLD-BRI-MATER-129	1	9011	N	0	T3	349	Vagina	ITS1	DR44	Group3o4	0	QLD-BRI-MATER-129	N	1	1
VF2893ITS1	QLD-BRI-MATER-142_T3	QLD-BRI-MATER-142	1	2879	N	0	T3	70	Vagina	ITS1	DR4X	Group3o4	0	QLD-BRI-MATER-142	Y	3	1
VF2980ITS1	QLD-BRI-MATER-143_T3	QLD-BRI-MATER-143	1	9468	N	0	T3	131	Vagina	ITS1	DR4X	Group3o4	0	QLD-BRI-MATER-143	Y	2(+1)	1
VF2978ITS1	QLD-BRI-MATER-149_T3	QLD-BRI-MATER-149	0	9808	N	1	T3	130	Vagina	ITS1	DR44	Group3o4	1	QLD-BRI-MATER-149	Y	0	0
VF2981ITS1	QLD-BRI-MATER-156_T3	QLD-BRI-MATER-156	0	5263	N	1	T3	132	Vagina	ITS1	DR3X	Group3o4	1	QLD-BRI-MATER-156	Y	0	0
VF2894ITS1	QLD-BRI-MATER-161_T3	QLD-BRI-MATER-161	0	7438	N	1	T3	71	Vagina	ITS1	DR34	DR34	1	QLD-BRI-MATER-161	Y	1	1
VF2892ITS1	QLD-BRI-MATER-163_T3	QLD-BRI-MATER-163	1	7805	N	1	T3	69	Vagina	ITS1	DRXX	DRXX	1	QLD-BRI-MATER-163	Y	NA	NA
VF2895ITS1	QLD-BRI-MATER-169_T3	QLD-BRI-MATER-169	1	9333	N	0	T3	72	Vagina	ITS1	DR3X	DR3X	0	QLD-BRI-MATER-169	Y	NA	NA
VF2896ITS1	QLD-BRI-MATER-172_T3	QLD-BRI-MATER-172	1	2911	N	0	T3	73	Vagina	ITS1	DR4X	Group3o4	0	QLD-BRI-MATER-172	Y	4	1
VF2897ITS1	QLD-BRI-MATER-175_T3	QLD-BRI-MATER-175	0	6262	N	0	T3	74	Vagina	ITS1	DR3X	Group3o4	0	QLD-BRI-MATER-175	Y	0	0
VF2982ITS1	QLD-BRI-MATER-179_T3	QLD-BRI-MATER-179	1	8706	N	1	T3	350	Vagina	ITS1	DR4X	Group3o4	1	QLD-BRI-MATER-179	N	1	1
VF2899ITS1	QLD-BRI-MATER-181_T3	QLD-BRI-MATER-181	0	7536	N	0	T3	76	Vagina	ITS1	DR4X	Group3o4	0	QLD-BRI-MATER-181	Y	0	0
VF2898ITS1	QLD-BRI-MATER-183_T3	QLD-BRI-MATER-183	1	5899	N	0	T3	75	Vagina	ITS1	DRXX	DRXX	0	QLD-BRI-MATER-183	Y	1	1
VF3002ITS1	QLD-BRI-MATER-190_T3	QLD-BRI-MATER-190	0	838	N	0	T3	146	Vagina	ITS1	DR4X	Group3o4	0	QLD-BRI-MATER-190	Y	0	0
VF2819ITS1	SA-ADEL-REG-001_T3	SA-ADEL-REG-001	1	3221	N	0	T3	11	Vagina	ITS1	DR4X	Group3o4	0	SA-ADEL-REG-001	Y	1	1
VF2823ITS1	SA-ADEL-REG-014_T3	SA-ADEL-REG-014	1	21	N	1	T3	15	Vagina	ITS1	DR3X	Group3o4	1	SA-ADEL-REG-014	Y	2	1
VF2920ITS1	SA-ADEL-REG-016_T3	SA-ADEL-REG-016	0	4770	N	0	T3	92	Vagina	ITS1	DR3X	Group3o4	0	SA-ADEL-REG-016	Y	0	0
VF2820ITS1	SA-ADEL-REG-018_T3	SA-ADEL-REG-018	1	9549	N	0	T3	12	Vagina	ITS1	DR3X	Group3o4	0	SA-ADEL-REG-018	Y	1	1
VF2853ITS1	SA-ADEL-REG-026_T3	SA-ADEL-REG-026	0	6756	N	0	T3	316	Vagina	ITS1	DR3X	Group3o4	0	SA-ADEL-REG-026	N	0	0
VF2902ITS1	SA-ADEL-REG-037_T3	SA-ADEL-REG-037	1	9869	N	1	T3	79	Vagina	ITS1	DR3X	Group3o4	1	SA-ADEL-REG-037	Y	1	1
VF2857ITS1	SA-ADEL-REG-044_T3	SA-ADEL-REG-044	1	9101	N	1	T2	317	Vagina	ITS1	DR3X	Group3o4	1	SA-ADEL-REG-044	N	1	1
VF3003ITS1	SA-ADEL-REG-058_T3	SA-ADEL-REG-058	1	5395	N	0	T3	357	Vagina	ITS1	DRXX	DRXX	0	SA-ADEL-REG-058	N	2	1
VF2900ITS1	SA-ADEL-REG-066_T3	SA-ADEL-REG-066	0	9759	N	0	T3	77	Vagina	ITS1	DRXX	DRXX	0	SA-ADEL-REG-066	Y	0	0
VF2903ITS1	SA-ADEL-REG-078_T3	SA-ADEL-REG-078	0	7359	N	0	T3	80	Vagina	ITS1	DRXX	DRXX	0	SA-ADEL-REG-078	Y	0	0
VF2930ITS1	SA-ADEL-WCH-005_T3	SA-ADEL-WCH-005	1	9882	N	1	T3	101	Vagina	ITS1	DR34	DR34	1	SA-ADEL-WCH-005	Y	1	1
VF2814ITS1	SA-ADEL-WCH-017_T3	SA-ADEL-WCH-017	0	9732	N	0	T3	10	Vagina	ITS1	DRXX	DRXX	0	SA-ADEL-WCH-017	Y	0	0
VF2815ITS1	SA-ADEL-WCH-023_T3	SA-ADEL-WCH-023	0	1059	N	1	T3	308	Vagina	ITS1	DR33	Group3o4	1	SA-ADEL-WCH-023	N	0	0
VF2931ITS1	SA-ADEL-WCH-026_T3	SA-ADEL-WCH-026	0	9178	N	1	T3	102	Vagina	ITS1	DR34	DR34	1	SA-ADEL-WCH-026	Y	0	0
VF2816ITS1	SA-ADEL-WCH-027_T3	SA-ADEL-WCH-027	1	645	N	1	T3	309	Vagina	ITS1	DR34	DR34	1	SA-ADEL-WCH-027	N	2	1
VF2932ITS1	SA-ADEL-WCH-030_T3	SA-ADEL-WCH-030	1	450	N	1	T3	103	Vagina	ITS1	DR33	Group3o4	1	SA-ADEL-WCH-030	Y	1	1
VF2817ITS1	SA-ADEL-WCH-037_T3	SA-ADEL-WCH-037	1	625	N	0	T3	310	Vagina	ITS1	DR3X	Group3o4	0	SA-ADEL-WCH-037	N	2	1
VF2933ITS1	SA-ADEL-WCH-038_T3	SA-ADEL-WCH-038	1	1849	N	0	T3	104	Vagina	ITS1	DRXX	DRXX	0	SA-ADEL-WCH-038	Y	1	1
VF2818ITS1	SA-ADEL-WCH-045_T3	SA-ADEL-WCH-045	1	2972	N	0	T3	311	Vagina	ITS1	DRXX	DRXX	0	SA-ADEL-WCH-045	N	1	1
VF2854ITS1	SA-ADEL-WCH-066_T3	SA-ADEL-WCH-066	1	230	N	0	T3	39	Vagina	ITS1	DR44	Group3o4	0	SA-ADEL-WCH-066	Y	1	1
VF2822ITS1	SA-ADEL-WCH-069_T3	SA-ADEL-WCH-069	1	4140	N	0	T3	14	Vagina	ITS1	DRXX	DRXX	0	SA-ADEL-WCH-069	Y	1	1
VF2821ITS1	SA-ADEL-WCH-073_T3	SA-ADEL-WCH-073	1	2567	N	0	T3	13	Vagina	ITS1	DR3X	Group3o4	0	SA-ADEL-WCH-073	Y	4	1
VF2963ITS1	SA-ADEL-WCH-076_T3	SA-ADEL-WCH-076	1	4102	N	0	T3	119	Vagina	ITS1	DRXX	DRXX	0	SA-ADEL-WCH-076	Y	1	1
VF2964ITS1	SA-ADEL-WCH-079_T3	SA-ADEL-WCH-079	1	5321	N	1	T3	120	Vagina	ITS1	DR4X	Group3o4	1	SA-ADEL-WCH-079	Y	3	1
VF2856ITS1	SA-ADEL-WCH-080_T3	SA-ADEL-WCH-080	0	1042	N	0	T3	41	Vagina	ITS1	DR34	DR34	0	SA-ADEL-WCH-080	Y	0	0
VF2855ITS1	SA-ADEL-WCH-081_T3	SA-ADEL-WCH-081	1	6528	N	0	T3	40	Vagina	ITS1	DR4X	Group3o4	0	SA-ADEL-WCH-081	Y	1	1
VF2965ITS1	SA-ADEL-WCH-094_T3	SA-ADEL-WCH-094	1	4819	N	0	T3	345	Vagina	ITS1	DR4X	Group3o4	0	SA-ADEL-WCH-094	N	1	1
VF2852ITS1	SA-ADEL-WCH-095_T3	SA-ADEL-WCH-095	0	4923	N	0	T3	38	Vagina	ITS1	DRXX	DRXX	0	SA-ADEL-WCH-095	Y	0	0
VF2966ITS1	SA-ADEL-WCH-100_T3	SA-ADEL-WCH-100	0	362	N	1	T3	121	Vagina	ITS1	DRXX	DRXX	1	SA-ADEL-WCH-100	Y	0	0
VF2983ITS1	SA-ADEL-WCH-101_T3	SA-ADEL-WCH-101	1	2350	N	0	T3	133	Vagina	ITS1	DR34	DR34	0	SA-ADEL-WCH-101	Y	3	1
VF2984ITS1	SA-ADEL-WCH-105_T3	SA-ADEL-WCH-105	1	5486	N	1	T3	351	Vagina	ITS1	DRXX	DRXX	1	SA-ADEL-WCH-105	N	2	1
VF2872ITS1	SA-ADEL-WCH-110_T3	SA-ADEL-WCH-110	1	2227	N	1	T3	54	Vagina	ITS1	DR3X	Group3o4	1	SA-ADEL-WCH-110	Y	1	1
VF2901ITS1	SA-ADEL-WCH-118_T3	SA-ADEL-WCH-118	1	8943	N	0	T3	78	Vagina	ITS1	DRXX	DRXX	0	SA-ADEL-WCH-118	Y	2	1
VF2873ITS1	SA-ADEL-WCH-122_T3	SA-ADEL-WCH-122	1	4144	N	1	T3	320	Vagina	ITS1	DR4X	Group3o4	1	SA-ADEL-WCH-122	N	1	1
VF2985ITS1	SA-ADEL-WCH-129_T3	SA-ADEL-WCH-129	1	803	N	0	T3	134	Vagina	ITS1	NA	NA	0	SA-ADEL-WCH-129	Y	2	1
VF2904ITS1	SA-ADEL-WCH-134_T3	SA-ADEL-WCH-134	1	9557	N	0	T3	81	Vagina	ITS1	DR33	Group3o4	0	SA-ADEL-WCH-134	Y	3	1
VF2915ITS1	SA-ADEL-WCH-156_T3	SA-ADEL-WCH-156	0	7872	N	0	T3	90	Vagina	ITS1	DR3X	DR3X	0	SA-ADEL-WCH-156	Y	0	0
VF2916ITS1	SA-ADEL-WCH-157_T3	SA-ADEL-WCH-157	0	5694	N	0	T3	326	Vagina	ITS1	DR3X	DR3X	0	SA-ADEL-WCH-157	N	0	0
VF2824ITS1	VIC-MEL-RMH-009_T3	VIC-MEL-RMH-009	1	8540	N	1	T3	16	Vagina	ITS1	DR34	DR34	1	VIC-MEL-RMH-009	Y	1	1
VF2934ITS1	VIC-MEL-RMH-011_T3	VIC-MEL-RMH-011	1	7230	N	0	T3	105	Vagina	ITS1	Withdrawn	NA	0	VIC-MEL-RMH-011	Y	1	1
VF2878ITS1	VIC-MEL-RMH-012_T3	VIC-MEL-RMH-012	1	5273	N	1	T3	57	Vagina	ITS1	DR4X	Group3o4	1	VIC-MEL-RMH-012	Y	1	1
VF2935ITS1	VIC-MEL-RMH-021_T3	VIC-MEL-RMH-021	0	2006	N	0	T3	330	Vagina	ITS1	Pending	NA	0	VIC-MEL-RMH-021	N	0	0
VF2877ITS1	VIC-MEL-RMH-032_T3	VIC-MEL-RMH-032	1	8164	N	1	T3	322	Vagina	ITS1	DR4X	Group3o4	1	VIC-MEL-RMH-032	N	1	1
VF2825ITS1	VIC-MEL-RMH-033_T3	VIC-MEL-RMH-033	0	9525	N	1	T3	312	Vagina	ITS1	DR44	Group3o4	1	VIC-MEL-RMH-033	N	0	0
VF2874ITS1	VIC-MEL-RMH-040_T3	VIC-MEL-RMH-040	0	8998	N	1	T3	55	Vagina	ITS1	DR4X	Group3o4	1	VIC-MEL-RMH-040	Y	0	0
VF2876ITS1	VIC-MEL-RMH-046_T3	VIC-MEL-RMH-046	0	6452	N	0	T3	321	Vagina	ITS1	DR44	Group3o4	0	VIC-MEL-RMH-046	N	0	0
VF2905ITS1	VIC-MEL-RMH-049_T3	VIC-MEL-RMH-049	0	6237	N	1	T3	82	Vagina	ITS1	DR34	DR34	1	VIC-MEL-RMH-049	Y	0	0
VF2875ITS1	VIC-MEL-RMH-050_T3	VIC-MEL-RMH-050	0	2505	N	0	T3	56	Vagina	ITS1	DR4X	Group3o4	0	VIC-MEL-RMH-050	Y	0	0
VF2936ITS1	VIC-MEL-RMH-058_T3	VIC-MEL-RMH-058	0	8344	N	0	T3	106	Vagina	ITS1	NA	NA	0	VIC-MEL-RMH-058	Y	0	0
VF2879ITS1	VIC-MEL-RMH-072_T3	VIC-MEL-RMH-072	1	9739	N	1	T3	58	Vagina	ITS1	DR3X	Group3o4	1	VIC-MEL-RMH-072	Y	1	1
VF2986ITS1	VIC-MEL-RMH-075_T3	VIC-MEL-RMH-075	0	7792	N	0	T3	352	Vagina	ITS1	DR3X	Group3o4	0	VIC-MEL-RMH-075	N	0	0
VF2990ITS1	VIC-MEL-RMH-084_T3	VIC-MEL-RMH-084	1	2643	N	1	T3	137	Vagina	ITS1	DR33	Group3o4	1	VIC-MEL-RMH-084	Y	1	1
VF2989ITS1	VIC-MEL-RMH-086_T3	VIC-MEL-RMH-086	0	4435	N	1	T3	136	Vagina	ITS1	DRXX	DRXX	1	VIC-MEL-RMH-086	Y	0	0
VF2988ITS1	VIC-MEL-RMH-087_T3	VIC-MEL-RMH-087	0	479	N	1	T3	353	Vagina	ITS1	DR34	DR34	0	VIC-MEL-RMH-087	N	0	0
VF2987ITS1	VIC-MEL-RMH-088_T3	VIC-MEL-RMH-088	1	3881	N	0	T3	135	Vagina	ITS1	DRXX	DRXX	0	VIC-MEL-RMH-088	Y	1	1
VF2992ITS1	VIC-MEL-RMH-092_T3	VIC-MEL-RMH-092	0	1196	N	1	T3	354	Vagina	ITS1	DR34	DR34	1	VIC-MEL-RMH-092	N	0	0
VF2908ITS1	VIC-MEL-RMH-096_T3	VIC-MEL-RMH-096	1	7796	GDM	0	T3	324	Vagina	ITS1	DRXX	DRXX	0	VIC-MEL-RMH-096	N	2	1
VF2993ITS1	VIC-MEL-RMH-097_T3	VIC-MEL-RMH-097	0	6790	N	0	T3	355	Vagina	ITS1	DR4X	Group3o4	0	VIC-MEL-RMH-097	N	0	0
VF2906ITS1	VIC-MEL-RMH-099_T3	VIC-MEL-RMH-099	0	4310	N	0	T3	83	Vagina	ITS1	DRXX	DRXX	0	VIC-MEL-RMH-099	Y	0	0
VF2882ITS1	VIC-MEL-RMH-108_T3	VIC-MEL-RMH-108	0	3303	N	0	T3	61	Vagina	ITS1	DRXX	DRXX	0	VIC-MEL-RMH-108	Y	0	0
VF2881ITS1	VIC-MEL-RMH-113_T3	VIC-MEL-RMH-113	1	6850	N	1	T3	60	Vagina	ITS1	DR34	DR34	1	VIC-MEL-RMH-113	Y	1	1
VF2907ITS1	VIC-MEL-RMH-114_T3	VIC-MEL-RMH-114	0	4244	N	1	T3	84	Vagina	ITS1	DR4X	Group3o4	0	VIC-MEL-RMH-114	Y	0	0
VF2994ITS1	VIC-MEL-RMH-115_T3	VIC-MEL-RMH-115	1	9507	N	1	T3	139	Vagina	ITS1	DR34	DR34	1	VIC-MEL-RMH-115	Y	1	1
VF2918ITS1	VIC-MEL-RMH-118_T3	VIC-MEL-RMH-118	0	1259	N	0	T3	91	Vagina	ITS1	DRXX	DRXX	0	VIC-MEL-RMH-118	Y	0	0
VF2909ITS1	VIC-MEL-RMH-119_T3	VIC-MEL-RMH-119	0	267	N	1	T3	85	Vagina	ITS1	DRXX	DRXX	1	VIC-MEL-RMH-119	Y	0	0
VF2880ITS1	VIC-MEL-RMH-122_T3	VIC-MEL-RMH-122	0	3493	N	1	T3	59	Vagina	ITS1	DR44	Group3o4	1	VIC-MEL-RMH-122	Y	0	0
VF2917ITS1	VIC-MEL-RMH-125_T3	VIC-MEL-RMH-125	1	4721	N	0	T3	327	Vagina	ITS1	DRXX	DRXX	0	VIC-MEL-RMH-125	N	1	1
VF3005ITS1	VIC-MEL-RMH-128_T3	VIC-MEL-RMH-128	0	4282	N	0	T3	148	Vagina	ITS1	DR4X	Group3o4	0	VIC-MEL-RMH-128	Y	0	0
VF3006ITS1	VIC-MEL-RMH-129_T3	VIC-MEL-RMH-129	0	7085	N	0	T3	149	Vagina	ITS1	DRXX	DRXX	0	VIC-MEL-RMH-129	Y	0	0
VF2919ITS1	VIC-MEL-RMH-131_T3	VIC-MEL-RMH-131	1	8052	N	1	T3	328	Vagina	ITS1	DR4X	Group3o4	1	VIC-MEL-RMH-131	N	1	1
VF3004ITS1	VIC-MEL-RMH-142_T3	VIC-MEL-RMH-142	1	1022	N	1	T3	147	Vagina	ITS1	DR44	Group3o4	1	VIC-MEL-RMH-142	Y	2	1
VF3008ITS1	VIC-MEL-RMH-152_T3	VIC-MEL-RMH-152	0	8240	N	0	T3	150	Vagina	ITS1	DR4X	Group3o4	0	VIC-MEL-RMH-152	Y	0	0
VF3007ITS1	VIC-MEL-RMH-154_T3	VIC-MEL-RMH-154	0	170	N	0	T3	358	Vagina	ITS1	DR4X	Group3o4	0	VIC-MEL-RMH-154	N	0	0
VF2910ITS1	VIC-MEL-RMH-168_T3	VIC-MEL-RMH-168	0	2658	N	1	T3	86	Vagina	ITS1	DR34	DR34	1	VIC-MEL-RMH-168	Y	0	0
VF3009ITS1	VIC-MEL-RMH-170_T3	VIC-MEL-RMH-170	0	1453	N	0	T3	359	Vagina	ITS1	DR4X	Group3o4	0	VIC-MEL-RMH-170	N	0	0
VF2996ITS1	VIC-MEL-RMH-196_T3	VIC-MEL-RMH-196	0	246	N	0	T3	141	Vagina	ITS1	DR4X	Group3o4	0	VIC-MEL-RMH-196	Y	0	0
VF2995ITS1	VIC-MEL-RMH-199_T3	VIC-MEL-RMH-199	0	6136	N	0	T3	140	Vagina	ITS1	Pending	Pending	0	VIC-MEL-RMH-199	Y	0	0
VF2937ITS1	WA-PER-PMH-006_T3	WA-PER-PMH-006	0	7185	N	1	T3	331	Vagina	ITS1	DR4X	Group3o4	1	WA-PER-PMH-006	N	0	0
VF2938ITS1	WA-PER-PMH-008_T3	WA-PER-PMH-008	1	8994	N	1	T3	332	Vagina	ITS1	DR4X	Group3o4	1	WA-PER-PMH-008	N	1	1
VF2940ITS1	WA-PER-PMH-010_T3	WA-PER-PMH-010	1	3877	N	1	T3	107	Vagina	ITS1	DR4X	Group3o4	1	WA-PER-PMH-010	Y	1	1
VF2939ITS1	WA-PER-PMH-013_T3	WA-PER-PMH-013	1	4419	N	1	T3	333	Vagina	ITS1	DR34	DR34	1	WA-PER-PMH-013	N	1	1
VF2826ITS1	WA-PER-PMH-022_T3	WA-PER-PMH-022	0	1636	N	0	T3	17	Vagina	ITS1	NA	NA	0	WA-PER-PMH-022	Y	0	0
VF2942ITS1	WA-PER-PMH-026_T3	WA-PER-PMH-026	1	526	N	1	T3	109	Vagina	ITS1	DR34	DR34	1	WA-PER-PMH-026	Y	1	1
VF2827ITS1	WA-PER-PMH-030_T3	WA-PER-PMH-030	1	6825	N	1	T3	18	Vagina	ITS1	DR34	DR34	1	WA-PER-PMH-030	Y	1	1
VF2828ITS1	WA-PER-PMH-033_T3	WA-PER-PMH-033	1	1267	N	1	T2	19	Vagina	ITS1	DRXX	DRXX	1	WA-PER-PMH-033	Y	2	1
VF2830ITS1	WA-PER-PMH-039_T3	WA-PER-PMH-039	0	1049	N	0	T3	21	Vagina	ITS1	DRXX	DRXX	0	WA-PER-PMH-039	Y	0	0
VF2829ITS1	WA-PER-PMH-040_T3	WA-PER-PMH-040	0	1692	N	0	T3	20	Vagina	ITS1	DR34	DR34	0	WA-PER-PMH-040	Y	0	0
VF2831ITS1	WA-PER-PMH-045_T3	WA-PER-PMH-045	0	5753	N	1	T3	22	Vagina	ITS1	DRXX	DRXX	1	WA-PER-PMH-045	Y	0	0
VF2833ITS1	WA-PER-PMH-051_T3	WA-PER-PMH-051	1	2093	N	1	T3	24	Vagina	ITS1	DR3X	Group3o4	1	WA-PER-PMH-051	Y	1	1
VF2832ITS1	WA-PER-PMH-052_T3	WA-PER-PMH-052	0	3777	N	0	T3	23	Vagina	ITS1	DRXX	DRXX	0	WA-PER-PMH-052	Y	0	0
VF2945ITS1	WA-PER-PMH-058_T3	WA-PER-PMH-058	1	2581	N	1	T2	336	Vagina	ITS1	DR34	DR34	0	WA-PER-PMH-058	N	1	1
VF2943ITS1	WA-PER-PMH-061_T3	WA-PER-PMH-061	1	9617	N	0	T3	334	Vagina	ITS1	DRXX	DRXX	0	WA-PER-PMH-061	N	2	1
VF2968ITS1	WA-PER-PMH-062_T3	WA-PER-PMH-062	0	4335	N	1	T3	346	Vagina	ITS1	DR33	Group3o4	1	WA-PER-PMH-062	N	0	0
VF2944ITS1	WA-PER-PMH-064_T3	WA-PER-PMH-064	1	8163	N	1	T3	335	Vagina	ITS1	DR3X	Group3o4	1	WA-PER-PMH-064	N	1	1
VF2967ITS1	WA-PER-PMH-065_T3	WA-PER-PMH-065	1	1000	N	0	T3	122	Vagina	ITS1	DR44	Group3o4	0	WA-PER-PMH-065	Y	2	1
VF2834ITS1	WA-PER-PMH-066_T3	WA-PER-PMH-066	0	4604	N	0	T3	25	Vagina	ITS1	DR34	DR34	0	WA-PER-PMH-066	Y	0	0
VF2970ITS1	WA-PER-PMH-067_T3	WA-PER-PMH-067	1	9061	N	0	T3	124	Vagina	ITS1	NA	NA	0	WA-PER-PMH-067	Y	3	1
VF2858ITS1	WA-PER-PMH-069_T3	WA-PER-PMH-069	0	4233	N	0	T3	42	Vagina	ITS1	DR3X	Group3o4	0	WA-PER-PMH-069	Y	0	0
VF2969ITS1	WA-PER-PMH-073_T3	WA-PER-PMH-073	0	5752	N	1	T3	123	Vagina	ITS1	DR33	Group3o4	1	WA-PER-PMH-073	Y	0	0
VF2860ITS1	WA-PER-PMH-085_T3	WA-PER-PMH-085	0	3959	N	1	T3	44	Vagina	ITS1	DR4X	Group3o4	1	WA-PER-PMH-085	Y	0	0
VF2859ITS1	WA-PER-PMH-090_T3	WA-PER-PMH-090	1	9277	N	1	T3	43	Vagina	ITS1	DR4X	Group3o4	1	WA-PER-PMH-090	Y	1	1
VF2883ITS1	WA-PER-PMH-093_T3	WA-PER-PMH-093	1	2419	N	1	T3	62	Vagina	ITS1	DR4X	Group3o4	1	WA-PER-PMH-093	Y	2	1
VF2885ITS1	WA-PER-PMH-094_T3	WA-PER-PMH-094	1	7468	N	1	T3	64	Vagina	ITS1	DR34	DR34	1	WA-PER-PMH-094	Y	1	1
VF2971ITS1	WA-PER-PMH-095_T3	WA-PER-PMH-095	0	4892	N	1	T3	125	Vagina	ITS1	DR3X	Group3o4	1	WA-PER-PMH-095	Y	0	0
VF2884ITS1	WA-PER-PMH-097_T3	WA-PER-PMH-097	0	3464	N	0	T3	63	Vagina	ITS1	DRXX	DRXX	0	WA-PER-PMH-097	Y	0	0
VF2912ITS1	WA-PER-PMH-098_T3	WA-PER-PMH-098	1	3769	N	1	T3	88	Vagina	ITS1	DR4X	Group3o4	1	WA-PER-PMH-098	Y	1	1
VF2911ITS1	WA-PER-PMH-100_T3	WA-PER-PMH-100	1	1789	N	1	T3	87	Vagina	ITS1	DR4X	Group3o4	1	WA-PER-PMH-100	Y	1	1
VF2886ITS1	WA-PER-PMH-101_T3	WA-PER-PMH-101	1	4958	N	1	T3	65	Vagina	ITS1	DR3X	Group3o4	1	WA-PER-PMH-101	Y	1	1
VF2888ITS1	WA-PER-PMH-106_T3	WA-PER-PMH-106	1	4335	N	1	T3	66	Vagina	ITS1	DR33	Group3o4	1	WA-PER-PMH-106	Y	1	1
VF2887ITS1	WA-PER-PMH-111_T3	WA-PER-PMH-111	1	2495	N	0	T3	323	Vagina	ITS1	DR4X	Group3o4	0	WA-PER-PMH-111	N	1	1
VF3010ITS1	WA-PER-PMH-114_T3	WA-PER-PMH-114	1	7373	N	0	T3	151	Vagina	ITS1	DR3X	Group3o4	0	WA-PER-PMH-114	Y	1	1
VF2997ITS1	WA-PER-PMH-116_T3	WA-PER-PMH-116	0	3545	N	1	T3	356	Vagina	ITS1	DRXX	DRXX	1	WA-PER-PMH-116	N	0	0
VF2998ITS1	WA-PER-PMH-117_T3	WA-PER-PMH-117	1	2581	N	1	T3	142	Vagina	ITS1	DR34	DR34	1	WA-PER-PMH-117	Y	2	1
VF2913ITS1	WA-PER-PMH-119_T3	WA-PER-PMH-119	0	7334	N	0	T3	325	Vagina	ITS1	DR44	Group3o4	0	WA-PER-PMH-119	N	0	0
VF2999ITS1	WA-PER-PMH-123_T3	WA-PER-PMH-123	0	6324	N	1	T3	143	Vagina	ITS1	DRXX	DRXX	1	WA-PER-PMH-123	Y	0	0
VF3011ITS1	WA-PER-PMH-128_T3	WA-PER-PMH-128	1	9277	N	1	T3	152	Vagina	ITS1	DR4X	Group3o4	1	WA-PER-PMH-128	Y	2	1
VF3000ITS1	WA-PER-PMH-132_T3	WA-PER-PMH-132	0	8000	N	1	T3	144	Vagina	ITS1	DR34	DR34	1	WA-PER-PMH-132	Y	0	0
VF2914ITS1	WA-PER-PMH-138_T3	WA-PER-PMH-138	1	2887	N	1	T3	89	Vagina	ITS1	DR34	DR34	1	WA-PER-PMH-138	Y	1	1
VF3012ITS1	WA-PER-PMH-148_T3	WA-PER-PMH-148	1	6512		0	T3	153	Vagina	ITS1	DR4X	Group3o4	0	WA-PER-PMH-148	Y	1	1
VF3001ITS1	WA-PER-PMH-163_T3	WA-PER-PMH-163	0	2570		0	T3	145	Vagina	ITS1	DR34	DR34	0	WA-PER-PMH-163	Y	0	0
VF2941ITS2	Kit Blank	NA	NA	NA	N	NA	NA	260	Kit Blank	ITS2	NA	NA	NA	NA	NA	NA	NA
VF2991ITS2	Kit Blank	NA	NA	NA	N	NA	NA	290	Kit Blank	ITS2	NA	NA	NA	NA	NA	NA	NA
VF2836ITS2	NSW-SYD-CHW-008_T3	NSW-SYD-CHW-008	0	9179	GDM	0	T3	180	Vagina	ITS2	DRXX	DRXX	0	NSW-SYD-CHW-008	Y	0	0
VF2838ITS2	NSW-SYD-CHW-015_T3	NSW-SYD-CHW-015	1	6805	N	1	T3	367	Vagina	ITS2	DR44	Group3o4	1	NSW-SYD-CHW-015	N	1	1
VF2950ITS2	NSW-SYD-CHW-025_T3	NSW-SYD-CHW-025	0	4373	N	1	T3	265	Vagina	ITS2	DR4X	Group3o4	1	NSW-SYD-CHW-025	Y	0	0
VF2958ITS2	NSW-SYD-CHW-027_T3	NSW-SYD-CHW-027	0	4447	N	0	T3	396	Vagina	ITS2	NA	NA	0	NSW-SYD-CHW-027	N	0	0
VF2848ITS2	NSW-SYD-CHW-033_T3	NSW-SYD-CHW-033	1	4543	N	1	T3	188	Vagina	ITS2	DRXX	DRXX	1	NSW-SYD-CHW-033	Y	1	1
VF2951ITS2	NSW-SYD-CHW-042_T3	NSW-SYD-CHW-042	0	4270	N	1	T3	266	Vagina	ITS2	DR34	DR34	1	NSW-SYD-CHW-042	Y	0	0
VF2972ITS2	NSW-SYD-CHW-044_T3	NSW-SYD-CHW-044	1	2847	N	1	T3	278	Vagina	ITS2	DR4X	Group3o4	1	NSW-SYD-CHW-044	Y	1	1
VF2954ITS2	NSW-SYD-CHW-051_T3	NSW-SYD-CHW-051	1	4157	N	0	T3	394	Vagina	ITS2	NA	NA	0	NSW-SYD-CHW-051	N	1	1
VF2974ITS2	NSW-SYD-CHW-053_T3	NSW-SYD-CHW-053	1	943	N	1	T3	280	Vagina	ITS2	DR34	DR34	1	NSW-SYD-CHW-053	Y	1	1
VF2862ITS2	NSW-SYD-CHW-054_T3	NSW-SYD-CHW-054	1	9953	N	1	T3	199	Vagina	ITS2	DR4X	Group3o4	1	NSW-SYD-CHW-054	Y	1	1
VF2863ITS2	NSW-SYD-CHW-056_T3	NSW-SYD-CHW-056	0	3612	N	0	T3	200	Vagina	ITS2	DR3X	Group3o4	0	NSW-SYD-CHW-056	Y	0	0
VF2976ITS2	NSW-SYD-CHW-060_T3	NSW-SYD-CHW-060	1	3644	N	0	T3	402	Vagina	ITS2	DRXX	DRXX	0	NSW-SYD-CHW-060	N	1	1
VF2889ITS2	NSW-SYD-CHW-063_T3	NSW-SYD-CHW-063	1	9368	N	0	T3	220	Vagina	ITS2	DR4X	Group3o4	0	NSW-SYD-CHW-063	Y	1	1
VF2977ITS2	NSW-SYD-CHW-070_T3	NSW-SYD-CHW-070	1	4503	N	1	T3	281	Vagina	ITS2	DR4X	Group3o4	1	NSW-SYD-CHW-070	Y	1	1
VF2868ITS2	NSW-SYD-CHW-075_T3	NSW-SYD-CHW-075	0	3514	N	0	T3	205	Vagina	ITS2	DRXX	DRXX	0	NSW-SYD-CHW-075	Y	0	0
VF2805ITS2	NSW-SYD-CHW-076_T3	NSW-SYD-CHW-076	0	3576	N	1	T3	154	Vagina	ITS2	DR34	DR34	1	NSW-SYD-CHW-076	Y	0	0
VF2866ITS2	NSW-SYD-CHW-082_T3	NSW-SYD-CHW-082	0	876	N	0	T3	203	Vagina	ITS2	DRXX	DRXX	0	NSW-SYD-CHW-082	Y	0	0
VF2867ITS2	NSW-SYD-CHW-083_T3	NSW-SYD-CHW-083	1	222	N	0	T3	204	Vagina	ITS2	DR4X	Group3o4	0	NSW-SYD-CHW-083	Y	1	1
VF2890ITS2	NSW-SYD-CHW-084_T3	NSW-SYD-CHW-084	1	5384	N	0	T3	221	Vagina	ITS2	DR3X	Group3o4	0	NSW-SYD-CHW-084	Y	1	1
VF2922ITS2	NSW-SYD-CHW-085_T3	NSW-SYD-CHW-085	1	8334	N	0	T3	383	Vagina	ITS2	DR4X	Group3o4	0	NSW-SYD-CHW-085	N	1	1
VF2923ITS2	NSW-SYD-CHW-093_T3	NSW-SYD-CHW-093	0	1235	N	0	T3	246	Vagina	ITS2	DRXX	DRXX	0	NSW-SYD-CHW-093	Y	0	0
VF2806ITS2	NSW-SYD-CHW-098_T3	NSW-SYD-CHW-098	1	1910	N	0	T3	155	Vagina	ITS2	DR3X	Group3o4	0	NSW-SYD-CHW-098	Y	1	1
VF2926ITS2	NSW-SYD-CHW-100_T3	NSW-SYD-CHW-100	0	9497	N	1	T3	249	Vagina	ITS2	DR4X	Group3o4	1	NSW-SYD-CHW-100	Y	0	0
VF2925ITS2	NSW-SYD-CHW-101_T3	NSW-SYD-CHW-101	0	7423	N	0	T3	248	Vagina	ITS2	DR4X	Group3o4	0	NSW-SYD-CHW-101	Y	0	0
VF2946ITS2	NSW-SYD-RHW-001_T3	NSW-SYD-RHW-001	0	325	N	0	T3	262	Vagina	ITS2	NA	NA	0	NSW-SYD-RHW-001	Y	0	0
VF2947ITS2	NSW-SYD-RHW-004_T3	NSW-SYD-RHW-004	0	3639	N	1	T3	263	Vagina	ITS2	DR4X	Group3o4	1	NSW-SYD-RHW-004	Y	0	0
VF2839ITS2	NSW-SYD-RHW-015_T3	NSW-SYD-RHW-015	0	1931	N	1	T3	368	Vagina	ITS2	DR3X	Group3o4	1	NSW-SYD-RHW-015	N	0	0
VF2837ITS2	NSW-SYD-RHW-016_T3	NSW-SYD-RHW-016	0	6302	N	1	T3	181	Vagina	ITS2	DR44	Group3o4	1	NSW-SYD-RHW-016	Y	0	0
VF2948ITS2	NSW-SYD-RHW-018_T3	NSW-SYD-RHW-018	1	1978	N	1	T3	391	Vagina	ITS2	DR34	DR34	1	NSW-SYD-RHW-018	N	1	1
VF2956ITS2	NSW-SYD-RHW-033_T3	NSW-SYD-RHW-033	0	7489	N	0	T3	268	Vagina	ITS2	DRXX	DRXX	0	NSW-SYD-RHW-033	Y	0	0
VF2957ITS2	NSW-SYD-RHW-034_T3	NSW-SYD-RHW-034	1	430	N	1	T3	395	Vagina	ITS2	DR3X	Group3o4	1	NSW-SYD-RHW-034	N	1	1
VF2949ITS2	NSW-SYD-RHW-041_T3	NSW-SYD-RHW-041	1	2681	N	0	T3	264	Vagina	ITS2	DR3X	Group3o4	0	NSW-SYD-RHW-041	Y	1	1
VF2840ITS2	NSW-SYD-RHW-044_T3	NSW-SYD-RHW-044	0	9395	N	0	T3	369	Vagina	ITS2	NA	NA	0	NSW-SYD-RHW-044	N	0	0
VF2844ITS2	NSW-SYD-RHW-045_T3	NSW-SYD-RHW-045	0	6594	N	1	T3	184	Vagina	ITS2	DR34	DR34	1	NSW-SYD-RHW-045	Y	0	0
VF2842ITS2	NSW-SYD-RHW-046_T3	NSW-SYD-RHW-046	0	4701	N	0	T3	182	Vagina	ITS2	NA	NA	0	NSW-SYD-RHW-046	Y	0	0
VF2843ITS2	NSW-SYD-RHW-050_T3	NSW-SYD-RHW-050	0	3476	N	0	T3	183	Vagina	ITS2	DRXX	DRXX	0	NSW-SYD-RHW-050	Y	0	0
VF2845ITS2	NSW-SYD-RHW-053_T3	NSW-SYD-RHW-053	1	3110	N	0	T3	185	Vagina	ITS2	DR3X	Group3o4	0	NSW-SYD-RHW-053	Y	1	1
VF2953ITS2	NSW-SYD-RHW-054_T3	NSW-SYD-RHW-054	1	1931	N	1	T3	393	Vagina	ITS2	DR3X	Group3o4	1	NSW-SYD-RHW-054	N	1	1
VF2955ITS2	NSW-SYD-RHW-055_T3	NSW-SYD-RHW-055	0	5595	N	1	T3	267	Vagina	ITS2	DR44	Group3o4	1	NSW-SYD-RHW-055	Y	0	0
VF2861ITS2	NSW-SYD-RHW-057_T3	NSW-SYD-RHW-057	0	5966	N	0	T3	198	Vagina	ITS2	DRXX	DRXX	0	NSW-SYD-RHW-057	Y	0	0
VF2973ITS2	NSW-SYD-RHW-059_T3	NSW-SYD-RHW-059	0	8377	N	1	T3	279	Vagina	ITS2	DR34	DR34	1	NSW-SYD-RHW-059	Y	0	0
VF2864ITS2	NSW-SYD-RHW-063_T3	NSW-SYD-RHW-063	1	9387	N	0	T3	201	Vagina	ITS2	DRXX	DRXX	0	NSW-SYD-RHW-063	Y	1	1
VF2804ITS2	NSW-SYD-RHW-072_T3	NSW-SYD-RHW-072	0	6160	N	0	T3	361	Vagina	ITS2	DR4X	Group3o4	0	NSW-SYD-RHW-072	N	0	0
VF2803ITS2	NSW-SYD-RHW-074_T3	NSW-SYD-RHW-074	0	775	N	0	T3	360	Vagina	ITS2	DR3X	Group3o4	0	NSW-SYD-RHW-074	N	0	0
VF2924ITS2	NSW-SYD-RHW-077_T3	NSW-SYD-RHW-077	1	4052	N	0	T3	247	Vagina	ITS2	DR34	DR34	0	NSW-SYD-RHW-077	Y	2	1
VF2807ITS2	NSW-SYD-RHW-078_T3	NSW-SYD-RHW-078	1	607	N	0	T3	156	Vagina	ITS2	DRXX	DRXX	0	NSW-SYD-RHW-078	Y	2	1
VF2835ITS2	NSW-SYD-STG-001_T3	NSW-SYD-STG-001	1	9803	GDM	0	T3	179	Vagina	ITS2	DRXX	DRXX	0	NSW-SYD-STG-001	Y	1	1
VF2847ITS2	NSW-SYD-STG-008_T3	NSW-SYD-STG-008	1	7595	N	0	T3	187	Vagina	ITS2	DRXX	DRXX	0	NSW-SYD-STG-008	Y	5	1
VF2846ITS2	NSW-SYD-STG-019_T3	NSW-SYD-STG-019	1	1978	N	1	T3	186	Vagina	ITS2	DR34	DR34	1	NSW-SYD-STG-019	Y	2	1
VF2952ITS2	NSW-SYD-STG-020_T3	NSW-SYD-STG-020	1	9308	N	1	T3	392	Vagina	ITS2	DR34	DR34	1	NSW-SYD-STG-020	N	1	1
VF2865ITS2	NSW-SYD-STG-025_T3	NSW-SYD-STG-025	1	601	N	1	T3	202	Vagina	ITS2	DR4X	Group3o4	1	NSW-SYD-STG-025	Y	2	1
VF2975ITS2	NSW-SYD-STG-026_T3	NSW-SYD-STG-026	0	6502	N	0	T2	401	Vagina	ITS2	DR33	Group3o4	0	NSW-SYD-STG-026	N	0	0
VF2921ITS2	NSW-SYD-STG-028_T3	NSW-SYD-STG-028	0	5731	N	1	T3	245	Vagina	ITS2	DR34	DR34	1	NSW-SYD-STG-028	Y	0	0
VF2809ITS2	NSW-SYD-STG-029_T3	NSW-SYD-STG-029	1	8475	N	0	T3	158	Vagina	ITS2	DR3X	Group3o4	0	NSW-SYD-STG-029	Y	5	1
VF2808ITS2	NSW-SYD-STG-031_T3	NSW-SYD-STG-031	0	9567	N	1	T3	157	Vagina	ITS2	DR34	DR34	1	NSW-SYD-STG-031	Y	0	0
VF2810ITS2	QLD-BRI-MATER-001_T3	QLD-BRI-MATER-001	0	3851	N	1	T3	159	Vagina	ITS2	DR4X	Group3o4	1	QLD-BRI-MATER-001	Y	0	0
VF2927ITS2	QLD-BRI-MATER-025_T3	QLD-BRI-MATER-025	1	6119	N	0	T3	250	Vagina	ITS2	DR4X	Group3o4	0	QLD-BRI-MATER-025	Y	3	1
VF2811ITS2	QLD-BRI-MATER-030_T3	QLD-BRI-MATER-030	0	5862	N	0	T3	160	Vagina	ITS2	DR4X	Group3o4	0	QLD-BRI-MATER-030	Y	0	0
VF2812ITS2	QLD-BRI-MATER-053_T3	QLD-BRI-MATER-053	1	1571	N	1	T2	161	Vagina	ITS2	DR34	DR34	1	QLD-BRI-MATER-053	Y	6	1
VF2928ITS2	QLD-BRI-MATER-057_T3	QLD-BRI-MATER-057	1	569	GDM	1	T3	251	Vagina	ITS2	DR33	Group3o4	1	QLD-BRI-MATER-057	Y	2	1
VF2959ITS2	QLD-BRI-MATER-064_T3	QLD-BRI-MATER-064	0	3707	N	1	T3	397	Vagina	ITS2	DR4X	Group3o4	0	QLD-BRI-MATER-064	N	0	0
VF2929ITS2	QLD-BRI-MATER-070_T3	QLD-BRI-MATER-070	0	9807	N	1	T3	252	Vagina	ITS2	DR44	Group3o4	1	QLD-BRI-MATER-070	Y	0	0
VF2813ITS2	QLD-BRI-MATER-088_T3	QLD-BRI-MATER-088	1	5053	N	0	T3	162	Vagina	ITS2	DR4X	Group3o4	0	QLD-BRI-MATER-088	Y	1	1
VF2849ITS2	QLD-BRI-MATER-095_T3	QLD-BRI-MATER-095	0	8063	N	0	T3	189	Vagina	ITS2	DR3X	Group3o4	0	QLD-BRI-MATER-095	Y	0	0
VF2961ITS2	QLD-BRI-MATER-106_T3	QLD-BRI-MATER-106	0	977	N	1	T3	269	Vagina	ITS2	DR34	DR34	1	QLD-BRI-MATER-106	Y	0	0
VF2960ITS2	QLD-BRI-MATER-109_T3	QLD-BRI-MATER-109	1	7537	N	0	T3	398	Vagina	ITS2	DR4X	Group3o4	0	QLD-BRI-MATER-109	N	2	1
VF2850ITS2	QLD-BRI-MATER-111_T3	QLD-BRI-MATER-111	1	271	N	0	T3	190	Vagina	ITS2	DR33	Group3o4	0	QLD-BRI-MATER-111	Y	1	1
VF2869ITS2	QLD-BRI-MATER-113_T3	QLD-BRI-MATER-113	1	6163	N	0	T3	206	Vagina	ITS2	DR34	DR34	0	QLD-BRI-MATER-113	Y	3	1
VF2870ITS2	QLD-BRI-MATER-119_T3	QLD-BRI-MATER-119	1	9933	N	1	T3	372	Vagina	ITS2	DR4X	Group3o4	1	QLD-BRI-MATER-119	N	1	1
VF2962ITS2	QLD-BRI-MATER-121_T3	QLD-BRI-MATER-121	1	5420	N	1	T3	270	Vagina	ITS2	DRXX	DRXX	1	QLD-BRI-MATER-121	Y	1	1
VF2871ITS2	QLD-BRI-MATER-123_T3	QLD-BRI-MATER-123	0	7607	GDM	1	T3	373	Vagina	ITS2	DR4X	Group3o4	1	QLD-BRI-MATER-123	N	0	0
VF2851ITS2	QLD-BRI-MATER-126_T3	QLD-BRI-MATER-126	1	7922	N	0	T3	191	Vagina	ITS2	DRXX	DRXX	0	QLD-BRI-MATER-126	Y	1	1
VF2979ITS2	QLD-BRI-MATER-129_T3	QLD-BRI-MATER-129	1	9011	N	0	T3	403	Vagina	ITS2	DR44	Group3o4	0	QLD-BRI-MATER-129	N	1	1
VF2893ITS2	QLD-BRI-MATER-142_T3	QLD-BRI-MATER-142	1	2879	N	0	T3	223	Vagina	ITS2	DR4X	Group3o4	0	QLD-BRI-MATER-142	Y	NA	NA
VF2980ITS2	QLD-BRI-MATER-143_T3	QLD-BRI-MATER-143	1	9468	N	0	T3	283	Vagina	ITS2	DR4X	Group3o4	0	QLD-BRI-MATER-143	Y	2(+1)	1
VF2978ITS2	QLD-BRI-MATER-149_T3	QLD-BRI-MATER-149	0	9808	N	1	T3	282	Vagina	ITS2	DR44	Group3o4	1	QLD-BRI-MATER-149	Y	0	0
VF2981ITS2	QLD-BRI-MATER-156_T3	QLD-BRI-MATER-156	0	5263	N	1	T3	284	Vagina	ITS2	DR3X	Group3o4	1	QLD-BRI-MATER-156	Y	0	0
VF2894ITS2	QLD-BRI-MATER-161_T3	QLD-BRI-MATER-161	0	7438	N	1	T3	224	Vagina	ITS2	DR34	DR34	1	QLD-BRI-MATER-161	Y	NA	NA
VF2892ITS2	QLD-BRI-MATER-163_T3	QLD-BRI-MATER-163	1	7805	N	1	T3	222	Vagina	ITS2	DRXX	DRXX	1	QLD-BRI-MATER-163	Y	NA	NA
VF2895ITS2	QLD-BRI-MATER-169_T3	QLD-BRI-MATER-169	1	9333	N	0	T3	225	Vagina	ITS2	DR3X	DR3X	0	QLD-BRI-MATER-169	Y	NA	NA
VF2896ITS2	QLD-BRI-MATER-172_T3	QLD-BRI-MATER-172	1	2911	N	0	T3	226	Vagina	ITS2	DR4X	Group3o4	0	QLD-BRI-MATER-172	Y	4	1
VF2897ITS2	QLD-BRI-MATER-175_T3	QLD-BRI-MATER-175	0	6262	N	0	T3	227	Vagina	ITS2	DR3X	Group3o4	0	QLD-BRI-MATER-175	Y	0	0
VF2982ITS2	QLD-BRI-MATER-179_T3	QLD-BRI-MATER-179	1	8706	N	1	T3	404	Vagina	ITS2	DR4X	Group3o4	1	QLD-BRI-MATER-179	N	1	1
VF2899ITS2	QLD-BRI-MATER-181_T3	QLD-BRI-MATER-181	0	7536	N	0	T3	229	Vagina	ITS2	DR4X	Group3o4	0	QLD-BRI-MATER-181	Y	0	0
VF2898ITS2	QLD-BRI-MATER-183_T3	QLD-BRI-MATER-183	1	5899	N	0	T3	228	Vagina	ITS2	DRXX	DRXX	0	QLD-BRI-MATER-183	Y	1	1
VF3002ITS2	QLD-BRI-MATER-190_T3	QLD-BRI-MATER-190	0	838	N	0	T3	298	Vagina	ITS2	DR4X	Group3o4	0	QLD-BRI-MATER-190	Y	0	0
VF2819ITS2	SA-ADEL-REG-001_T3	SA-ADEL-REG-001	1	3221	N	0	T3	164	Vagina	ITS2	DR4X	Group3o4	0	SA-ADEL-REG-001	Y	1	1
VF2823ITS2	SA-ADEL-REG-014_T3	SA-ADEL-REG-014	1	21	N	1	T3	168	Vagina	ITS2	DR3X	Group3o4	1	SA-ADEL-REG-014	Y	2	1
VF2920ITS2	SA-ADEL-REG-016_T3	SA-ADEL-REG-016	0	4770	N	0	T3	244	Vagina	ITS2	DR3X	Group3o4	0	SA-ADEL-REG-016	Y	0	0
VF2820ITS2	SA-ADEL-REG-018_T3	SA-ADEL-REG-018	1	9549	N	0	T3	165	Vagina	ITS2	DR3X	Group3o4	0	SA-ADEL-REG-018	Y	1	1
VF2853ITS2	SA-ADEL-REG-026_T3	SA-ADEL-REG-026	0	6756	N	0	T3	370	Vagina	ITS2	DR3X	Group3o4	0	SA-ADEL-REG-026	N	0	0
VF2902ITS2	SA-ADEL-REG-037_T3	SA-ADEL-REG-037	1	9869	N	1	T3	232	Vagina	ITS2	DR3X	Group3o4	1	SA-ADEL-REG-037	Y	1	1
VF2857ITS2	SA-ADEL-REG-044_T3	SA-ADEL-REG-044	1	9101	N	1	T2	371	Vagina	ITS2	DR3X	Group3o4	1	SA-ADEL-REG-044	N	1	1
VF3003ITS2	SA-ADEL-REG-058_T3	SA-ADEL-REG-058	1	5395	N	0	T3	411	Vagina	ITS2	DRXX	DRXX	0	SA-ADEL-REG-058	N	2	1
VF2900ITS2	SA-ADEL-REG-066_T3	SA-ADEL-REG-066	0	9759	N	0	T3	230	Vagina	ITS2	DRXX	DRXX	0	SA-ADEL-REG-066	Y	0	0
VF2903ITS2	SA-ADEL-REG-078_T3	SA-ADEL-REG-078	0	7359	N	0	T3	233	Vagina	ITS2	DRXX	DRXX	0	SA-ADEL-REG-078	Y	0	0
VF2930ITS2	SA-ADEL-WCH-005_T3	SA-ADEL-WCH-005	1	9882	N	1	T3	253	Vagina	ITS2	DR34	DR34	1	SA-ADEL-WCH-005	Y	1	1
VF2814ITS2	SA-ADEL-WCH-017_T3	SA-ADEL-WCH-017	0	9732	N	0	T3	163	Vagina	ITS2	DRXX	DRXX	0	SA-ADEL-WCH-017	Y	0	0
VF2815ITS2	SA-ADEL-WCH-023_T3	SA-ADEL-WCH-023	0	1059	N	1	T3	362	Vagina	ITS2	DR33	Group3o4	1	SA-ADEL-WCH-023	N	0	0
VF2931ITS2	SA-ADEL-WCH-026_T3	SA-ADEL-WCH-026	0	9178	N	1	T3	254	Vagina	ITS2	DR34	DR34	1	SA-ADEL-WCH-026	Y	0	0
VF2816ITS2	SA-ADEL-WCH-027_T3	SA-ADEL-WCH-027	1	645	N	1	T3	363	Vagina	ITS2	DR34	DR34	1	SA-ADEL-WCH-027	N	2	1
VF2932ITS2	SA-ADEL-WCH-030_T3	SA-ADEL-WCH-030	1	450	N	1	T3	255	Vagina	ITS2	DR33	Group3o4	1	SA-ADEL-WCH-030	Y	1	1
VF2817ITS2	SA-ADEL-WCH-037_T3	SA-ADEL-WCH-037	1	625	N	0	T3	364	Vagina	ITS2	DR3X	Group3o4	0	SA-ADEL-WCH-037	N	2	1
VF2933ITS2	SA-ADEL-WCH-038_T3	SA-ADEL-WCH-038	1	1849	N	0	T3	256	Vagina	ITS2	DRXX	DRXX	0	SA-ADEL-WCH-038	Y	1	1
VF2818ITS2	SA-ADEL-WCH-045_T3	SA-ADEL-WCH-045	1	2972	N	0	T3	365	Vagina	ITS2	DRXX	DRXX	0	SA-ADEL-WCH-045	N	1	1
VF2854ITS2	SA-ADEL-WCH-066_T3	SA-ADEL-WCH-066	1	230	N	0	T3	192	Vagina	ITS2	DR44	Group3o4	0	SA-ADEL-WCH-066	Y	1	1
VF2822ITS2	SA-ADEL-WCH-069_T3	SA-ADEL-WCH-069	1	4140	N	0	T3	167	Vagina	ITS2	DRXX	DRXX	0	SA-ADEL-WCH-069	Y	1	1
VF2821ITS2	SA-ADEL-WCH-073_T3	SA-ADEL-WCH-073	1	2567	N	0	T3	166	Vagina	ITS2	DR3X	Group3o4	0	SA-ADEL-WCH-073	Y	4	1
VF2963ITS2	SA-ADEL-WCH-076_T3	SA-ADEL-WCH-076	1	4102	N	0	T3	271	Vagina	ITS2	DRXX	DRXX	0	SA-ADEL-WCH-076	Y	1	1
VF2964ITS2	SA-ADEL-WCH-079_T3	SA-ADEL-WCH-079	1	5321	N	1	T3	272	Vagina	ITS2	DR4X	Group3o4	1	SA-ADEL-WCH-079	Y	3	1
VF2856ITS2	SA-ADEL-WCH-080_T3	SA-ADEL-WCH-080	0	1042	N	0	T3	194	Vagina	ITS2	DR34	DR34	0	SA-ADEL-WCH-080	Y	0	0
VF2855ITS2	SA-ADEL-WCH-081_T3	SA-ADEL-WCH-081	1	6528	N	0	T3	193	Vagina	ITS2	DR4X	Group3o4	0	SA-ADEL-WCH-081	Y	1	1
VF2965ITS2	SA-ADEL-WCH-094_T3	SA-ADEL-WCH-094	1	4819	N	0	T3	399	Vagina	ITS2	DR4X	Group3o4	0	SA-ADEL-WCH-094	N	1	1
VF2966ITS2	SA-ADEL-WCH-100_T3	SA-ADEL-WCH-100	0	362	N	1	T3	273	Vagina	ITS2	DRXX	DRXX	1	SA-ADEL-WCH-100	Y	0	0
VF2983ITS2	SA-ADEL-WCH-101_T3	SA-ADEL-WCH-101	1	2350	N	0	T3	285	Vagina	ITS2	DR34	DR34	0	SA-ADEL-WCH-101	Y	3	1
VF2984ITS2	SA-ADEL-WCH-105_T3	SA-ADEL-WCH-105	1	5486	N	1	T3	405	Vagina	ITS2	DRXX	DRXX	1	SA-ADEL-WCH-105	N	2	1
VF2872ITS2	SA-ADEL-WCH-110_T3	SA-ADEL-WCH-110	1	2227	N	1	T3	207	Vagina	ITS2	DR3X	Group3o4	1	SA-ADEL-WCH-110	Y	1	1
VF2901ITS2	SA-ADEL-WCH-118_T3	SA-ADEL-WCH-118	1	8943	N	0	T3	231	Vagina	ITS2	DRXX	DRXX	0	SA-ADEL-WCH-118	Y	2	1
VF2873ITS2	SA-ADEL-WCH-122_T3	SA-ADEL-WCH-122	1	4144	N	1	T3	374	Vagina	ITS2	DR4X	Group3o4	1	SA-ADEL-WCH-122	N	1	1
VF2985ITS2	SA-ADEL-WCH-129_T3	SA-ADEL-WCH-129	1	803	N	0	T3	286	Vagina	ITS2	NA	NA	0	SA-ADEL-WCH-129	Y	2	1
VF2904ITS2	SA-ADEL-WCH-134_T3	SA-ADEL-WCH-134	1	9557	N	0	T3	234	Vagina	ITS2	DR33	Group3o4	0	SA-ADEL-WCH-134	Y	3	1
VF2915ITS2	SA-ADEL-WCH-156_T3	SA-ADEL-WCH-156	0	7872	N	0	T3	242	Vagina	ITS2	DR3X	DR3X	0	SA-ADEL-WCH-156	Y	0	0
VF2916ITS2	SA-ADEL-WCH-157_T3	SA-ADEL-WCH-157	0	5694	N	0	T3	380	Vagina	ITS2	DR3X	DR3X	0	SA-ADEL-WCH-157	N	0	0
VF2824ITS2	VIC-MEL-RMH-009_T3	VIC-MEL-RMH-009	1	8540	N	1	T3	169	Vagina	ITS2	DR34	DR34	1	VIC-MEL-RMH-009	Y	1	1
VF2934ITS2	VIC-MEL-RMH-011_T3	VIC-MEL-RMH-011	1	7230	N	0	T3	257	Vagina	ITS2	Withdrawn	NA	0	VIC-MEL-RMH-011	Y	1	1
VF2878ITS2	VIC-MEL-RMH-012_T3	VIC-MEL-RMH-012	1	5273	N	1	T3	210	Vagina	ITS2	DR4X	Group3o4	1	VIC-MEL-RMH-012	Y	1	1
VF2935ITS2	VIC-MEL-RMH-021_T3	VIC-MEL-RMH-021	0	2006	N	0	T3	384	Vagina	ITS2	Pending	NA	0	VIC-MEL-RMH-021	N	0	0
VF2877ITS2	VIC-MEL-RMH-032_T3	VIC-MEL-RMH-032	1	8164	N	1	T3	376	Vagina	ITS2	DR4X	Group3o4	1	VIC-MEL-RMH-032	N	1	1
VF2825ITS2	VIC-MEL-RMH-033_T3	VIC-MEL-RMH-033	0	9525	N	1	T3	366	Vagina	ITS2	DR44	Group3o4	1	VIC-MEL-RMH-033	N	0	0
VF2874ITS2	VIC-MEL-RMH-040_T3	VIC-MEL-RMH-040	0	8998	N	1	T3	208	Vagina	ITS2	DR4X	Group3o4	1	VIC-MEL-RMH-040	Y	0	0
VF2876ITS2	VIC-MEL-RMH-046_T3	VIC-MEL-RMH-046	0	6452	N	0	T3	375	Vagina	ITS2	DR44	Group3o4	0	VIC-MEL-RMH-046	N	0	0
VF2905ITS2	VIC-MEL-RMH-049_T3	VIC-MEL-RMH-049	0	6237	N	1	T3	235	Vagina	ITS2	DR34	DR34	1	VIC-MEL-RMH-049	Y	0	0
VF2875ITS2	VIC-MEL-RMH-050_T3	VIC-MEL-RMH-050	0	2505	N	0	T3	209	Vagina	ITS2	DR4X	Group3o4	0	VIC-MEL-RMH-050	Y	0	0
VF2936ITS2	VIC-MEL-RMH-058_T3	VIC-MEL-RMH-058	0	8344	N	0	T3	258	Vagina	ITS2	NA	NA	0	VIC-MEL-RMH-058	Y	0	0
VF2879ITS2	VIC-MEL-RMH-072_T3	VIC-MEL-RMH-072	1	9739	N	1	T3	211	Vagina	ITS2	DR3X	Group3o4	1	VIC-MEL-RMH-072	Y	1	1
VF2986ITS2	VIC-MEL-RMH-075_T3	VIC-MEL-RMH-075	0	7792	N	0	T3	406	Vagina	ITS2	DR3X	Group3o4	0	VIC-MEL-RMH-075	N	0	0
VF2990ITS2	VIC-MEL-RMH-084_T3	VIC-MEL-RMH-084	1	2643	N	1	T3	289	Vagina	ITS2	DR33	Group3o4	1	VIC-MEL-RMH-084	Y	1	1
VF2989ITS2	VIC-MEL-RMH-086_T3	VIC-MEL-RMH-086	0	4435	N	1	T3	288	Vagina	ITS2	DRXX	DRXX	1	VIC-MEL-RMH-086	Y	0	0
VF2988ITS2	VIC-MEL-RMH-087_T3	VIC-MEL-RMH-087	0	479	N	1	T3	407	Vagina	ITS2	DR34	DR34	0	VIC-MEL-RMH-087	N	0	0
VF2987ITS2	VIC-MEL-RMH-088_T3	VIC-MEL-RMH-088	1	3881	N	0	T3	287	Vagina	ITS2	DRXX	DRXX	0	VIC-MEL-RMH-088	Y	1	1
VF2992ITS2	VIC-MEL-RMH-092_T3	VIC-MEL-RMH-092	0	1196	N	1	T3	408	Vagina	ITS2	DR34	DR34	1	VIC-MEL-RMH-092	N	0	0
VF2908ITS2	VIC-MEL-RMH-096_T3	VIC-MEL-RMH-096	1	7796	GDM	0	T3	378	Vagina	ITS2	DRXX	DRXX	0	VIC-MEL-RMH-096	N	2	1
VF2993ITS2	VIC-MEL-RMH-097_T3	VIC-MEL-RMH-097	0	6790	N	0	T3	409	Vagina	ITS2	DR4X	Group3o4	0	VIC-MEL-RMH-097	N	0	0
VF2906ITS2	VIC-MEL-RMH-099_T3	VIC-MEL-RMH-099	0	4310	N	0	T3	236	Vagina	ITS2	DRXX	DRXX	0	VIC-MEL-RMH-099	Y	0	0
VF2882ITS2	VIC-MEL-RMH-108_T3	VIC-MEL-RMH-108	0	3303	N	0	T3	214	Vagina	ITS2	DRXX	DRXX	0	VIC-MEL-RMH-108	Y	0	0
VF2881ITS2	VIC-MEL-RMH-113_T3	VIC-MEL-RMH-113	1	6850	N	1	T3	213	Vagina	ITS2	DR34	DR34	1	VIC-MEL-RMH-113	Y	1	1
VF2907ITS2	VIC-MEL-RMH-114_T3	VIC-MEL-RMH-114	0	4244	N	1	T3	237	Vagina	ITS2	DR4X	Group3o4	0	VIC-MEL-RMH-114	Y	0	0
VF2994ITS2	VIC-MEL-RMH-115_T3	VIC-MEL-RMH-115	1	9507	N	1	T3	291	Vagina	ITS2	DR34	DR34	1	VIC-MEL-RMH-115	Y	1	1
VF2918ITS2	VIC-MEL-RMH-118_T3	VIC-MEL-RMH-118	0	1259	N	0	T3	243	Vagina	ITS2	DRXX	DRXX	0	VIC-MEL-RMH-118	Y	0	0
VF2909ITS2	VIC-MEL-RMH-119_T3	VIC-MEL-RMH-119	0	267	N	1	T3	238	Vagina	ITS2	DRXX	DRXX	1	VIC-MEL-RMH-119	Y	0	0
VF2880ITS2	VIC-MEL-RMH-122_T3	VIC-MEL-RMH-122	0	3493	N	1	T3	212	Vagina	ITS2	DR44	Group3o4	1	VIC-MEL-RMH-122	Y	0	0
VF2917ITS2	VIC-MEL-RMH-125_T3	VIC-MEL-RMH-125	1	4721	N	0	T3	381	Vagina	ITS2	DRXX	DRXX	0	VIC-MEL-RMH-125	N	1	1
VF3005ITS2	VIC-MEL-RMH-128_T3	VIC-MEL-RMH-128	0	4282	N	0	T3	300	Vagina	ITS2	DR4X	Group3o4	0	VIC-MEL-RMH-128	Y	0	0
VF3006ITS2	VIC-MEL-RMH-129_T3	VIC-MEL-RMH-129	0	7085	N	0	T3	301	Vagina	ITS2	DRXX	DRXX	0	VIC-MEL-RMH-129	Y	0	0
VF2919ITS2	VIC-MEL-RMH-131_T3	VIC-MEL-RMH-131	1	8052	N	1	T3	382	Vagina	ITS2	DR4X	Group3o4	1	VIC-MEL-RMH-131	N	1	1
VF3004ITS2	VIC-MEL-RMH-142_T3	VIC-MEL-RMH-142	1	1022	N	1	T3	299	Vagina	ITS2	DR44	Group3o4	1	VIC-MEL-RMH-142	Y	2	1
VF3008ITS2	VIC-MEL-RMH-152_T3	VIC-MEL-RMH-152	0	8240	N	0	T3	302	Vagina	ITS2	DR4X	Group3o4	0	VIC-MEL-RMH-152	Y	0	0
VF3007ITS2	VIC-MEL-RMH-154_T3	VIC-MEL-RMH-154	0	170	N	0	T3	412	Vagina	ITS2	DR4X	Group3o4	0	VIC-MEL-RMH-154	N	0	0
VF2910ITS2	VIC-MEL-RMH-168_T3	VIC-MEL-RMH-168	0	2658	N	1	T3	239	Vagina	ITS2	DR34	DR34	1	VIC-MEL-RMH-168	Y	0	0
VF3009ITS2	VIC-MEL-RMH-170_T3	VIC-MEL-RMH-170	0	1453	N	0	T3	413	Vagina	ITS2	DR4X	Group3o4	0	VIC-MEL-RMH-170	N	0	0
VF2996ITS2	VIC-MEL-RMH-196_T3	VIC-MEL-RMH-196	0	246	N	0	T3	293	Vagina	ITS2	DR4X	Group3o4	0	VIC-MEL-RMH-196	Y	0	0
VF2995ITS2	VIC-MEL-RMH-199_T3	VIC-MEL-RMH-199	0	6136	N	0	T3	292	Vagina	ITS2	Pending	Pending	0	VIC-MEL-RMH-199	Y	0	0
VF2937ITS2	WA-PER-PMH-006_T3	WA-PER-PMH-006	0	7185	N	1	T3	385	Vagina	ITS2	DR4X	Group3o4	1	WA-PER-PMH-006	N	0	0
VF2938ITS2	WA-PER-PMH-008_T3	WA-PER-PMH-008	1	8994	N	1	T3	386	Vagina	ITS2	DR4X	Group3o4	1	WA-PER-PMH-008	N	1	1
VF2940ITS2	WA-PER-PMH-010_T3	WA-PER-PMH-010	1	3877	N	1	T3	259	Vagina	ITS2	DR4X	Group3o4	1	WA-PER-PMH-010	Y	1	1
VF2939ITS2	WA-PER-PMH-013_T3	WA-PER-PMH-013	1	4419	N	1	T3	387	Vagina	ITS2	DR34	DR34	1	WA-PER-PMH-013	N	1	1
VF2826ITS2	WA-PER-PMH-022_T3	WA-PER-PMH-022	0	1636	N	0	T3	170	Vagina	ITS2	NA	NA	0	WA-PER-PMH-022	Y	0	0
VF2942ITS2	WA-PER-PMH-026_T3	WA-PER-PMH-026	1	526	N	1	T3	261	Vagina	ITS2	DR34	DR34	1	WA-PER-PMH-026	Y	1	1
VF2827ITS2	WA-PER-PMH-030_T3	WA-PER-PMH-030	1	6825	N	1	T3	171	Vagina	ITS2	DR34	DR34	1	WA-PER-PMH-030	Y	1	1
VF2828ITS2	WA-PER-PMH-033_T3	WA-PER-PMH-033	1	1267	N	1	T2	172	Vagina	ITS2	DRXX	DRXX	1	WA-PER-PMH-033	Y	2	1
VF2830ITS2	WA-PER-PMH-039_T3	WA-PER-PMH-039	0	1049	N	0	T3	174	Vagina	ITS2	DRXX	DRXX	0	WA-PER-PMH-039	Y	0	0
VF2829ITS2	WA-PER-PMH-040_T3	WA-PER-PMH-040	0	1692	N	0	T3	173	Vagina	ITS2	DR34	DR34	0	WA-PER-PMH-040	Y	0	0
VF2831ITS2	WA-PER-PMH-045_T3	WA-PER-PMH-045	0	5753	N	1	T3	175	Vagina	ITS2	DRXX	DRXX	1	WA-PER-PMH-045	Y	0	0
VF2833ITS2	WA-PER-PMH-051_T3	WA-PER-PMH-051	1	2093	N	1	T3	177	Vagina	ITS2	DR3X	Group3o4	1	WA-PER-PMH-051	Y	1	1
VF2832ITS2	WA-PER-PMH-052_T3	WA-PER-PMH-052	0	3777	N	0	T3	176	Vagina	ITS2	DRXX	DRXX	0	WA-PER-PMH-052	Y	0	0
VF2945ITS2	WA-PER-PMH-058_T3	WA-PER-PMH-058	1	2581	N	1	T2	390	Vagina	ITS2	DR34	DR34	0	WA-PER-PMH-058	N	1	1
VF2943ITS2	WA-PER-PMH-061_T3	WA-PER-PMH-061	1	9617	N	0	T3	388	Vagina	ITS2	DRXX	DRXX	0	WA-PER-PMH-061	N	2	1
VF2968ITS2	WA-PER-PMH-062_T3	WA-PER-PMH-062	0	4335	N	1	T3	400	Vagina	ITS2	DR33	Group3o4	1	WA-PER-PMH-062	N	0	0
VF2944ITS2	WA-PER-PMH-064_T3	WA-PER-PMH-064	1	8163	N	1	T3	389	Vagina	ITS2	DR3X	Group3o4	1	WA-PER-PMH-064	N	1	1
VF2967ITS2	WA-PER-PMH-065_T3	WA-PER-PMH-065	1	1000	N	0	T3	274	Vagina	ITS2	DR44	Group3o4	0	WA-PER-PMH-065	Y	2	1
VF2834ITS2	WA-PER-PMH-066_T3	WA-PER-PMH-066	0	4604	N	0	T3	178	Vagina	ITS2	DR34	DR34	0	WA-PER-PMH-066	Y	0	0
VF2970ITS2	WA-PER-PMH-067_T3	WA-PER-PMH-067	1	9061	N	0	T3	276	Vagina	ITS2	NA	NA	0	WA-PER-PMH-067	Y	3	1
VF2858ITS2	WA-PER-PMH-069_T3	WA-PER-PMH-069	0	4233	N	0	T3	195	Vagina	ITS2	DR3X	Group3o4	0	WA-PER-PMH-069	Y	0	0
VF2969ITS2	WA-PER-PMH-073_T3	WA-PER-PMH-073	0	5752	N	1	T3	275	Vagina	ITS2	DR33	Group3o4	1	WA-PER-PMH-073	Y	0	0
VF2860ITS2	WA-PER-PMH-085_T3	WA-PER-PMH-085	0	3959	N	1	T3	197	Vagina	ITS2	DR4X	Group3o4	1	WA-PER-PMH-085	Y	0	0
VF2859ITS2	WA-PER-PMH-090_T3	WA-PER-PMH-090	1	9277	N	1	T3	196	Vagina	ITS2	DR4X	Group3o4	1	WA-PER-PMH-090	Y	1	1
VF2883ITS2	WA-PER-PMH-093_T3	WA-PER-PMH-093	1	2419	N	1	T3	215	Vagina	ITS2	DR4X	Group3o4	1	WA-PER-PMH-093	Y	2	1
VF2885ITS2	WA-PER-PMH-094_T3	WA-PER-PMH-094	1	7468	N	1	T3	217	Vagina	ITS2	DR34	DR34	1	WA-PER-PMH-094	Y	1	1
VF2971ITS2	WA-PER-PMH-095_T3	WA-PER-PMH-095	0	4892	N	1	T3	277	Vagina	ITS2	DR3X	Group3o4	1	WA-PER-PMH-095	Y	0	0
VF2884ITS2	WA-PER-PMH-097_T3	WA-PER-PMH-097	0	3464	N	0	T3	216	Vagina	ITS2	DRXX	DRXX	0	WA-PER-PMH-097	Y	0	0
VF2911ITS2	WA-PER-PMH-100_T3	WA-PER-PMH-100	1	1789	N	1	T3	240	Vagina	ITS2	DR4X	Group3o4	1	WA-PER-PMH-100	Y	1	1
VF2886ITS2	WA-PER-PMH-101_T3	WA-PER-PMH-101	1	4958	N	1	T3	218	Vagina	ITS2	DR3X	Group3o4	1	WA-PER-PMH-101	Y	1	1
VF2888ITS2	WA-PER-PMH-106_T3	WA-PER-PMH-106	1	4335	N	1	T3	219	Vagina	ITS2	DR33	Group3o4	1	WA-PER-PMH-106	Y	1	1
VF2887ITS2	WA-PER-PMH-111_T3	WA-PER-PMH-111	1	2495	N	0	T3	377	Vagina	ITS2	DR4X	Group3o4	0	WA-PER-PMH-111	N	1	1
VF3010ITS2	WA-PER-PMH-114_T3	WA-PER-PMH-114	1	7373	N	0	T3	303	Vagina	ITS2	DR3X	Group3o4	0	WA-PER-PMH-114	Y	1	1
VF2997ITS2	WA-PER-PMH-116_T3	WA-PER-PMH-116	0	3545	N	1	T3	410	Vagina	ITS2	DRXX	DRXX	1	WA-PER-PMH-116	N	0	0
VF2998ITS2	WA-PER-PMH-117_T3	WA-PER-PMH-117	1	2581	N	1	T3	294	Vagina	ITS2	DR34	DR34	1	WA-PER-PMH-117	Y	2	1
VF2913ITS2	WA-PER-PMH-119_T3	WA-PER-PMH-119	0	7334	N	0	T3	379	Vagina	ITS2	DR44	Group3o4	0	WA-PER-PMH-119	N	0	0
VF2999ITS2	WA-PER-PMH-123_T3	WA-PER-PMH-123	0	6324	N	1	T3	295	Vagina	ITS2	DRXX	DRXX	1	WA-PER-PMH-123	Y	0	0
VF3011ITS2	WA-PER-PMH-128_T3	WA-PER-PMH-128	1	9277	N	1	T3	304	Vagina	ITS2	DR4X	Group3o4	1	WA-PER-PMH-128	Y	2	1
VF3000ITS2	WA-PER-PMH-132_T3	WA-PER-PMH-132	0	8000	N	1	T3	296	Vagina	ITS2	DR34	DR34	1	WA-PER-PMH-132	Y	0	0
VF2914ITS2	WA-PER-PMH-138_T3	WA-PER-PMH-138	1	2887	N	1	T3	241	Vagina	ITS2	DR34	DR34	1	WA-PER-PMH-138	Y	1	1
VF3012ITS2	WA-PER-PMH-148_T3	WA-PER-PMH-148	1	6512		0	T3	305	Vagina	ITS2	DR4X	Group3o4	0	WA-PER-PMH-148	Y	1	1
VF3001ITS2	WA-PER-PMH-163_T3	WA-PER-PMH-163	0	2570		0	T3	297	Vagina	ITS2	DR34	DR34	0	WA-PER-PMH-163	Y	0	0
