"#SampleID"	"Gardnerella"	"BarcodeSequence"	"LinkerPrimerSequence"	"ReversePrimer"	"SampleType"	"SeqRun"	"Plate"	"Position"	"Forward"	"Reverse"	"F"	"R"	"Extracted"	"State"	"City"	"Hospital"	"SubjectID"	"Trimester"	"Description2"	"Description"
1270	"Negative"	"TAGATCGCCGTACTAG"	"GGACTACNVGGGTWTCTAAT"	"GTGYCAGCMGCCGCGGTAA"	"Mother"	8	1	"A2"	"F1"	"R2"	"TAGATCGC"	"CGTACTAG"	"AN"	"SA"	"ADEL"	"WCH"	47	"T3"	"SA-ADEL-WCH-047_T3"	"SA-ADEL-WCH-047_T3"
1284	"Negative"	"AAGGAGTAAGGCAGAA"	"GGACTACNVGGGTWTCTAAT"	"GTGYCAGCMGCCGCGGTAA"	"Mother"	8	1	"G3"	"F7"	"R3"	"AAGGAGTA"	"AGGCAGAA"	"KN"	"WA"	"PER"	"PMH"	1	"T3"	"WA-PER-PMH-001_T3"	"WA-PER-PMH-001_T3"
1290	"Negative"	"GTAAGGAGTCCTGAGC"	"GGACTACNVGGGTWTCTAAT"	"GTGYCAGCMGCCGCGGTAA"	"Mother"	8	1	"E4"	"F5"	"R4"	"GTAAGGAG"	"TCCTGAGC"	"AN"	"SA"	"ADEL"	"WCH"	3	"T3"	"SA-ADEL-WCH-003_T3"	"SA-ADEL-WCH-003_T3"
1304	"Negative"	"TATCCTCTTAGGCATG"	"GGACTACNVGGGTWTCTAAT"	"GTGYCAGCMGCCGCGGTAA"	"Mother"	8	1	"C6"	"F3"	"R6"	"TATCCTCT"	"TAGGCATG"	"KN"	"SA"	"ADEL"	"WCH"	54	"T3"	"SA-ADEL-WCH-054_T3"	"SA-ADEL-WCH-054_T3"
1326	"Negative"	"TAGATCGCGCTACGCT"	"GGACTACNVGGGTWTCTAAT"	"GTGYCAGCMGCCGCGGTAA"	"Mother"	8	1	"A9"	"F1"	"R9"	"TAGATCGC"	"GCTACGCT"	"KN"	"SA"	"ADEL"	"REG"	36	"T3"	"SA-ADEL-REG-036_T3"	"SA-ADEL-REG-036_T3"
1329	"Negative"	"AGAGTAGAGCTACGCT"	"GGACTACNVGGGTWTCTAAT"	"GTGYCAGCMGCCGCGGTAA"	"Mother"	8	1	"D9"	"F4"	"R9"	"AGAGTAGA"	"GCTACGCT"	"KN"	"NSW"	"SYD"	"CHW"	17	"T3"	"NSW-SYD-CHW-017_T3"	"NSW-SYD-CHW-017_T3"
1330	"Negative"	"GTAAGGAGGCTACGCT"	"GGACTACNVGGGTWTCTAAT"	"GTGYCAGCMGCCGCGGTAA"	"Mother"	8	1	"E9"	"F5"	"R9"	"GTAAGGAG"	"GCTACGCT"	"KN"	"NSW"	"SYD"	"CHW"	41	"T3"	"NSW-SYD-CHW-041_T3"	"NSW-SYD-CHW-041_T3"
1332	"Negative"	"AAGGAGTAGCTACGCT"	"GGACTACNVGGGTWTCTAAT"	"GTGYCAGCMGCCGCGGTAA"	"Mother"	8	1	"G9"	"F7"	"R9"	"AAGGAGTA"	"GCTACGCT"	"KN"	"NSW"	"SYD"	"CHW"	18	"T3"	"NSW-SYD-CHW-018_T3"	"NSW-SYD-CHW-018_T3"
1334	"Negative"	"TAGATCGCAAGAGGCA"	"GGACTACNVGGGTWTCTAAT"	"GTGYCAGCMGCCGCGGTAA"	"Mother"	8	1	"A10"	"F1"	"R11"	"TAGATCGC"	"AAGAGGCA"	"KN"	"QLD"	"BRI"	"MATER"	89	"T3"	"QLD-BRI-MATER-089_T3"	"QLD-BRI-MATER-089_T3"
1335	"Negative"	"CTCTCTATAAGAGGCA"	"GGACTACNVGGGTWTCTAAT"	"GTGYCAGCMGCCGCGGTAA"	"Mother"	8	1	"B10"	"F2"	"R11"	"CTCTCTAT"	"AAGAGGCA"	"KN"	"NSW"	"SYD"	"STG"	2	"T3"	"NSW-SYD-STG-002_T3"	"NSW-SYD-STG-002_T3"
1337	"Negative"	"AGAGTAGAAAGAGGCA"	"GGACTACNVGGGTWTCTAAT"	"GTGYCAGCMGCCGCGGTAA"	"Mother"	8	1	"D10"	"F4"	"R11"	"AGAGTAGA"	"AAGAGGCA"	"KN"	"NSW"	"SYS"	"CHW"	11	"T3"	"NSW-SYS-CHW-011_T3"	"NSW-SYS-CHW-011_T3"
1343	"Negative"	"CTCTCTATGTAGAGGA"	"GGACTACNVGGGTWTCTAAT"	"GTGYCAGCMGCCGCGGTAA"	"Mother"	8	1	"B11"	"F2"	"R12"	"CTCTCTAT"	"GTAGAGGA"	"KN"	"SA"	"ADEL"	"REG"	32	"T3"	"SA-ADEL-REG-032_T3"	"SA-ADEL-REG-032_T3"
1348	"Negative"	"AAGGAGTAGTAGAGGA"	"GGACTACNVGGGTWTCTAAT"	"GTGYCAGCMGCCGCGGTAA"	"Mother"	8	1	"G11"	"F7"	"R12"	"AAGGAGTA"	"GTAGAGGA"	"KN"	"WA"	"PER"	"WCH"	86	"T3"	"WA-PER-PMH-086_T3"	"WA-PER-PMH-086_T3"
1355	"Negative"	"CCGAAGTATAAGGCGA"	"GGACTACNVGGGTWTCTAAT"	"GTGYCAGCMGCCGCGGTAA"	"Mother"	8	2	"A1"	"F9"	"R1"	"CCGAAGTA"	"TAAGGCGA"	"KN"	"WA"	"PER"	"PMH"	60	"T3"	"WA-PER-PMH-060_T3"	"WA-PER-PMH-060_T3"
1360	"Negative"	"TTCACGCATAAGGCGA"	"GGACTACNVGGGTWTCTAAT"	"GTGYCAGCMGCCGCGGTAA"	"Mother"	8	2	"F1"	"F14"	"R1"	"TTCACGCA"	"TAAGGCGA"	"AN"	"VIC"	"MEL"	"RMH"	47	"T3"	"VIC-MEL-RMH-047_T3"	"VIC-MEL-RMH-047_T3"
1366	"Negative"	"TGAAGAGACGTACTAG"	"GGACTACNVGGGTWTCTAAT"	"GTGYCAGCMGCCGCGGTAA"	"Mother"	8	2	"D2"	"F12"	"R2"	"TGAAGAGA"	"CGTACTAG"	"AN"	"VIC"	"MEL"	"RMH"	45	"T3"	"VIC-MEL-RMH-045_T3"	"VIC-MEL-RMH-045_T3"
1368	"Negative"	"TTCACGCACGTACTAG"	"GGACTACNVGGGTWTCTAAT"	"GTGYCAGCMGCCGCGGTAA"	"Mother"	8	2	"F2"	"F14"	"R2"	"TTCACGCA"	"CGTACTAG"	"AN"	"VIC"	"MEL"	"RMH"	116	"T3"	"VIC-MEL-RMH-116_T3"	"VIC-MEL-RMH-116_T3"
1374	"Negative"	"TGAAGAGAAGGCAGAA"	"GGACTACNVGGGTWTCTAAT"	"GTGYCAGCMGCCGCGGTAA"	"Mother"	8	2	"D3"	"F12"	"R3"	"TGAAGAGA"	"AGGCAGAA"	"AN"	"NSW"	"SYD"	"CHW"	46	"T3"	"NSW-SYD-CHW-046_T3"	"NSW-SYD-CHW-046_T3"
1376	"Negative"	"TTCACGCAAGGCAGAA"	"GGACTACNVGGGTWTCTAAT"	"GTGYCAGCMGCCGCGGTAA"	"Mother"	8	2	"F3"	"F14"	"R3"	"TTCACGCA"	"AGGCAGAA"	"AN"	"QLD"	"BRI"	"MATER"	120	"T3"	"QLD-BRI-MATER-120_T3"	"QLD-BRI-MATER-120_T3"
1377	"Negative"	"AGCACCTCAGGCAGAA"	"GGACTACNVGGGTWTCTAAT"	"GTGYCAGCMGCCGCGGTAA"	"Mother"	8	2	"G3"	"F15"	"R3"	"AGCACCTC"	"AGGCAGAA"	"AN"	"VIC"	"MEL"	"RMH"	"037-038"	"T3"	"VIC-MEL-RMH-037-038_T3"	"VIC-MEL-RMH-037-038_T3"
1378	"Negative"	"CAAGGAGCAGGCAGAA"	"GGACTACNVGGGTWTCTAAT"	"GTGYCAGCMGCCGCGGTAA"	"Mother"	8	2	"H3"	"F16"	"R3"	"CAAGGAGC"	"AGGCAGAA"	"AN"	"SA"	"ADEL"	"WCH"	102	"T3"	"SA-ADEL-WCH-102_T3"	"SA-ADEL-WCH-102_T3"
1382	"Negative"	"TGAAGAGATCCTGAGC"	"GGACTACNVGGGTWTCTAAT"	"GTGYCAGCMGCCGCGGTAA"	"Mother"	8	2	"D4"	"F12"	"R4"	"TGAAGAGA"	"TCCTGAGC"	"KN"	"QLD"	"BRI"	"MATER"	130	"T3"	"QLD-BRI-MATER-130_T3"	"QLD-BRI-MATER-130_T3"
1385	"Negative"	"AGCACCTCTCCTGAGC"	"GGACTACNVGGGTWTCTAAT"	"GTGYCAGCMGCCGCGGTAA"	"Mother"	8	2	"G4"	"F15"	"R4"	"AGCACCTC"	"TCCTGAGC"	"KN"	"QLD"	"BRI"	"MATER"	135	"T3"	"QLD-BRI-MATER-135_T3"	"QLD-BRI-MATER-135_T3"
1387	"Negative"	"CCGAAGTAGGACTCCT"	"GGACTACNVGGGTWTCTAAT"	"GTGYCAGCMGCCGCGGTAA"	"Mother"	8	2	"A5"	"F9"	"R5"	"CCGAAGTA"	"GGACTCCT"	"KN"	"QLD"	"BRI"	"MATER"	35	"T3"	"QLD-BRI-MATER-035_T3"	"QLD-BRI-MATER-035_T3"
1388	"Negative"	"GAGCTGAAGGACTCCT"	"GGACTACNVGGGTWTCTAAT"	"GTGYCAGCMGCCGCGGTAA"	"Mother"	8	2	"B5"	"F10"	"R5"	"GAGCTGAA"	"GGACTCCT"	"KN"	"SA"	"ADEL"	"WCH"	7	"T3"	"SA-ADEL-WCH-007_T3"	"SA-ADEL-WCH-007_T3"
1390	"Negative"	"TGAAGAGAGGACTCCT"	"GGACTACNVGGGTWTCTAAT"	"GTGYCAGCMGCCGCGGTAA"	"Mother"	8	2	"D5"	"F12"	"R5"	"TGAAGAGA"	"GGACTCCT"	"KN"	"WA"	"PER"	"PMH"	105	"T3"	"WA-PER-PMH-105_T3"	"WA-PER-PMH-105_T3"
1391	"Negative"	"TGGTGGTAGGACTCCT"	"GGACTACNVGGGTWTCTAAT"	"GTGYCAGCMGCCGCGGTAA"	"Mother"	8	2	"E5"	"F13"	"R5"	"TGGTGGTA"	"GGACTCCT"	"KN"	"NSW"	"SYD"	"CHW"	7	"T3"	"NSW-SYD-CHW-007_T3"	"NSW-SYD-CHW-007_T3"
1392	"Negative"	"TTCACGCAGGACTCCT"	"GGACTACNVGGGTWTCTAAT"	"GTGYCAGCMGCCGCGGTAA"	"Mother"	8	2	"F5"	"F14"	"R5"	"TTCACGCA"	"GGACTCCT"	"KN"	"SA"	"ADEL"	"WCH"	111	"T3"	"SA-ADEL-WCH-111_T3"	"SA-ADEL-WCH-111_T3"
1393	"Negative"	"AGCACCTCGGACTCCT"	"GGACTACNVGGGTWTCTAAT"	"GTGYCAGCMGCCGCGGTAA"	"Mother"	8	2	"G5"	"F15"	"R5"	"AGCACCTC"	"GGACTCCT"	"KN"	"NSW"	"SYD"	"CHW"	68	"T3"	"NSW-SYD-CHW-068_T3"	"NSW-SYD-CHW-068_T3"
1394	"Negative"	"CAAGGAGCGGACTCCT"	"GGACTACNVGGGTWTCTAAT"	"GTGYCAGCMGCCGCGGTAA"	"Mother"	8	2	"H5"	"F16"	"R5"	"CAAGGAGC"	"GGACTCCT"	"KN"	"NSW"	"SYD"	"RHW"	61	"T3"	"NSW-SYD-RHW-061_T3"	"NSW-SYD-RHW-061_T3"
"1270rep2"	"Negative"	"TAGATCGCCGCATACA"	"GGACTACNVGGGTWTCTAAT"	"GTGYCAGCMGCCGCGGTAA"	"Mother"	8	1	"A2"	"F1"	"R17"	"TAGATCGC"	"CGCATACA"	"AN"	"SA"	"ADEL"	"WCH"	47	"T3"	"SA-ADEL-WCH-047_T3rep2"	"SA-ADEL-WCH-047_T3"
"1284rep2"	"Negative"	"AAGGAGTATCCGTCTA"	"GGACTACNVGGGTWTCTAAT"	"GTGYCAGCMGCCGCGGTAA"	"Mother"	8	1	"G3"	"F7"	"R22"	"AAGGAGTA"	"TCCGTCTA"	"KN"	"WA"	"PER"	"PMH"	1	"T3"	"WA-PER-PMH-001_T3rep2"	"WA-PER-PMH-001_T3"
"1290rep2"	"Negative"	"GTAAGGAGTCTCTCCG"	"GGACTACNVGGGTWTCTAAT"	"GTGYCAGCMGCCGCGGTAA"	"Mother"	8	1	"E4"	"F5"	"R27"	"GTAAGGAG"	"TCTCTCCG "	"AN"	"SA"	"ADEL"	"WCH"	3	"T3"	"SA-ADEL-WCH-003_T3rep2"	"SA-ADEL-WCH-003_T3"
"1304rep2"	"Negative"	"TATCCTCTAAACATCG"	"GGACTACNVGGGTWTCTAAT"	"GTGYCAGCMGCCGCGGTAA"	"Mother"	8	1	"C6"	"F3"	"R30"	"TATCCTCT"	"AAACATCG"	"KN"	"SA"	"ADEL"	"WCH"	54	"T3"	"SA-ADEL-WCH-054_T3rep2"	"SA-ADEL-WCH-054_T3"
"1326rep2"	"Negative"	"TAGATCGCACATTGGC"	"GGACTACNVGGGTWTCTAAT"	"GTGYCAGCMGCCGCGGTAA"	"Mother"	8	1	"A9"	"F1"	"R33"	"TAGATCGC"	"ACATTGGC"	"KN"	"SA"	"ADEL"	"REG"	36	"T3"	"SA-ADEL-REG-036_T3rep2"	"SA-ADEL-REG-036_T3"
"1329rep2"	"Negative"	"AGAGTAGAACATTGGC"	"GGACTACNVGGGTWTCTAAT"	"GTGYCAGCMGCCGCGGTAA"	"Mother"	8	1	"D9"	"F4"	"R33"	"AGAGTAGA"	"ACATTGGC"	"KN"	"NSW"	"SYD"	"CHW"	17	"T3"	"NSW-SYD-CHW-017_T3rep2"	"NSW-SYD-CHW-017_T3"
"1330rep2"	"Negative"	"GTAAGGAGACATTGGC"	"GGACTACNVGGGTWTCTAAT"	"GTGYCAGCMGCCGCGGTAA"	"Mother"	8	1	"E9"	"F5"	"R33"	"GTAAGGAG"	"ACATTGGC"	"KN"	"NSW"	"SYD"	"CHW"	41	"T3"	"NSW-SYD-CHW-041_T3rep2"	"NSW-SYD-CHW-041_T3"
"1332rep2"	"Negative"	"AAGGAGTAACATTGGC"	"GGACTACNVGGGTWTCTAAT"	"GTGYCAGCMGCCGCGGTAA"	"Mother"	8	1	"G9"	"F7"	"R33"	"AAGGAGTA"	"ACATTGGC"	"KN"	"NSW"	"SYD"	"CHW"	18	"T3"	"NSW-SYD-CHW-018_T3rep2"	"NSW-SYD-CHW-018_T3"
"1334rep2"	"Negative"	"TAGATCGCCAGATCTG"	"GGACTACNVGGGTWTCTAAT"	"GTGYCAGCMGCCGCGGTAA"	"Mother"	8	1	"A10"	"F1"	"R34"	"TAGATCGC"	"CAGATCTG"	"KN"	"QLD"	"BRI"	"MATER"	89	"T3"	"QLD-BRI-MATER-089_T3rep2"	"QLD-BRI-MATER-089_T3"
"1335rep2"	"Negative"	"CTCTCTATCAGATCTG"	"GGACTACNVGGGTWTCTAAT"	"GTGYCAGCMGCCGCGGTAA"	"Mother"	8	1	"B10"	"F2"	"R34"	"CTCTCTAT"	"CAGATCTG"	"KN"	"NSW"	"SYD"	"STG"	2	"T3"	"NSW-SYD-STG-002_T3rep2"	"NSW-SYD-STG-002_T3"
"1337rep2"	"Negative"	"AGAGTAGACAGATCTG"	"GGACTACNVGGGTWTCTAAT"	"GTGYCAGCMGCCGCGGTAA"	"Mother"	8	1	"D10"	"F4"	"R34"	"AGAGTAGA"	"CAGATCTG"	"KN"	"NSW"	"SYS"	"CHW"	11	"T3"	"NSW-SYS-CHW-011_T3rep2"	"NSW-SYS-CHW-011_T3"
"1343rep2"	"Negative"	"CTCTCTATCATCAAGT"	"GGACTACNVGGGTWTCTAAT"	"GTGYCAGCMGCCGCGGTAA"	"Mother"	8	1	"B11"	"F2"	"R35"	"CTCTCTAT"	"CATCAAGT"	"KN"	"SA"	"ADEL"	"REG"	32	"T3"	"SA-ADEL-REG-032_T3rep2"	"SA-ADEL-REG-032_T3"
"1348rep2"	"Negative"	"AAGGAGTACATCAAGT"	"GGACTACNVGGGTWTCTAAT"	"GTGYCAGCMGCCGCGGTAA"	"Mother"	8	1	"G11"	"F7"	"R35"	"AAGGAGTA"	"CATCAAGT"	"KN"	"WA"	"PER"	"WCH"	86	"T3"	"WA-PER-PMH-086_T3rep2"	"WA-PER-PMH-086_T3"
"1360rep2"	"Negative"	"TTCACGCAACGCTCGA"	"GGACTACNVGGGTWTCTAAT"	"GTGYCAGCMGCCGCGGTAA"	"Mother"	8	2	"F1"	"F14"	"R14"	"TTCACGCA"	"ACGCTCGA"	"AN"	"VIC"	"MEL"	"RMH"	47	"T3"	"VIC-MEL-RMH-047_T3rep2"	"VIC-MEL-RMH-047_T3"
"1366rep2"	"Negative"	"TGAAGAGACGCATACA"	"GGACTACNVGGGTWTCTAAT"	"GTGYCAGCMGCCGCGGTAA"	"Mother"	8	2	"D2"	"F12"	"R17"	"TGAAGAGA"	"CGCATACA"	"AN"	"VIC"	"MEL"	"RMH"	45	"T3"	"VIC-MEL-RMH-045_T3rep2"	"VIC-MEL-RMH-045_T3"
"1368rep2"	"Negative"	"TTCACGCACGCATACA"	"GGACTACNVGGGTWTCTAAT"	"GTGYCAGCMGCCGCGGTAA"	"Mother"	8	2	"F2"	"F14"	"R17"	"TTCACGCA"	"CGCATACA"	"AN"	"VIC"	"MEL"	"RMH"	116	"T3"	"VIC-MEL-RMH-116_T3rep2"	"VIC-MEL-RMH-116_T3"
"1374rep2"	"Negative"	"TGAAGAGATCCGTCTA"	"GGACTACNVGGGTWTCTAAT"	"GTGYCAGCMGCCGCGGTAA"	"Mother"	8	2	"D3"	"F12"	"R22"	"TGAAGAGA"	"TCCGTCTA"	"AN"	"NSW"	"SYD"	"CHW"	46	"T3"	"NSW-SYD-CHW-046_T3rep2"	"NSW-SYD-CHW-046_T3"
"1376rep2"	"Negative"	"TTCACGCATCCGTCTA"	"GGACTACNVGGGTWTCTAAT"	"GTGYCAGCMGCCGCGGTAA"	"Mother"	8	2	"F3"	"F14"	"R22"	"TTCACGCA"	"TCCGTCTA"	"AN"	"QLD"	"BRI"	"MATER"	120	"T3"	"QLD-BRI-MATER-120_T3rep2"	"QLD-BRI-MATER-120_T3"
"1377rep2"	"Negative"	"AGCACCTCTCCGTCTA"	"GGACTACNVGGGTWTCTAAT"	"GTGYCAGCMGCCGCGGTAA"	"Mother"	8	2	"G3"	"F15"	"R22"	"AGCACCTC"	"TCCGTCTA"	"AN"	"VIC"	"MEL"	"RMH"	"037-038"	"T3"	"VIC-MEL-RMH-037-038_T3rep2"	"VIC-MEL-RMH-037-038_T3"
"1378rep2"	"Negative"	"CAAGGAGCTCCGTCTA"	"GGACTACNVGGGTWTCTAAT"	"GTGYCAGCMGCCGCGGTAA"	"Mother"	8	2	"H3"	"F16"	"R22"	"CAAGGAGC"	"TCCGTCTA"	"AN"	"SA"	"ADEL"	"WCH"	102	"T3"	"SA-ADEL-WCH-102_T3rep2"	"SA-ADEL-WCH-102_T3"
"1382rep2"	"Negative"	"TGAAGAGATCTCTCCG"	"GGACTACNVGGGTWTCTAAT"	"GTGYCAGCMGCCGCGGTAA"	"Mother"	8	2	"D4"	"F12"	"R27"	"TGAAGAGA"	"TCTCTCCG "	"KN"	"QLD"	"BRI"	"MATER"	130	"T3"	"QLD-BRI-MATER-130_T3rep2"	"QLD-BRI-MATER-130_T3"
"1385rep2"	"Negative"	"AGCACCTCTCTCTCCG"	"GGACTACNVGGGTWTCTAAT"	"GTGYCAGCMGCCGCGGTAA"	"Mother"	8	2	"G4"	"F15"	"R27"	"AGCACCTC"	"TCTCTCCG "	"KN"	"QLD"	"BRI"	"MATER"	135	"T3"	"QLD-BRI-MATER-135_T3rep2"	"QLD-BRI-MATER-135_T3"
"1387rep2"	"Negative"	"CCGAAGTATCGACTAG"	"GGACTACNVGGGTWTCTAAT"	"GTGYCAGCMGCCGCGGTAA"	"Mother"	8	2	"A5"	"F9"	"R28"	"CCGAAGTA"	"TCGACTAG "	"KN"	"QLD"	"BRI"	"MATER"	35	"T3"	"QLD-BRI-MATER-035_T3rep2"	"QLD-BRI-MATER-035_T3"
"1388rep2"	"Negative"	"GAGCTGAATCGACTAG"	"GGACTACNVGGGTWTCTAAT"	"GTGYCAGCMGCCGCGGTAA"	"Mother"	8	2	"B5"	"F10"	"R28"	"GAGCTGAA"	"TCGACTAG "	"KN"	"SA"	"ADEL"	"WCH"	7	"T3"	"SA-ADEL-WCH-007_T3rep2"	"SA-ADEL-WCH-007_T3"
"1390rep2"	"Negative"	"TGAAGAGATCGACTAG"	"GGACTACNVGGGTWTCTAAT"	"GTGYCAGCMGCCGCGGTAA"	"Mother"	8	2	"D5"	"F12"	"R28"	"TGAAGAGA"	"TCGACTAG "	"KN"	"WA"	"PER"	"PMH"	105	"T3"	"WA-PER-PMH-105_T3rep2"	"WA-PER-PMH-105_T3"
"1391rep2"	"Negative"	"TGGTGGTATCGACTAG"	"GGACTACNVGGGTWTCTAAT"	"GTGYCAGCMGCCGCGGTAA"	"Mother"	8	2	"E5"	"F13"	"R28"	"TGGTGGTA"	"TCGACTAG "	"KN"	"NSW"	"SYD"	"CHW"	7	"T3"	"NSW-SYD-CHW-007_T3rep2"	"NSW-SYD-CHW-007_T3"
"1392rep2"	"Negative"	"TTCACGCATCGACTAG"	"GGACTACNVGGGTWTCTAAT"	"GTGYCAGCMGCCGCGGTAA"	"Mother"	8	2	"F5"	"F14"	"R28"	"TTCACGCA"	"TCGACTAG "	"KN"	"SA"	"ADEL"	"WCH"	111	"T3"	"SA-ADEL-WCH-111_T3rep2"	"SA-ADEL-WCH-111_T3"
"1393rep2"	"Negative"	"AGCACCTCTCGACTAG"	"GGACTACNVGGGTWTCTAAT"	"GTGYCAGCMGCCGCGGTAA"	"Mother"	8	2	"G5"	"F15"	"R28"	"AGCACCTC"	"TCGACTAG "	"KN"	"NSW"	"SYD"	"CHW"	68	"T3"	"NSW-SYD-CHW-068_T3rep2"	"NSW-SYD-CHW-068_T3"
1262	"NotC"	"TAGATCGCTAAGGCGA"	"GGACTACNVGGGTWTCTAAT"	"GTGYCAGCMGCCGCGGTAA"	"Mother"	8	1	"A1"	"F1"	"R1"	"TAGATCGC"	"TAAGGCGA"	"AN"	"SA"	"ADEL"	"WCH"	55	"T3"	"SA-ADEL-WCH-055_T3"	"SA-ADEL-WCH-055_T3"
1263	"NotC"	"CTCTCTATTAAGGCGA"	"GGACTACNVGGGTWTCTAAT"	"GTGYCAGCMGCCGCGGTAA"	"Mother"	8	1	"B1"	"F2"	"R1"	"CTCTCTAT"	"TAAGGCGA"	"AN"	"SA"	"ADEL"	"WCH"	29	"T3"	"SA-ADEL-WCH-029_T3"	"SA-ADEL-WCH-029_T3"
1264	"NotC"	"TATCCTCTTAAGGCGA"	"GGACTACNVGGGTWTCTAAT"	"GTGYCAGCMGCCGCGGTAA"	"Mother"	8	1	"C1"	"F3"	"R1"	"TATCCTCT"	"TAAGGCGA"	"AN"	"SA"	"ADEL"	"WCH"	11	"T3"	"SA-ADEL-WCH-011_T3"	"SA-ADEL-WCH-011_T3"
1265	"NotC"	"AGAGTAGATAAGGCGA"	"GGACTACNVGGGTWTCTAAT"	"GTGYCAGCMGCCGCGGTAA"	"Mother"	8	1	"D1"	"F4"	"R1"	"AGAGTAGA"	"TAAGGCGA"	"AN"	"SA"	"ADEL"	"WCH"	44	"T3"	"SA-ADEL-WCH-044_T3"	"SA-ADEL-WCH-044_T3"
1266	"NotC"	"GTAAGGAGTAAGGCGA"	"GGACTACNVGGGTWTCTAAT"	"GTGYCAGCMGCCGCGGTAA"	"Mother"	8	1	"E1"	"F5"	"R1"	"GTAAGGAG"	"TAAGGCGA"	"AN"	"SA"	"ADEL"	"WCH"	49	"T3"	"SA-ADEL-WCH-049_T3"	"SA-ADEL-WCH-049_T3"
1267	"NotC"	"ACTGCATATAAGGCGA"	"GGACTACNVGGGTWTCTAAT"	"GTGYCAGCMGCCGCGGTAA"	"Mother"	8	1	"F1"	"F6"	"R1"	"ACTGCATA"	"TAAGGCGA"	"AN"	"WA"	"PER"	"PMH"	43	"T3"	"WA-PER-PMH-043_T3"	"WA-PER-PMH-043_T3"
1268	"NotC"	"AAGGAGTATAAGGCGA"	"GGACTACNVGGGTWTCTAAT"	"GTGYCAGCMGCCGCGGTAA"	"Mother"	8	1	"G1"	"F7"	"R1"	"AAGGAGTA"	"TAAGGCGA"	"AN"	"SA"	"ADEL"	"WCH"	40	"T3"	"SA-ADEL-WCH-040_T3"	"SA-ADEL-WCH-040_T3"
1269	"NotC"	"CTAAGCCTTAAGGCGA"	"GGACTACNVGGGTWTCTAAT"	"GTGYCAGCMGCCGCGGTAA"	"Mother"	8	1	"H1"	"F8"	"R1"	"CTAAGCCT"	"TAAGGCGA"	"AN"	"SA"	"ADEL"	"WCH"	34	"T3"	"SA-ADEL-WCH-034_T3"	"SA-ADEL-WCH-034_T3"
1272	"NotC"	"TATCCTCTCGTACTAG"	"GGACTACNVGGGTWTCTAAT"	"GTGYCAGCMGCCGCGGTAA"	"Mother"	8	1	"C2"	"F3"	"R2"	"TATCCTCT"	"CGTACTAG"	"AN"	"WA"	"PER"	"PMH"	47	"T3"	"WA-PER-PMH-047_T3"	"WA-PER-PMH-047_T3"
1274	"NotC"	"GTAAGGAGCGTACTAG"	"GGACTACNVGGGTWTCTAAT"	"GTGYCAGCMGCCGCGGTAA"	"Mother"	8	1	"E2"	"F5"	"R2"	"GTAAGGAG"	"CGTACTAG"	"KN"	"WA"	"PER"	"PMH"	46	"T3"	"WA-PER-PMH-046_T3"	"WA-PER-PMH-046_T3"
1275	"NotC"	"ACTGCATACGTACTAG"	"GGACTACNVGGGTWTCTAAT"	"GTGYCAGCMGCCGCGGTAA"	"Mother"	8	1	"F2"	"F6"	"R2"	"ACTGCATA"	"CGTACTAG"	"KN"	"SA"	"ADEL"	"WCH"	24	"T3"	"SA-ADEL-WCH-024_T3"	"SA-ADEL-WCH-024_T3"
1276	"NotC"	"AAGGAGTACGTACTAG"	"GGACTACNVGGGTWTCTAAT"	"GTGYCAGCMGCCGCGGTAA"	"Mother"	8	1	"G2"	"F7"	"R2"	"AAGGAGTA"	"CGTACTAG"	"KN"	"SA"	"ADEL"	"WCH"	25	"T3"	"SA-ADEL-WCH-025_T3"	"SA-ADEL-WCH-025_T3"
1277	"NotC"	"CTAAGCCTCGTACTAG"	"GGACTACNVGGGTWTCTAAT"	"GTGYCAGCMGCCGCGGTAA"	"Mother"	8	1	"H2"	"F8"	"R2"	"CTAAGCCT"	"CGTACTAG"	"KN"	"SA"	"ADEL"	"WCH"	10	"T3"	"SA-ADEL-WCH-010_T3"	"SA-ADEL-WCH-010_T3"
1279	"NotC"	"CTCTCTATAGGCAGAA"	"GGACTACNVGGGTWTCTAAT"	"GTGYCAGCMGCCGCGGTAA"	"Mother"	8	1	"B3"	"F2"	"R3"	"CTCTCTAT"	"AGGCAGAA"	"KN"	"SA"	"ADEL"	"WCH"	22	"T3"	"SA-ADEL-WCH-022_T3"	"SA-ADEL-WCH-022_T3"
1282	"NotC"	"GTAAGGAGAGGCAGAA"	"GGACTACNVGGGTWTCTAAT"	"GTGYCAGCMGCCGCGGTAA"	"Mother"	8	1	"E3"	"F5"	"R3"	"GTAAGGAG"	"AGGCAGAA"	"KN"	"SA"	"ADEL"	"WCH"	1	"T3"	"SA-ADEL-WCH-001_T3"	"SA-ADEL-WCH-001_T3"
1283	"NotC"	"ACTGCATAAGGCAGAA"	"GGACTACNVGGGTWTCTAAT"	"GTGYCAGCMGCCGCGGTAA"	"Mother"	8	1	"F3"	"F6"	"R3"	"ACTGCATA"	"AGGCAGAA"	"KN"	"VIC"	"MEL"	"RMH"	17	"T3"	"VIC-MEL-RMH-017_T3"	"VIC-MEL-RMH-017_T3"
1285	"NotC"	"CTAAGCCTAGGCAGAA"	"GGACTACNVGGGTWTCTAAT"	"GTGYCAGCMGCCGCGGTAA"	"Mother"	8	1	"H3"	"F8"	"R3"	"CTAAGCCT"	"AGGCAGAA"	"KN"	"SA"	"ADEL"	"WCH"	42	"T3"	"SA-ADEL-WCH-042_T3"	"SA-ADEL-WCH-042_T3"
1286	"NotC"	"TAGATCGCTCCTGAGC"	"GGACTACNVGGGTWTCTAAT"	"GTGYCAGCMGCCGCGGTAA"	"Mother"	8	1	"A4"	"F1"	"R4"	"TAGATCGC"	"TCCTGAGC"	"AN"	"QLD"	"BRI"	"MATER"	45	"T3"	"QLD-BRI-MATER-045_T3"	"QLD-BRI-MATER-045_T3"
1287	"NotC"	"CTCTCTATTCCTGAGC"	"GGACTACNVGGGTWTCTAAT"	"GTGYCAGCMGCCGCGGTAA"	"Mother"	8	1	"B4"	"F2"	"R4"	"CTCTCTAT"	"TCCTGAGC"	"AN"	"SA"	"ADEL"	"WCH"	20	"T3"	"SA-ADEL-WCH-020_T3"	"SA-ADEL-WCH-020_T3"
1288	"NotC"	"TATCCTCTTCCTGAGC"	"GGACTACNVGGGTWTCTAAT"	"GTGYCAGCMGCCGCGGTAA"	"Mother"	8	1	"C4"	"F3"	"R4"	"TATCCTCT"	"TCCTGAGC"	"AN"	"WA"	"PER"	"PMH"	25	"T3"	"WA-PER-PMH-025_T3"	"WA-PER-PMH-025_T3"
1289	"NotC"	"AGAGTAGATCCTGAGC"	"GGACTACNVGGGTWTCTAAT"	"GTGYCAGCMGCCGCGGTAA"	"Mother"	8	1	"D4"	"F4"	"R4"	"AGAGTAGA"	"TCCTGAGC"	"AN"	"SA"	"ADEL"	"WCH"	72	"T3"	"SA-ADEL-WCH-072_T3"	"SA-ADEL-WCH-072_T3"
1291	"NotC"	"ACTGCATATCCTGAGC"	"GGACTACNVGGGTWTCTAAT"	"GTGYCAGCMGCCGCGGTAA"	"Mother"	8	1	"F4"	"F6"	"R4"	"ACTGCATA"	"TCCTGAGC"	"AN"	"WA"	"PER"	"PMH"	15	"T3"	"WA-PER-PMH-015_T3"	"WA-PER-PMH-015_T3"
1292	"NotC"	"AAGGAGTATCCTGAGC"	"GGACTACNVGGGTWTCTAAT"	"GTGYCAGCMGCCGCGGTAA"	"Mother"	8	1	"G4"	"F7"	"R4"	"AAGGAGTA"	"TCCTGAGC"	"AN"	"QLD"	"BRI"	"MATER"	"079-080"	"T3"	"QLD-BRI-MATER-079-080_T3"	"QLD-BRI-MATER-079-080_T3"
1293	"NotC"	"CTAAGCCTTCCTGAGC"	"GGACTACNVGGGTWTCTAAT"	"GTGYCAGCMGCCGCGGTAA"	"Mother"	8	1	"H4"	"F8"	"R4"	"CTAAGCCT"	"TCCTGAGC"	"AN"	"WA"	"PER"	"PMH"	14	"T3"	"WA-PER-PMH-014_T3"	"WA-PER-PMH-014_T3"
1294	"NotC"	"TAGATCGCGGACTCCT"	"GGACTACNVGGGTWTCTAAT"	"GTGYCAGCMGCCGCGGTAA"	"Mother"	8	1	"A5"	"F1"	"R5"	"TAGATCGC"	"GGACTCCT"	"AN"	"WA"	"PER"	"PMH"	54	"T3"	"WA-PER-PMH-054_T3"	"WA-PER-PMH-054_T3"
1295	"NotC"	"CTCTCTATGGACTCCT"	"GGACTACNVGGGTWTCTAAT"	"GTGYCAGCMGCCGCGGTAA"	"Mother"	8	1	"B5"	"F2"	"R5"	"CTCTCTAT"	"GGACTCCT"	"AN"	"SA"	"ADEL"	"WCH"	2	"T3"	"SA-ADEL-WCH-002_T3"	"SA-ADEL-WCH-002_T3"
1296	"NotC"	"TATCCTCTGGACTCCT"	"GGACTACNVGGGTWTCTAAT"	"GTGYCAGCMGCCGCGGTAA"	"Mother"	8	1	"C5"	"F3"	"R5"	"TATCCTCT"	"GGACTCCT"	"AN"	"QLD"	"BRI"	"MATER"	6	"T3"	"QLD-BRI-MATER-006_T3"	"QLD-BRI-MATER-006_T3"
1297	"NotC"	"AGAGTAGAGGACTCCT"	"GGACTACNVGGGTWTCTAAT"	"GTGYCAGCMGCCGCGGTAA"	"Mother"	8	1	"D5"	"F4"	"R5"	"AGAGTAGA"	"GGACTCCT"	"AN"	"SA"	"ADEL"	"WCH"	35	"T3"	"SA-ADEL-WCH-035_T3"	"SA-ADEL-WCH-035_T3"
1298	"NotC"	"GTAAGGAGGGACTCCT"	"GGACTACNVGGGTWTCTAAT"	"GTGYCAGCMGCCGCGGTAA"	"Mother"	8	1	"E5"	"F5"	"R5"	"GTAAGGAG"	"GGACTCCT"	"KN"	"QLD"	"BRI"	"MATER"	7	"T3"	"QLD-BRI-MATER-007_T3"	"QLD-BRI-MATER-007_T3"
1299	"NotC"	"ACTGCATAGGACTCCT"	"GGACTACNVGGGTWTCTAAT"	"GTGYCAGCMGCCGCGGTAA"	"Mother"	8	1	"F5"	"F6"	"R5"	"ACTGCATA"	"GGACTCCT"	"KN"	"SA"	"ADEL"	"WCH"	8	"T3"	"SA-ADEL-WCH-008_T3"	"SA-ADEL-WCH-008_T3"
1300	"NotC"	"AAGGAGTAGGACTCCT"	"GGACTACNVGGGTWTCTAAT"	"GTGYCAGCMGCCGCGGTAA"	"Mother"	8	1	"G5"	"F7"	"R5"	"AAGGAGTA"	"GGACTCCT"	"KN"	"QLD"	"BRI"	"MATER"	10	"T3"	"QLD-BRI-MATER-010_T3"	"QLD-BRI-MATER-010_T3"
1303	"NotC"	"CTCTCTATTAGGCATG"	"GGACTACNVGGGTWTCTAAT"	"GTGYCAGCMGCCGCGGTAA"	"Mother"	8	1	"B6"	"F2"	"R6"	"CTCTCTAT"	"TAGGCATG"	"KN"	"SA"	"ADEL"	"WCH"	67	"T3"	"SA-ADEL-WCH-067_T3"	"SA-ADEL-WCH-067_T3"
1305	"NotC"	"AGAGTAGATAGGCATG"	"GGACTACNVGGGTWTCTAAT"	"GTGYCAGCMGCCGCGGTAA"	"Mother"	8	1	"D6"	"F4"	"R6"	"AGAGTAGA"	"TAGGCATG"	"KN"	"QLD"	"BRI"	"MATER"	46	"T3"	"QLD-BRI-MATER-046_T3"	"QLD-BRI-MATER-046_T3"
1306	"NotC"	"GTAAGGAGTAGGCATG"	"GGACTACNVGGGTWTCTAAT"	"GTGYCAGCMGCCGCGGTAA"	"Mother"	8	1	"E6"	"F5"	"R6"	"GTAAGGAG"	"TAGGCATG"	"KN"	"QLD"	"BRI"	"MATER"	67	"T3"	"QLD-BRI-MATER-067_T3"	"QLD-BRI-MATER-067_T3"
1307	"NotC"	"ACTGCATATAGGCATG"	"GGACTACNVGGGTWTCTAAT"	"GTGYCAGCMGCCGCGGTAA"	"Mother"	8	1	"F6"	"F6"	"R6"	"ACTGCATA"	"TAGGCATG"	"KN"	"SA"	"ADEL"	"WCH"	70	"T3"	"SA-ADEL-WCH-070_T3"	"SA-ADEL-WCH-070_T3"
1309	"NotC"	"CTAAGCCTTAGGCATG"	"GGACTACNVGGGTWTCTAAT"	"GTGYCAGCMGCCGCGGTAA"	"Mother"	8	1	"H6"	"F8"	"R6"	"CTAAGCCT"	"TAGGCATG"	"KN"	"QLD"	"BRI"	"MATER"	"084?"	"T3"	"QLD-BRI-MATER-084?_T3"	"QLD-BRI-MATER-084?_T3"
1310	"NotC"	"TAGATCGCCTCTCTAC"	"GGACTACNVGGGTWTCTAAT"	"GTGYCAGCMGCCGCGGTAA"	"Mother"	8	1	"A7"	"F1"	"R7"	"TAGATCGC"	"CTCTCTAC"	"KN"	"QLD"	"BRI"	"MATER"	26	"T3"	"QLD-BRI-MATER-026_T3"	"QLD-BRI-MATER-026_T3"
1311	"NotC"	"CTCTCTATCTCTCTAC"	"GGACTACNVGGGTWTCTAAT"	"GTGYCAGCMGCCGCGGTAA"	"Mother"	8	1	"B7"	"F2"	"R7"	"CTCTCTAT"	"CTCTCTAC"	"KN"	"QLD"	"BRI"	"MATER"	54	"T3"	"QLD-BRI-MATER-054_T3"	"QLD-BRI-MATER-054_T3"
1312	"NotC"	"TATCCTCTCTCTCTAC"	"GGACTACNVGGGTWTCTAAT"	"GTGYCAGCMGCCGCGGTAA"	"Mother"	8	1	"C7"	"F3"	"R7"	"TATCCTCT"	"CTCTCTAC"	"KN"	"SA"	"ADEL"	"WCH"	58	"T3"	"SA-ADEL-WCH-058_T3"	"SA-ADEL-WCH-058_T3"
1313	"NotC"	"AGAGTAGACTCTCTAC"	"GGACTACNVGGGTWTCTAAT"	"GTGYCAGCMGCCGCGGTAA"	"Mother"	8	1	"D7"	"F4"	"R7"	"AGAGTAGA"	"CTCTCTAC"	"KN"	"NSW"	"SYD"	"RHW"	40	"T3"	"NSW-SYD-RHW-040_T3"	"NSW-SYD-RHW-040_T3"
1314	"NotC"	"GTAAGGAGCTCTCTAC"	"GGACTACNVGGGTWTCTAAT"	"GTGYCAGCMGCCGCGGTAA"	"Mother"	8	1	"E7"	"F5"	"R7"	"GTAAGGAG"	"CTCTCTAC"	"KN"	"SA"	"ADEL"	"WCH"	61	"T3"	"SA-ADEL-WCH-061_T3"	"SA-ADEL-WCH-061_T3"
1315	"NotC"	"ACTGCATACTCTCTAC"	"GGACTACNVGGGTWTCTAAT"	"GTGYCAGCMGCCGCGGTAA"	"Mother"	8	1	"F7"	"F6"	"R7"	"ACTGCATA"	"CTCTCTAC"	"KN"	"QLD"	"BRI"	"MATER"	65	"T3"	"QLD-BRI-MATER-065_T3"	"QLD-BRI-MATER-065_T3"
1316	"NotC"	"AAGGAGTACTCTCTAC"	"GGACTACNVGGGTWTCTAAT"	"GTGYCAGCMGCCGCGGTAA"	"Mother"	8	1	"G7"	"F7"	"R7"	"AAGGAGTA"	"CTCTCTAC"	"KN"	"QLD"	"BRI"	"MATER"	68	"T3"	"QLD-BRI-MATER-068_T3"	"QLD-BRI-MATER-068_T3"
1318	"NotC"	"TAGATCGCCAGAGAGG"	"GGACTACNVGGGTWTCTAAT"	"GTGYCAGCMGCCGCGGTAA"	"Mother"	8	1	"A8"	"F1"	"R8"	"TAGATCGC"	"CAGAGAGG"	"KN"	"NSW"	"SYD"	"RHW"	11	"T3"	"NSW-SYD-RHW-011_T3"	"NSW-SYD-RHW-011_T3"
1321	"NotC"	"AGAGTAGACAGAGAGG"	"GGACTACNVGGGTWTCTAAT"	"GTGYCAGCMGCCGCGGTAA"	"ControlK"	8	1	"D8"	"F4"	"R8"	"AGAGTAGA"	"CAGAGAGG"	"KN"	"NA"	"NA"	"NA"	"NA"	"NA"	"Kit_Blank_Lot157055210"	"Kit_Blank_Lot157055210"
1322	"NotC"	"GTAAGGAGCAGAGAGG"	"GGACTACNVGGGTWTCTAAT"	"GTGYCAGCMGCCGCGGTAA"	"Mother"	8	1	"E8"	"F5"	"R8"	"GTAAGGAG"	"CAGAGAGG"	"KN"	"NSW"	"SYD"	"CHW"	20	"T3"	"NSW-SYD-CHW-020_T3"	"NSW-SYD-CHW-020_T3"
1324	"NotC"	"AAGGAGTACAGAGAGG"	"GGACTACNVGGGTWTCTAAT"	"GTGYCAGCMGCCGCGGTAA"	"Mother"	8	1	"G8"	"F7"	"R8"	"AAGGAGTA"	"CAGAGAGG"	"KN"	"SA"	"ADEL"	"WCH"	91	"T3"	"SA-ADEL-WCH-091_T3"	"SA-ADEL-WCH-091_T3"
1325	"NotC"	"CTAAGCCTCAGAGAGG"	"GGACTACNVGGGTWTCTAAT"	"GTGYCAGCMGCCGCGGTAA"	"Mother"	8	1	"H8"	"F8"	"R8"	"CTAAGCCT"	"CAGAGAGG"	"KN"	"WA"	"PER"	"PMH"	72	"T3"	"WA-PER-PMH-072_T3"	"WA-PER-PMH-072_T3"
1327	"NotC"	"CTCTCTATGCTACGCT"	"GGACTACNVGGGTWTCTAAT"	"GTGYCAGCMGCCGCGGTAA"	"Mother"	8	1	"B9"	"F2"	"R9"	"CTCTCTAT"	"GCTACGCT"	"KN"	"NSW"	"SYD"	"RHW"	49	"T3"	"NSW-SYD-RHW-049_T3"	"NSW-SYD-RHW-049_T3"
1331	"NotC"	"ACTGCATAGCTACGCT"	"GGACTACNVGGGTWTCTAAT"	"GTGYCAGCMGCCGCGGTAA"	"Mother"	8	1	"F9"	"F6"	"R9"	"ACTGCATA"	"GCTACGCT"	"KN"	"NSW"	"SYD"	"CHW"	37	"T3"	"NSW-SYD-CHW-037_T3"	"NSW-SYD-CHW-037_T3"
1338	"NotC"	"GTAAGGAGAAGAGGCA"	"GGACTACNVGGGTWTCTAAT"	"GTGYCAGCMGCCGCGGTAA"	"Mother"	8	1	"E10"	"F5"	"R11"	"GTAAGGAG"	"AAGAGGCA"	"KN"	"SA"	"ADEL"	"WCH"	78	"T3"	"SA-ADEL-WCH-078_T3"	"SA-ADEL-WCH-078_T3"
1340	"NotC"	"AAGGAGTAAAGAGGCA"	"GGACTACNVGGGTWTCTAAT"	"GTGYCAGCMGCCGCGGTAA"	"Mother"	8	1	"G10"	"F7"	"R11"	"AAGGAGTA"	"AAGAGGCA"	"KN"	"NSW"	"SYD"	"CHW"	23	"T3"	"NSW-SYD-CHW-023_T3"	"NSW-SYD-CHW-023_T3"
1342	"NotC"	"TAGATCGCGTAGAGGA"	"GGACTACNVGGGTWTCTAAT"	"GTGYCAGCMGCCGCGGTAA"	"Mother"	8	1	"A11"	"F1"	"R12"	"TAGATCGC"	"GTAGAGGA"	"KN"	"QLD"	"BRI"	"MATER"	97	"T3"	"QLD-BRI-MATER-097_T3"	"QLD-BRI-MATER-097_T3"
1344	"NotC"	"TATCCTCTGTAGAGGA"	"GGACTACNVGGGTWTCTAAT"	"GTGYCAGCMGCCGCGGTAA"	"Mother"	8	1	"C11"	"F3"	"R12"	"TATCCTCT"	"GTAGAGGA"	"KN"	"WA"	"PER"	"PMH"	77	"T3"	"WA-PER-PMH-077_T3"	"WA-PER-PMH-077_T3"
1345	"NotC"	"AGAGTAGAGTAGAGGA"	"GGACTACNVGGGTWTCTAAT"	"GTGYCAGCMGCCGCGGTAA"	"Mother"	8	1	"D11"	"F4"	"R12"	"AGAGTAGA"	"GTAGAGGA"	"KN"	"QLD"	"BRI"	"MATER"	91	"T3"	"QLD-BRI-MATER-091_T3"	"QLD-BRI-MATER-091_T3"
1347	"NotC"	"ACTGCATAGTAGAGGA"	"GGACTACNVGGGTWTCTAAT"	"GTGYCAGCMGCCGCGGTAA"	"Mother"	8	1	"F11"	"F6"	"R12"	"ACTGCATA"	"GTAGAGGA"	"KN"	"SA"	"ADEL"	"REG"	17	"T3"	"SA-ADEL-REG-017_T3"	"SA-ADEL-REG-017_T3"
1349	"NotC"	"CTAAGCCTGTAGAGGA"	"GGACTACNVGGGTWTCTAAT"	"GTGYCAGCMGCCGCGGTAA"	"Mother"	8	1	"H11"	"F8"	"R12"	"CTAAGCCT"	"GTAGAGGA"	"KN"	"NSW"	"SYD"	"RHW"	56	"T3"	"NSW-SYD-RHW-056_T3"	"NSW-SYD-RHW-056_T3"
1351	"NotC"	"CTCTCTATATGCCTAA"	"GGACTACNVGGGTWTCTAAT"	"GTGYCAGCMGCCGCGGTAA"	"Mother"	8	1	"B12"	"F2"	"R13"	"CTCTCTAT"	"ATGCCTAA"	"KN"	"QLD"	"BRI"	"MATER"	117	"T3"	"QLD-BRI-MATER-117_T3"	"QLD-BRI-MATER-117_T3"
1352	"NotC"	"TATCCTCTATGCCTAA"	"GGACTACNVGGGTWTCTAAT"	"GTGYCAGCMGCCGCGGTAA"	"Mother"	8	1	"C12"	"F3"	"R13"	"TATCCTCT"	"ATGCCTAA"	"KN"	"WA"	"PER"	"PMH"	86	"T3"	"WA-PER-PMH-086_T3"	"WA-PER-PMH-086_T3"
1354	"NotC"	"GTAAGGAGATGCCTAA"	"GGACTACNVGGGTWTCTAAT"	"GTGYCAGCMGCCGCGGTAA"	"Mother"	8	1	"E12"	"F5"	"R13"	"GTAAGGAG"	"ATGCCTAA"	"KN"	"WA"	"PER"	"PMH"	57	"T3"	"WA-PER-PMH-057_T3"	"WA-PER-PMH-057_T3"
1357	"NotC"	"GCGAGTAATAAGGCGA"	"GGACTACNVGGGTWTCTAAT"	"GTGYCAGCMGCCGCGGTAA"	"Mother"	8	2	"C1"	"F11"	"R1"	"GCGAGTAA"	"TAAGGCGA"	"KN"	"WA"	"PER"	"PMH"	82	"T3"	"WA-PER-PMH-082_T3"	"WA-PER-PMH-082_T3"
1359	"NotC"	"TGGTGGTATAAGGCGA"	"GGACTACNVGGGTWTCTAAT"	"GTGYCAGCMGCCGCGGTAA"	"Mother"	8	2	"E1"	"F13"	"R1"	"TGGTGGTA"	"TAAGGCGA"	"AN"	"VIC"	"MEL"	"RMH"	65	"T3"	"VIC-MEL-RMH-065_T3"	"VIC-MEL-RMH-065_T3"
1361	"NotC"	"AGCACCTCTAAGGCGA"	"GGACTACNVGGGTWTCTAAT"	"GTGYCAGCMGCCGCGGTAA"	"Mother"	8	2	"G1"	"F15"	"R1"	"AGCACCTC"	"TAAGGCGA"	"AN"	"SA"	"ADEL"	"WCH"	106	"T3"	"SA-ADEL-WCH-106_T3"	"SA-ADEL-WCH-106_T3"
1362	"NotC"	"CAAGGAGCTAAGGCGA"	"GGACTACNVGGGTWTCTAAT"	"GTGYCAGCMGCCGCGGTAA"	"Mother"	8	2	"H1"	"F16"	"R1"	"CAAGGAGC"	"TAAGGCGA"	"AN"	"VIC"	"MEL"	"RMH"	26	"T3"	"VIC-MEL-RMH-026_T3"	"VIC-MEL-RMH-026_T3"
1365	"NotC"	"GCGAGTAACGTACTAG"	"GGACTACNVGGGTWTCTAAT"	"GTGYCAGCMGCCGCGGTAA"	"Mother"	8	2	"C2"	"F11"	"R2"	"GCGAGTAA"	"CGTACTAG"	"AN"	"VIC"	"MEL"	"RMH"	78	"T3"	"VIC-MEL-RMH-078_T3"	"VIC-MEL-RMH-078_T3"
1367	"NotC"	"TGGTGGTACGTACTAG"	"GGACTACNVGGGTWTCTAAT"	"GTGYCAGCMGCCGCGGTAA"	"Mother"	8	2	"E2"	"F13"	"R2"	"TGGTGGTA"	"CGTACTAG"	"AN"	"VIC"	"MEL"	"RMH"	57	"T3"	"VIC-MEL-RMH-057_T3"	"VIC-MEL-RMH-057_T3"
1369	"NotC"	"AGCACCTCCGTACTAG"	"GGACTACNVGGGTWTCTAAT"	"GTGYCAGCMGCCGCGGTAA"	"Mother"	8	2	"G2"	"F15"	"R2"	"AGCACCTC"	"CGTACTAG"	"AN"	"VIC"	"MEL"	"RMH"	98	"T3"	"VIC-MEL-RMH-098_T3"	"VIC-MEL-RMH-098_T3"
1370	"NotC"	"CAAGGAGCCGTACTAG"	"GGACTACNVGGGTWTCTAAT"	"GTGYCAGCMGCCGCGGTAA"	"Mother"	8	2	"H2"	"F16"	"R2"	"CAAGGAGC"	"CGTACTAG"	"AN"	"VIC"	"MEL"	"RMH"	52	"T3"	"VIC-MEL-RMH-052_T3"	"VIC-MEL-RMH-052_T3"
1373	"NotC"	"GCGAGTAAAGGCAGAA"	"GGACTACNVGGGTWTCTAAT"	"GTGYCAGCMGCCGCGGTAA"	"Mother"	8	2	"C3"	"F11"	"R3"	"GCGAGTAA"	"AGGCAGAA"	"AN"	"VIC"	"MEL"	"RMH"	54	"T3"	"VIC-MEL-RMH-054_T3"	"VIC-MEL-RMH-054_T3"
1375	"NotC"	"TGGTGGTAAGGCAGAA"	"GGACTACNVGGGTWTCTAAT"	"GTGYCAGCMGCCGCGGTAA"	"Mother"	8	2	"E3"	"F13"	"R3"	"TGGTGGTA"	"AGGCAGAA"	"AN"	"QLD"	"BRI"	"MATER"	63	"T3"	"QLD-BRI-MATER-063_T3"	"QLD-BRI-MATER-063_T3"
1379	"NotC"	"CCGAAGTATCCTGAGC"	"GGACTACNVGGGTWTCTAAT"	"GTGYCAGCMGCCGCGGTAA"	"AS"	8	2	"A4"	"F9"	"R4"	"CCGAAGTA"	"TCCTGAGC"	"AN"	"SA"	"ADEL"	"WCH"	"BR"	"NA"	"SA-ADEL-WCH-BR"	"SA-ADEL-WCH-BR"
1380	"NotC"	"GAGCTGAATCCTGAGC"	"GGACTACNVGGGTWTCTAAT"	"GTGYCAGCMGCCGCGGTAA"	"AS"	8	2	"B4"	"F10"	"R4"	"GAGCTGAA"	"TCCTGAGC"	"AN"	"SA"	"ADEL"	"WCH"	"MK"	"NA"	"SA-ADEL-WCH-MK"	"SA-ADEL-WCH-MK"
1381	"NotC"	"GCGAGTAATCCTGAGC"	"GGACTACNVGGGTWTCTAAT"	"GTGYCAGCMGCCGCGGTAA"	"AS"	8	2	"C4"	"F11"	"R4"	"GCGAGTAA"	"TCCTGAGC"	"AN"	"QLD"	"BRI"	"MATER"	"TB"	"NA"	"QLD-BRI-MATER-TB"	"QLD-BRI-MATER-TB"
1384	"NotC"	"TTCACGCATCCTGAGC"	"GGACTACNVGGGTWTCTAAT"	"GTGYCAGCMGCCGCGGTAA"	"Mother"	8	2	"F4"	"F14"	"R4"	"TTCACGCA"	"TCCTGAGC"	"KN"	"WA"	"PER"	"PMH"	110	"T3"	"WA-PER-PMH-110_T3"	"WA-PER-PMH-110_T3"
1389	"NotC"	"GCGAGTAAGGACTCCT"	"GGACTACNVGGGTWTCTAAT"	"GTGYCAGCMGCCGCGGTAA"	"Mother"	8	2	"C5"	"F11"	"R5"	"GCGAGTAA"	"GGACTCCT"	"KN"	"SA"	"ADEL"	"WCH"	113	"T3"	"SA-ADEL-WCH-113_T3"	"SA-ADEL-WCH-113_T3"
1395	"NotC"	"CCGAAGTATAGGCATG"	"GGACTACNVGGGTWTCTAAT"	"GTGYCAGCMGCCGCGGTAA"	"Mother"	8	2	"A6"	"F9"	"R6"	"CCGAAGTA"	"TAGGCATG"	"KN"	"WA"	"PER"	"PMH"	104	"T3"	"WA-PER-PMH-104_T3"	"WA-PER-PMH-104_T3"
1397	"NotC"	"GCGAGTAATAGGCATG"	"GGACTACNVGGGTWTCTAAT"	"GTGYCAGCMGCCGCGGTAA"	"ControlX"	8	2	"C6"	"F11"	"R6"	"GCGAGTAA"	"TAGGCATG"	"KN"	"NA"	"NA"	"NA"	"NA"	"NA"	"NGB_TEST_B_SWAB"	"NGB_TEST_B_SWAB"
1398	"NotC"	"TGAAGAGATAGGCATG"	"GGACTACNVGGGTWTCTAAT"	"GTGYCAGCMGCCGCGGTAA"	"ControlX"	8	2	"D6"	"F12"	"R6"	"TGAAGAGA"	"TAGGCATG"	"KN"	"NA"	"NA"	"NA"	"NA"	"NA"	"NGB_TEST_T_SWAB"	"NGB_TEST_T_SWAB"
1399	"NotC"	"TGGTGGTATAGGCATG"	"GGACTACNVGGGTWTCTAAT"	"GTGYCAGCMGCCGCGGTAA"	"ControlX"	8	2	"E6"	"F13"	"R6"	"TGGTGGTA"	"TAGGCATG"	"KN"	"NA"	"NA"	"NA"	"NA"	"NA"	"GN_TEST_T_SWAB"	"GN_TEST_T_SWAB"
1400	"NotC"	"TTCACGCATAGGCATG"	"GGACTACNVGGGTWTCTAAT"	"GTGYCAGCMGCCGCGGTAA"	"ControlX"	8	2	"F6"	"F14"	"R6"	"TTCACGCA"	"TAGGCATG"	"KN"	"NA"	"NA"	"NA"	"NA"	"NA"	"GN_TEST_B_SWAB"	"GN_TEST_B_SWAB"
1401	"NotC"	"AGCACCTCTAGGCATG"	"GGACTACNVGGGTWTCTAAT"	"GTGYCAGCMGCCGCGGTAA"	"Special"	8	2	"G6"	"F15"	"R6"	"AGCACCTC"	"TAGGCATG"	"KN"	"NA"	"NA"	"NA"	"NA"	"NA"	"QC88_SWAB"	"QC88_SWAB"
1402	"NotC"	"CAAGGAGCTAGGCATG"	"GGACTACNVGGGTWTCTAAT"	"GTGYCAGCMGCCGCGGTAA"	"Special"	8	2	"H6"	"F16"	"R6"	"CAAGGAGC"	"TAGGCATG"	"KN"	"NA"	"NA"	"NA"	"NA"	"NA"	"QC88_SWAB"	"QC88_SWAB"
1403	"NotC"	"CCGAAGTACTCTCTAC"	"GGACTACNVGGGTWTCTAAT"	"GTGYCAGCMGCCGCGGTAA"	"Special"	8	2	"A7"	"F9"	"R7"	"CCGAAGTA"	"CTCTCTAC"	"KN"	"NA"	"NA"	"NA"	"NA"	"NA"	"QC88_SWAB"	"QC88_SWAB"
1404	"NotC"	"GAGCTGAACTCTCTAC"	"GGACTACNVGGGTWTCTAAT"	"GTGYCAGCMGCCGCGGTAA"	"Control"	8	2	"B7"	"F10"	"R7"	"GAGCTGAA"	"CTCTCTAC"	"KN"	"NA"	"NA"	"NA"	"NA"	"NA"	"NSW-SYD-CHW-JB_Background"	"NSW-SYD-CHW-JB_Background"
1405	"NotC"	"GCGAGTAACTCTCTAC"	"GGACTACNVGGGTWTCTAAT"	"GTGYCAGCMGCCGCGGTAA"	"Control"	8	2	"C7"	"F11"	"R7"	"GCGAGTAA"	"CTCTCTAC"	"KN"	"NSW"	"SYD"	"CHW"	"JB_Background"	"NA"	"WA-PER-PMH-AT_12-10-2017"	"WA-PER-PMH-AT_12-10-2017"
1406	"NotC"	"TGAAGAGACTCTCTAC"	"GGACTACNVGGGTWTCTAAT"	"GTGYCAGCMGCCGCGGTAA"	"Control"	8	2	"D7"	"F12"	"R7"	"TGAAGAGA"	"CTCTCTAC"	"AN"	"WA"	"PER"	"PMH"	"AT_12"	"10_2017"	"Blank"	"Blank"
1407	"NotC"	"TGGTGGTACTCTCTAC"	"GGACTACNVGGGTWTCTAAT"	"GTGYCAGCMGCCGCGGTAA"	"AS"	8	2	"E7"	"F13"	"R7"	"TGGTGGTA"	"CTCTCTAC"	"AN"	"NA"	"NA"	"NA"	"NA"	"NA"	"SA-ADEL-WCH-AG"	"SA-ADEL-WCH-AG"
1408	"NotC"	"TTCACGCACTCTCTAC"	"GGACTACNVGGGTWTCTAAT"	"GTGYCAGCMGCCGCGGTAA"	"AS"	8	2	"F7"	"F14"	"R7"	"TTCACGCA"	"CTCTCTAC"	"AN"	"SA"	"ADEL"	"WCH"	"AG"	"NA"	"QLD-BRI-MATER-TB"	"QLD-BRI-MATER-TB"
1409	"NotC"	"AGCACCTCCTCTCTAC"	"GGACTACNVGGGTWTCTAAT"	"GTGYCAGCMGCCGCGGTAA"	"Control"	8	2	"G7"	"F15"	"R7"	"AGCACCTC"	"CTCTCTAC"	"AN"	"QLD"	"BRI"	"MATER"	"TB"	"NA"	"Blank"	"Blank"
1410	"NotC"	"CAAGGAGCCTCTCTAC"	"GGACTACNVGGGTWTCTAAT"	"GTGYCAGCMGCCGCGGTAA"	"AS"	8	2	"H7"	"F16"	"R7"	"CAAGGAGC"	"CTCTCTAC"	"AN"	"NA"	"NA"	"NA"	"NA"	"NA"	"WA-PER-PMH-AT"	"WA-PER-PMH-AT"
1411	"NotC"	"CCGAAGTACAGAGAGG"	"GGACTACNVGGGTWTCTAAT"	"GTGYCAGCMGCCGCGGTAA"	"AS"	8	2	"A8"	"F9"	"R8"	"CCGAAGTA"	"CAGAGAGG"	"AN"	"WA"	"PER"	"PMH"	"AT"	"NA"	"VIC-GEE-BH"	"VIC-GEE-BH"
1412	"NotC"	"GAGCTGAACAGAGAGG"	"GGACTACNVGGGTWTCTAAT"	"GTGYCAGCMGCCGCGGTAA"	"AS"	8	2	"B8"	"F10"	"R8"	"GAGCTGAA"	"CAGAGAGG"	"AN"	"VIC"	"GEE"	"BH"	"NA"	"NA"	"SA-ADEL-WCH-MK"	"SA-ADEL-WCH-MK"
1413	"NotC"	"GCGAGTAACAGAGAGG"	"GGACTACNVGGGTWTCTAAT"	"GTGYCAGCMGCCGCGGTAA"	"AS"	8	2	"C8"	"F11"	"R8"	"GCGAGTAA"	"CAGAGAGG"	"AN"	"SA"	"ADEL"	"WCH"	"MK"	"NA"	"WA-PER-PMH-AR"	"WA-PER-PMH-AR"
1414	"NotC"	"TGAAGAGACAGAGAGG"	"GGACTACNVGGGTWTCTAAT"	"GTGYCAGCMGCCGCGGTAA"	"AS"	8	2	"D8"	"F12"	"R8"	"TGAAGAGA"	"CAGAGAGG"	"AN"	"WA"	"PER"	"PMH"	"AR"	"NA"	"SA-ADEL-WCH-REG-SB"	"SA-ADEL-WCH-REG-SB"
1415	"NotC"	"TGGTGGTACAGAGAGG"	"GGACTACNVGGGTWTCTAAT"	"GTGYCAGCMGCCGCGGTAA"	"ControlK"	8	2	"E8"	"F13"	"R8"	"TGGTGGTA"	"CAGAGAGG"	"AN"	"SA"	"ADEL"	"WCH"	"REG"	"SB"	"Kit_Blank"	"Kit_Blank"
1416	"NotC"	"TTCACGCACAGAGAGG"	"GGACTACNVGGGTWTCTAAT"	"GTGYCAGCMGCCGCGGTAA"	"AS"	8	2	"F8"	"F14"	"R8"	"TTCACGCA"	"CAGAGAGG"	"AN"	"NA"	"NA"	"NA"	"NA"	"NA"	"RMH-ST"	"RMH-ST"
1417	"NotC"	"AGCACCTCCAGAGAGG"	"GGACTACNVGGGTWTCTAAT"	"GTGYCAGCMGCCGCGGTAA"	"AS"	8	2	"G8"	"F15"	"R8"	"AGCACCTC"	"CAGAGAGG"	"AN"	"RMH"	"ST"	"NA"	"NA"	"NA"	"SA-ADEL-WCH-BR"	"SA-ADEL-WCH-BR"
1418	"NotC"	"CAAGGAGCCAGAGAGG"	"GGACTACNVGGGTWTCTAAT"	"GTGYCAGCMGCCGCGGTAA"	"Control"	8	2	"H8"	"F16"	"R8"	"CAAGGAGC"	"CAGAGAGG"	"AN"	"SA"	"ADEL"	"WCH"	"BR"	"NA"	"Blank"	"Blank"
1419	"NotC"	"CCGAAGTAGCTACGCT"	"GGACTACNVGGGTWTCTAAT"	"GTGYCAGCMGCCGCGGTAA"	"AS"	8	2	"A9"	"F9"	"R9"	"CCGAAGTA"	"GCTACGCT"	"AN"	"NA"	"NA"	"NA"	"NA"	"NA"	"WA-PER-PMH-AR"	"WA-PER-PMH-AR"
1420	"NotC"	"GAGCTGAAGCTACGCT"	"GGACTACNVGGGTWTCTAAT"	"GTGYCAGCMGCCGCGGTAA"	"Control"	8	2	"B9"	"F10"	"R9"	"GAGCTGAA"	"GCTACGCT"	"AN"	"WA"	"PER"	"PMH"	"AR"	"NA"	"RMH_Blank"	"RMH_Blank"
1421	"NotC"	"GCGAGTAAGCTACGCT"	"GGACTACNVGGGTWTCTAAT"	"GTGYCAGCMGCCGCGGTAA"	"AS"	8	2	"C9"	"F11"	"R9"	"GCGAGTAA"	"GCTACGCT"	"AN"	"NA"	"NA"	"NA"	"NA"	"NA"	"SA-ADEL-WCH-AG"	"SA-ADEL-WCH-AG"
1422	"NotC"	"TGAAGAGAGCTACGCT"	"GGACTACNVGGGTWTCTAAT"	"GTGYCAGCMGCCGCGGTAA"	"Control"	8	2	"D9"	"F12"	"R9"	"TGAAGAGA"	"GCTACGCT"	"AN"	"SA"	"ADEL"	"WCH"	"AG"	"NA"	"Blank"	"Blank"
1423	"NotC"	"TGGTGGTAGCTACGCT"	"GGACTACNVGGGTWTCTAAT"	"GTGYCAGCMGCCGCGGTAA"	"AS"	8	2	"E9"	"F13"	"R9"	"TGGTGGTA"	"GCTACGCT"	"AN"	"NA"	"NA"	"NA"	"NA"	"NA"	"NSW-SYD-CHW-JB"	"NSW-SYD-CHW-JB"
1424	"NotC"	"TTCACGCAGCTACGCT"	"GGACTACNVGGGTWTCTAAT"	"GTGYCAGCMGCCGCGGTAA"	"Control"	8	2	"F9"	"F14"	"R9"	"TTCACGCA"	"GCTACGCT"	"AN"	"NSW"	"SYD"	"CHW"	"JB"	"NA"	"Blank"	"Blank"
1425	"NotC"	"AGCACCTCGCTACGCT"	"GGACTACNVGGGTWTCTAAT"	"GTGYCAGCMGCCGCGGTAA"	"AS"	8	2	"G9"	"F15"	"R9"	"AGCACCTC"	"GCTACGCT"	"AN"	"NA"	"NA"	"NA"	"NA"	"NA"	"RMH-ST"	"RMH-ST"
1426	"NotC"	"CAAGGAGCGCTACGCT"	"GGACTACNVGGGTWTCTAAT"	"GTGYCAGCMGCCGCGGTAA"	"AS"	8	2	"H9"	"F16"	"R9"	"CAAGGAGC"	"GCTACGCT"	"AN"	"RMH"	"ST"	"NA"	"NA"	"NA"	"VIC-GEE-BH"	"VIC-GEE-BH"
1427	"NotC"	"CCGAAGTAAAGAGGCA"	"GGACTACNVGGGTWTCTAAT"	"GTGYCAGCMGCCGCGGTAA"	"Control"	8	2	"A10"	"F9"	"R11"	"CCGAAGTA"	"AAGAGGCA"	"AN"	"VIC"	"GEE"	"BH"	"NA"	"NA"	"Blank"	"Blank"
1428	"NotC"	"GAGCTGAAAAGAGGCA"	"GGACTACNVGGGTWTCTAAT"	"GTGYCAGCMGCCGCGGTAA"	"AS"	8	2	"B10"	"F10"	"R11"	"GAGCTGAA"	"AAGAGGCA"	"AN"	"NA"	"NA"	"NA"	"NA"	"NA"	"SA-ADEL-WCH-REG-SB"	"SA-ADEL-WCH-REG-SB"
"1262rep2"	"NotC"	"TAGATCGCACGCTCGA"	"GGACTACNVGGGTWTCTAAT"	"GTGYCAGCMGCCGCGGTAA"	"Mother"	8	1	"A1"	"F1"	"R14"	"TAGATCGC"	"ACGCTCGA"	"AN"	"SA"	"ADEL"	"WCH"	55	"T3"	"SA-ADEL-WCH-055_T3rep2"	"SA-ADEL-WCH-055_T3"
"1263rep2"	"NotC"	"CTCTCTATACGCTCGA"	"GGACTACNVGGGTWTCTAAT"	"GTGYCAGCMGCCGCGGTAA"	"Mother"	8	1	"B1"	"F2"	"R14"	"CTCTCTAT"	"ACGCTCGA"	"AN"	"SA"	"ADEL"	"WCH"	29	"T3"	"SA-ADEL-WCH-029_T3rep2"	"SA-ADEL-WCH-029_T3"
"1264rep2"	"NotC"	"TATCCTCTACGCTCGA"	"GGACTACNVGGGTWTCTAAT"	"GTGYCAGCMGCCGCGGTAA"	"Mother"	8	1	"C1"	"F3"	"R14"	"TATCCTCT"	"ACGCTCGA"	"AN"	"SA"	"ADEL"	"WCH"	11	"T3"	"SA-ADEL-WCH-011_T3rep2"	"SA-ADEL-WCH-011_T3"
"1265rep2"	"NotC"	"AGAGTAGAACGCTCGA"	"GGACTACNVGGGTWTCTAAT"	"GTGYCAGCMGCCGCGGTAA"	"Mother"	8	1	"D1"	"F4"	"R14"	"AGAGTAGA"	"ACGCTCGA"	"AN"	"SA"	"ADEL"	"WCH"	44	"T3"	"SA-ADEL-WCH-044_T3rep2"	"SA-ADEL-WCH-044_T3"
"1266rep2"	"NotC"	"GTAAGGAGACGCTCGA"	"GGACTACNVGGGTWTCTAAT"	"GTGYCAGCMGCCGCGGTAA"	"Mother"	8	1	"E1"	"F5"	"R14"	"GTAAGGAG"	"ACGCTCGA"	"AN"	"SA"	"ADEL"	"WCH"	49	"T3"	"SA-ADEL-WCH-049_T3rep2"	"SA-ADEL-WCH-049_T3"
"1267rep2"	"NotC"	"ACTGCATAACGCTCGA"	"GGACTACNVGGGTWTCTAAT"	"GTGYCAGCMGCCGCGGTAA"	"Mother"	8	1	"F1"	"F6"	"R14"	"ACTGCATA"	"ACGCTCGA"	"AN"	"WA"	"PER"	"PMH"	43	"T3"	"WA-PER-PMH-043_T3rep2"	"WA-PER-PMH-043_T3"
"1268rep2"	"NotC"	"AAGGAGTAACGCTCGA"	"GGACTACNVGGGTWTCTAAT"	"GTGYCAGCMGCCGCGGTAA"	"Mother"	8	1	"G1"	"F7"	"R14"	"AAGGAGTA"	"ACGCTCGA"	"AN"	"SA"	"ADEL"	"WCH"	40	"T3"	"SA-ADEL-WCH-040_T3rep2"	"SA-ADEL-WCH-040_T3"
"1269rep2"	"NotC"	"CTAAGCCTACGCTCGA"	"GGACTACNVGGGTWTCTAAT"	"GTGYCAGCMGCCGCGGTAA"	"Mother"	8	1	"H1"	"F8"	"R14"	"CTAAGCCT"	"ACGCTCGA"	"AN"	"SA"	"ADEL"	"WCH"	34	"T3"	"SA-ADEL-WCH-034_T3rep2"	"SA-ADEL-WCH-034_T3"
"1272rep2"	"NotC"	"TATCCTCTCGCATACA"	"GGACTACNVGGGTWTCTAAT"	"GTGYCAGCMGCCGCGGTAA"	"Mother"	8	1	"C2"	"F3"	"R17"	"TATCCTCT"	"CGCATACA"	"AN"	"WA"	"PER"	"PMH"	47	"T3"	"WA-PER-PMH-047_T3rep2"	"WA-PER-PMH-047_T3"
"1274rep2"	"NotC"	"GTAAGGAGCGCATACA"	"GGACTACNVGGGTWTCTAAT"	"GTGYCAGCMGCCGCGGTAA"	"Mother"	8	1	"E2"	"F5"	"R17"	"GTAAGGAG"	"CGCATACA"	"KN"	"WA"	"PER"	"PMH"	46	"T3"	"WA-PER-PMH-046_T3rep2"	"WA-PER-PMH-046_T3"
"1275rep2"	"NotC"	"ACTGCATACGCATACA"	"GGACTACNVGGGTWTCTAAT"	"GTGYCAGCMGCCGCGGTAA"	"Mother"	8	1	"F2"	"F6"	"R17"	"ACTGCATA"	"CGCATACA"	"KN"	"SA"	"ADEL"	"WCH"	24	"T3"	"SA-ADEL-WCH-024_T3rep2"	"SA-ADEL-WCH-024_T3"
"1276rep2"	"NotC"	"AAGGAGTACGCATACA"	"GGACTACNVGGGTWTCTAAT"	"GTGYCAGCMGCCGCGGTAA"	"Mother"	8	1	"G2"	"F7"	"R17"	"AAGGAGTA"	"CGCATACA"	"KN"	"SA"	"ADEL"	"WCH"	25	"T3"	"SA-ADEL-WCH-025_T3rep2"	"SA-ADEL-WCH-025_T3"
"1277rep2"	"NotC"	"CTAAGCCTCGCATACA"	"GGACTACNVGGGTWTCTAAT"	"GTGYCAGCMGCCGCGGTAA"	"Mother"	8	1	"H2"	"F8"	"R17"	"CTAAGCCT"	"CGCATACA"	"KN"	"SA"	"ADEL"	"WCH"	10	"T3"	"SA-ADEL-WCH-010_T3rep2"	"SA-ADEL-WCH-010_T3"
"1279rep2"	"NotC"	"CTCTCTATTCCGTCTA"	"GGACTACNVGGGTWTCTAAT"	"GTGYCAGCMGCCGCGGTAA"	"Mother"	8	1	"B3"	"F2"	"R22"	"CTCTCTAT"	"TCCGTCTA"	"KN"	"SA"	"ADEL"	"WCH"	22	"T3"	"SA-ADEL-WCH-022_T3rep2"	"SA-ADEL-WCH-022_T3"
"1282rep2"	"NotC"	"GTAAGGAGTCCGTCTA"	"GGACTACNVGGGTWTCTAAT"	"GTGYCAGCMGCCGCGGTAA"	"Mother"	8	1	"E3"	"F5"	"R22"	"GTAAGGAG"	"TCCGTCTA"	"KN"	"SA"	"ADEL"	"WCH"	1	"T3"	"SA-ADEL-WCH-001_T3rep2"	"SA-ADEL-WCH-001_T3"
"1283rep2"	"NotC"	"ACTGCATATCCGTCTA"	"GGACTACNVGGGTWTCTAAT"	"GTGYCAGCMGCCGCGGTAA"	"Mother"	8	1	"F3"	"F6"	"R22"	"ACTGCATA"	"TCCGTCTA"	"KN"	"VIC"	"MEL"	"RMH"	17	"T3"	"VIC-MEL-RMH-017_T3rep2"	"VIC-MEL-RMH-017_T3"
"1285rep2"	"NotC"	"CTAAGCCTTCCGTCTA"	"GGACTACNVGGGTWTCTAAT"	"GTGYCAGCMGCCGCGGTAA"	"Mother"	8	1	"H3"	"F8"	"R22"	"CTAAGCCT"	"TCCGTCTA"	"KN"	"SA"	"ADEL"	"WCH"	42	"T3"	"SA-ADEL-WCH-042_T3rep2"	"SA-ADEL-WCH-042_T3"
"1286rep2"	"NotC"	"TAGATCGCTCTCTCCG"	"GGACTACNVGGGTWTCTAAT"	"GTGYCAGCMGCCGCGGTAA"	"Mother"	8	1	"A4"	"F1"	"R27"	"TAGATCGC"	"TCTCTCCG "	"AN"	"QLD"	"BRI"	"MATER"	45	"T3"	"QLD-BRI-MATER-045_T3rep2"	"QLD-BRI-MATER-045_T3"
"1287rep2"	"NotC"	"CTCTCTATTCTCTCCG"	"GGACTACNVGGGTWTCTAAT"	"GTGYCAGCMGCCGCGGTAA"	"Mother"	8	1	"B4"	"F2"	"R27"	"CTCTCTAT"	"TCTCTCCG "	"AN"	"SA"	"ADEL"	"WCH"	20	"T3"	"SA-ADEL-WCH-020_T3rep2"	"SA-ADEL-WCH-020_T3"
"1288rep2"	"NotC"	"TATCCTCTTCTCTCCG"	"GGACTACNVGGGTWTCTAAT"	"GTGYCAGCMGCCGCGGTAA"	"Mother"	8	1	"C4"	"F3"	"R27"	"TATCCTCT"	"TCTCTCCG "	"AN"	"WA"	"PER"	"PMH"	25	"T3"	"WA-PER-PMH-025_T3rep2"	"WA-PER-PMH-025_T3"
"1289rep2"	"NotC"	"AGAGTAGATCTCTCCG"	"GGACTACNVGGGTWTCTAAT"	"GTGYCAGCMGCCGCGGTAA"	"Mother"	8	1	"D4"	"F4"	"R27"	"AGAGTAGA"	"TCTCTCCG "	"AN"	"SA"	"ADEL"	"WCH"	72	"T3"	"SA-ADEL-WCH-072_T3rep2"	"SA-ADEL-WCH-072_T3"
"1291rep2"	"NotC"	"ACTGCATATCTCTCCG"	"GGACTACNVGGGTWTCTAAT"	"GTGYCAGCMGCCGCGGTAA"	"Mother"	8	1	"F4"	"F6"	"R27"	"ACTGCATA"	"TCTCTCCG "	"AN"	"WA"	"PER"	"PMH"	15	"T3"	"WA-PER-PMH-015_T3rep2"	"WA-PER-PMH-015_T3"
"1292rep2"	"NotC"	"AAGGAGTATCTCTCCG"	"GGACTACNVGGGTWTCTAAT"	"GTGYCAGCMGCCGCGGTAA"	"Mother"	8	1	"G4"	"F7"	"R27"	"AAGGAGTA"	"TCTCTCCG "	"AN"	"QLD"	"BRI"	"MATER"	"079-080"	"T3"	"QLD-BRI-MATER-079-080_T3rep2"	"QLD-BRI-MATER-079-080_T3"
"1293rep2"	"NotC"	"CTAAGCCTTCTCTCCG"	"GGACTACNVGGGTWTCTAAT"	"GTGYCAGCMGCCGCGGTAA"	"Mother"	8	1	"H4"	"F8"	"R27"	"CTAAGCCT"	"TCTCTCCG "	"AN"	"WA"	"PER"	"PMH"	14	"T3"	"WA-PER-PMH-014_T3rep2"	"WA-PER-PMH-014_T3"
"1294rep2"	"NotC"	"TAGATCGCTCGACTAG"	"GGACTACNVGGGTWTCTAAT"	"GTGYCAGCMGCCGCGGTAA"	"Mother"	8	1	"A5"	"F1"	"R28"	"TAGATCGC"	"TCGACTAG "	"AN"	"WA"	"PER"	"PMH"	54	"T3"	"WA-PER-PMH-054_T3rep2"	"WA-PER-PMH-054_T3"
"1295rep2"	"NotC"	"CTCTCTATTCGACTAG"	"GGACTACNVGGGTWTCTAAT"	"GTGYCAGCMGCCGCGGTAA"	"Mother"	8	1	"B5"	"F2"	"R28"	"CTCTCTAT"	"TCGACTAG "	"AN"	"SA"	"ADEL"	"WCH"	2	"T3"	"SA-ADEL-WCH-002_T3rep2"	"SA-ADEL-WCH-002_T3"
"1296rep2"	"NotC"	"TATCCTCTTCGACTAG"	"GGACTACNVGGGTWTCTAAT"	"GTGYCAGCMGCCGCGGTAA"	"Mother"	8	1	"C5"	"F3"	"R28"	"TATCCTCT"	"TCGACTAG "	"AN"	"QLD"	"BRI"	"MATER"	6	"T3"	"QLD-BRI-MATER-006_T3rep2"	"QLD-BRI-MATER-006_T3"
"1297rep2"	"NotC"	"AGAGTAGATCGACTAG"	"GGACTACNVGGGTWTCTAAT"	"GTGYCAGCMGCCGCGGTAA"	"Mother"	8	1	"D5"	"F4"	"R28"	"AGAGTAGA"	"TCGACTAG "	"AN"	"SA"	"ADEL"	"WCH"	35	"T3"	"SA-ADEL-WCH-035_T3rep2"	"SA-ADEL-WCH-035_T3"
"1298rep2"	"NotC"	"GTAAGGAGTCGACTAG"	"GGACTACNVGGGTWTCTAAT"	"GTGYCAGCMGCCGCGGTAA"	"Mother"	8	1	"E5"	"F5"	"R28"	"GTAAGGAG"	"TCGACTAG "	"KN"	"QLD"	"BRI"	"MATER"	7	"T3"	"QLD-BRI-MATER-007_T3rep2"	"QLD-BRI-MATER-007_T3"
"1299rep2"	"NotC"	"ACTGCATATCGACTAG"	"GGACTACNVGGGTWTCTAAT"	"GTGYCAGCMGCCGCGGTAA"	"Mother"	8	1	"F5"	"F6"	"R28"	"ACTGCATA"	"TCGACTAG "	"KN"	"SA"	"ADEL"	"WCH"	8	"T3"	"SA-ADEL-WCH-008_T3rep2"	"SA-ADEL-WCH-008_T3"
"1300rep2"	"NotC"	"AAGGAGTATCGACTAG"	"GGACTACNVGGGTWTCTAAT"	"GTGYCAGCMGCCGCGGTAA"	"Mother"	8	1	"G5"	"F7"	"R28"	"AAGGAGTA"	"TCGACTAG "	"KN"	"QLD"	"BRI"	"MATER"	10	"T3"	"QLD-BRI-MATER-010_T3rep2"	"QLD-BRI-MATER-010_T3"
"1303rep2"	"NotC"	"CTCTCTATAAACATCG"	"GGACTACNVGGGTWTCTAAT"	"GTGYCAGCMGCCGCGGTAA"	"Mother"	8	1	"B6"	"F2"	"R30"	"CTCTCTAT"	"AAACATCG"	"KN"	"SA"	"ADEL"	"WCH"	67	"T3"	"SA-ADEL-WCH-067_T3rep2"	"SA-ADEL-WCH-067_T3"
"1305rep2"	"NotC"	"AGAGTAGAAAACATCG"	"GGACTACNVGGGTWTCTAAT"	"GTGYCAGCMGCCGCGGTAA"	"Mother"	8	1	"D6"	"F4"	"R30"	"AGAGTAGA"	"AAACATCG"	"KN"	"QLD"	"BRI"	"MATER"	46	"T3"	"QLD-BRI-MATER-046_T3rep2"	"QLD-BRI-MATER-046_T3"
"1306rep2"	"NotC"	"GTAAGGAGAAACATCG"	"GGACTACNVGGGTWTCTAAT"	"GTGYCAGCMGCCGCGGTAA"	"Mother"	8	1	"E6"	"F5"	"R30"	"GTAAGGAG"	"AAACATCG"	"KN"	"QLD"	"BRI"	"MATER"	67	"T3"	"QLD-BRI-MATER-067_T3rep2"	"QLD-BRI-MATER-067_T3"
"1307rep2"	"NotC"	"ACTGCATAAAACATCG"	"GGACTACNVGGGTWTCTAAT"	"GTGYCAGCMGCCGCGGTAA"	"Mother"	8	1	"F6"	"F6"	"R30"	"ACTGCATA"	"AAACATCG"	"KN"	"SA"	"ADEL"	"WCH"	70	"T3"	"SA-ADEL-WCH-070_T3rep2"	"SA-ADEL-WCH-070_T3"
"1309rep2"	"NotC"	"CTAAGCCTAAACATCG"	"GGACTACNVGGGTWTCTAAT"	"GTGYCAGCMGCCGCGGTAA"	"Mother"	8	1	"H6"	"F8"	"R30"	"CTAAGCCT"	"AAACATCG"	"KN"	"QLD"	"BRI"	"MATER"	"084?"	"T3"	"QLD-BRI-MATER-084?_T3rep2"	"QLD-BRI-MATER-084?_T3"
"1310rep2"	"NotC"	"TAGATCGCAGTGGTCA"	"GGACTACNVGGGTWTCTAAT"	"GTGYCAGCMGCCGCGGTAA"	"Mother"	8	1	"A7"	"F1"	"R31"	"TAGATCGC"	"AGTGGTCA"	"KN"	"QLD"	"BRI"	"MATER"	26	"T3"	"QLD-BRI-MATER-026_T3rep2"	"QLD-BRI-MATER-026_T3"
"1311rep2"	"NotC"	"CTCTCTATAGTGGTCA"	"GGACTACNVGGGTWTCTAAT"	"GTGYCAGCMGCCGCGGTAA"	"Mother"	8	1	"B7"	"F2"	"R31"	"CTCTCTAT"	"AGTGGTCA"	"KN"	"QLD"	"BRI"	"MATER"	54	"T3"	"QLD-BRI-MATER-054_T3rep2"	"QLD-BRI-MATER-054_T3"
"1312rep2"	"NotC"	"TATCCTCTAGTGGTCA"	"GGACTACNVGGGTWTCTAAT"	"GTGYCAGCMGCCGCGGTAA"	"Mother"	8	1	"C7"	"F3"	"R31"	"TATCCTCT"	"AGTGGTCA"	"KN"	"SA"	"ADEL"	"WCH"	58	"T3"	"SA-ADEL-WCH-058_T3rep2"	"SA-ADEL-WCH-058_T3"
"1313rep2"	"NotC"	"AGAGTAGAAGTGGTCA"	"GGACTACNVGGGTWTCTAAT"	"GTGYCAGCMGCCGCGGTAA"	"Mother"	8	1	"D7"	"F4"	"R31"	"AGAGTAGA"	"AGTGGTCA"	"KN"	"NSW"	"SYD"	"RHW"	40	"T3"	"NSW-SYD-RHW-040_T3rep2"	"NSW-SYD-RHW-040_T3"
"1314rep2"	"NotC"	"GTAAGGAGAGTGGTCA"	"GGACTACNVGGGTWTCTAAT"	"GTGYCAGCMGCCGCGGTAA"	"Mother"	8	1	"E7"	"F5"	"R31"	"GTAAGGAG"	"AGTGGTCA"	"KN"	"SA"	"ADEL"	"WCH"	61	"T3"	"SA-ADEL-WCH-061_T3rep2"	"SA-ADEL-WCH-061_T3"
"1315rep2"	"NotC"	"ACTGCATAAGTGGTCA"	"GGACTACNVGGGTWTCTAAT"	"GTGYCAGCMGCCGCGGTAA"	"Mother"	8	1	"F7"	"F6"	"R31"	"ACTGCATA"	"AGTGGTCA"	"KN"	"QLD"	"BRI"	"MATER"	65	"T3"	"QLD-BRI-MATER-065_T3rep2"	"QLD-BRI-MATER-065_T3"
"1316rep2"	"NotC"	"AAGGAGTAAGTGGTCA"	"GGACTACNVGGGTWTCTAAT"	"GTGYCAGCMGCCGCGGTAA"	"Mother"	8	1	"G7"	"F7"	"R31"	"AAGGAGTA"	"AGTGGTCA"	"KN"	"QLD"	"BRI"	"MATER"	68	"T3"	"QLD-BRI-MATER-068_T3rep2"	"QLD-BRI-MATER-068_T3"
"1318rep2"	"NotC"	"TAGATCGCACCACTGT"	"GGACTACNVGGGTWTCTAAT"	"GTGYCAGCMGCCGCGGTAA"	"Mother"	8	1	"A8"	"F1"	"R32"	"TAGATCGC"	"ACCACTGT"	"KN"	"NSW"	"SYD"	"RHW"	11	"T3"	"NSW-SYD-RHW-011_T3rep2"	"NSW-SYD-RHW-011_T3"
"1321rep2"	"NotC"	"AGAGTAGAACCACTGT"	"GGACTACNVGGGTWTCTAAT"	"GTGYCAGCMGCCGCGGTAA"	"ControlK"	8	1	"D8"	"F4"	"R32"	"AGAGTAGA"	"ACCACTGT"	"KN"	"NA"	"NA"	"NA"	"NA"	"NA"	"Kit_Blank_Lot157055210rep2"	"Kit_Blank_Lot157055210"
"1322rep2"	"NotC"	"GTAAGGAGACCACTGT"	"GGACTACNVGGGTWTCTAAT"	"GTGYCAGCMGCCGCGGTAA"	"Mother"	8	1	"E8"	"F5"	"R32"	"GTAAGGAG"	"ACCACTGT"	"KN"	"NSW"	"SYD"	"CHW"	20	"T3"	"NSW-SYD-CHW-020_T3rep2"	"NSW-SYD-CHW-020_T3"
"1324rep2"	"NotC"	"AAGGAGTAACCACTGT"	"GGACTACNVGGGTWTCTAAT"	"GTGYCAGCMGCCGCGGTAA"	"Mother"	8	1	"G8"	"F7"	"R32"	"AAGGAGTA"	"ACCACTGT"	"KN"	"SA"	"ADEL"	"WCH"	91	"T3"	"SA-ADEL-WCH-091_T3rep2"	"SA-ADEL-WCH-091_T3"
"1325rep2"	"NotC"	"CTAAGCCTACCACTGT"	"GGACTACNVGGGTWTCTAAT"	"GTGYCAGCMGCCGCGGTAA"	"Mother"	8	1	"H8"	"F8"	"R32"	"CTAAGCCT"	"ACCACTGT"	"KN"	"WA"	"PER"	"PMH"	72	"T3"	"WA-PER-PMH-072_T3rep2"	"WA-PER-PMH-072_T3"
"1327rep2"	"NotC"	"CTCTCTATACATTGGC"	"GGACTACNVGGGTWTCTAAT"	"GTGYCAGCMGCCGCGGTAA"	"Mother"	8	1	"B9"	"F2"	"R33"	"CTCTCTAT"	"ACATTGGC"	"KN"	"NSW"	"SYD"	"RHW"	49	"T3"	"NSW-SYD-RHW-049_T3rep2"	"NSW-SYD-RHW-049_T3"
"1331rep2"	"NotC"	"ACTGCATAACATTGGC"	"GGACTACNVGGGTWTCTAAT"	"GTGYCAGCMGCCGCGGTAA"	"Mother"	8	1	"F9"	"F6"	"R33"	"ACTGCATA"	"ACATTGGC"	"KN"	"NSW"	"SYD"	"CHW"	37	"T3"	"NSW-SYD-CHW-037_T3rep2"	"NSW-SYD-CHW-037_T3"
"1338rep2"	"NotC"	"GTAAGGAGCAGATCTG"	"GGACTACNVGGGTWTCTAAT"	"GTGYCAGCMGCCGCGGTAA"	"Mother"	8	1	"E10"	"F5"	"R34"	"GTAAGGAG"	"CAGATCTG"	"KN"	"SA"	"ADEL"	"WCH"	78	"T3"	"SA-ADEL-WCH-078_T3rep2"	"SA-ADEL-WCH-078_T3"
"1340rep2"	"NotC"	"AAGGAGTACAGATCTG"	"GGACTACNVGGGTWTCTAAT"	"GTGYCAGCMGCCGCGGTAA"	"Mother"	8	1	"G10"	"F7"	"R34"	"AAGGAGTA"	"CAGATCTG"	"KN"	"NSW"	"SYD"	"CHW"	23	"T3"	"NSW-SYD-CHW-023_T3rep2"	"NSW-SYD-CHW-023_T3"
"1342rep2"	"NotC"	"TAGATCGCCATCAAGT"	"GGACTACNVGGGTWTCTAAT"	"GTGYCAGCMGCCGCGGTAA"	"Mother"	8	1	"A11"	"F1"	"R35"	"TAGATCGC"	"CATCAAGT"	"KN"	"QLD"	"BRI"	"MATER"	97	"T3"	"QLD-BRI-MATER-097_T3rep2"	"QLD-BRI-MATER-097_T3"
"1344rep2"	"NotC"	"TATCCTCTCATCAAGT"	"GGACTACNVGGGTWTCTAAT"	"GTGYCAGCMGCCGCGGTAA"	"Mother"	8	1	"C11"	"F3"	"R35"	"TATCCTCT"	"CATCAAGT"	"KN"	"WA"	"PER"	"PMH"	77	"T3"	"WA-PER-PMH-077_T3rep2"	"WA-PER-PMH-077_T3"
"1345rep2"	"NotC"	"AGAGTAGACATCAAGT"	"GGACTACNVGGGTWTCTAAT"	"GTGYCAGCMGCCGCGGTAA"	"Mother"	8	1	"D11"	"F4"	"R35"	"AGAGTAGA"	"CATCAAGT"	"KN"	"QLD"	"BRI"	"MATER"	91	"T3"	"QLD-BRI-MATER-091_T3rep2"	"QLD-BRI-MATER-091_T3"
"1347rep2"	"NotC"	"ACTGCATACATCAAGT"	"GGACTACNVGGGTWTCTAAT"	"GTGYCAGCMGCCGCGGTAA"	"Mother"	8	1	"F11"	"F6"	"R35"	"ACTGCATA"	"CATCAAGT"	"KN"	"SA"	"ADEL"	"REG"	17	"T3"	"SA-ADEL-REG-017_T3rep2"	"SA-ADEL-REG-017_T3"
"1349rep2"	"NotC"	"CTAAGCCTCATCAAGT"	"GGACTACNVGGGTWTCTAAT"	"GTGYCAGCMGCCGCGGTAA"	"Mother"	8	1	"H11"	"F8"	"R35"	"CTAAGCCT"	"CATCAAGT"	"KN"	"NSW"	"SYD"	"RHW"	56	"T3"	"NSW-SYD-RHW-056_T3rep2"	"NSW-SYD-RHW-056_T3"
"1351rep2"	"NotC"	"CTCTCTATCGCTGATC"	"GGACTACNVGGGTWTCTAAT"	"GTGYCAGCMGCCGCGGTAA"	"Mother"	8	1	"B12"	"F2"	"R36"	"CTCTCTAT"	"CGCTGATC"	"KN"	"QLD"	"BRI"	"MATER"	117	"T3"	"QLD-BRI-MATER-117_T3rep2"	"QLD-BRI-MATER-117_T3"
"1352rep2"	"NotC"	"TATCCTCTCGCTGATC"	"GGACTACNVGGGTWTCTAAT"	"GTGYCAGCMGCCGCGGTAA"	"Mother"	8	1	"C12"	"F3"	"R36"	"TATCCTCT"	"CGCTGATC"	"KN"	"WA"	"PER"	"PMH"	86	"T3"	"WA-PER-PMH-086_T3rep2"	"WA-PER-PMH-086_T3"
"1354rep2"	"NotC"	"GTAAGGAGCGCTGATC"	"GGACTACNVGGGTWTCTAAT"	"GTGYCAGCMGCCGCGGTAA"	"Mother"	8	1	"E12"	"F5"	"R36"	"GTAAGGAG"	"CGCTGATC"	"KN"	"WA"	"PER"	"PMH"	57	"T3"	"WA-PER-PMH-057_T3rep2"	"WA-PER-PMH-057_T3"
"1355rep2"	"NotC"	"CCGAAGTAACGCTCGA"	"GGACTACNVGGGTWTCTAAT"	"GTGYCAGCMGCCGCGGTAA"	"Mother"	8	2	"A1"	"F9"	"R14"	"CCGAAGTA"	"ACGCTCGA"	"KN"	"WA"	"PER"	"PMH"	60	"T3"	"WA-PER-PMH-060_T3rep2"	"WA-PER-PMH-060_T3"
"1357rep2"	"NotC"	"GCGAGTAAACGCTCGA"	"GGACTACNVGGGTWTCTAAT"	"GTGYCAGCMGCCGCGGTAA"	"Mother"	8	2	"C1"	"F11"	"R14"	"GCGAGTAA"	"ACGCTCGA"	"KN"	"WA"	"PER"	"PMH"	82	"T3"	"WA-PER-PMH-082_T3rep2"	"WA-PER-PMH-082_T3"
"1359rep2"	"NotC"	"TGGTGGTAACGCTCGA"	"GGACTACNVGGGTWTCTAAT"	"GTGYCAGCMGCCGCGGTAA"	"Mother"	8	2	"E1"	"F13"	"R14"	"TGGTGGTA"	"ACGCTCGA"	"AN"	"VIC"	"MEL"	"RMH"	65	"T3"	"VIC-MEL-RMH-065_T3rep2"	"VIC-MEL-RMH-065_T3"
"1361rep2"	"NotC"	"AGCACCTCACGCTCGA"	"GGACTACNVGGGTWTCTAAT"	"GTGYCAGCMGCCGCGGTAA"	"Mother"	8	2	"G1"	"F15"	"R14"	"AGCACCTC"	"ACGCTCGA"	"AN"	"SA"	"ADEL"	"WCH"	106	"T3"	"SA-ADEL-WCH-106_T3rep2"	"SA-ADEL-WCH-106_T3"
"1362rep2"	"NotC"	"CAAGGAGCACGCTCGA"	"GGACTACNVGGGTWTCTAAT"	"GTGYCAGCMGCCGCGGTAA"	"Mother"	8	2	"H1"	"F16"	"R14"	"CAAGGAGC"	"ACGCTCGA"	"AN"	"VIC"	"MEL"	"RMH"	26	"T3"	"VIC-MEL-RMH-026_T3rep2"	"VIC-MEL-RMH-026_T3"
"1365rep2"	"NotC"	"GCGAGTAACGCATACA"	"GGACTACNVGGGTWTCTAAT"	"GTGYCAGCMGCCGCGGTAA"	"Mother"	8	2	"C2"	"F11"	"R17"	"GCGAGTAA"	"CGCATACA"	"AN"	"VIC"	"MEL"	"RMH"	78	"T3"	"VIC-MEL-RMH-078_T3rep2"	"VIC-MEL-RMH-078_T3"
"1367rep2"	"NotC"	"TGGTGGTACGCATACA"	"GGACTACNVGGGTWTCTAAT"	"GTGYCAGCMGCCGCGGTAA"	"Mother"	8	2	"E2"	"F13"	"R17"	"TGGTGGTA"	"CGCATACA"	"AN"	"VIC"	"MEL"	"RMH"	57	"T3"	"VIC-MEL-RMH-057_T3rep2"	"VIC-MEL-RMH-057_T3"
"1369rep2"	"NotC"	"AGCACCTCCGCATACA"	"GGACTACNVGGGTWTCTAAT"	"GTGYCAGCMGCCGCGGTAA"	"Mother"	8	2	"G2"	"F15"	"R17"	"AGCACCTC"	"CGCATACA"	"AN"	"VIC"	"MEL"	"RMH"	98	"T3"	"VIC-MEL-RMH-098_T3rep2"	"VIC-MEL-RMH-098_T3"
"1370rep2"	"NotC"	"CAAGGAGCCGCATACA"	"GGACTACNVGGGTWTCTAAT"	"GTGYCAGCMGCCGCGGTAA"	"Mother"	8	2	"H2"	"F16"	"R17"	"CAAGGAGC"	"CGCATACA"	"AN"	"VIC"	"MEL"	"RMH"	52	"T3"	"VIC-MEL-RMH-052_T3rep2"	"VIC-MEL-RMH-052_T3"
"1373rep2"	"NotC"	"GCGAGTAATCCGTCTA"	"GGACTACNVGGGTWTCTAAT"	"GTGYCAGCMGCCGCGGTAA"	"Mother"	8	2	"C3"	"F11"	"R22"	"GCGAGTAA"	"TCCGTCTA"	"AN"	"VIC"	"MEL"	"RMH"	54	"T3"	"VIC-MEL-RMH-054_T3rep2"	"VIC-MEL-RMH-054_T3"
"1375rep2"	"NotC"	"TGGTGGTATCCGTCTA"	"GGACTACNVGGGTWTCTAAT"	"GTGYCAGCMGCCGCGGTAA"	"Mother"	8	2	"E3"	"F13"	"R22"	"TGGTGGTA"	"TCCGTCTA"	"AN"	"QLD"	"BRI"	"MATER"	63	"T3"	"QLD-BRI-MATER-063_T3rep2"	"QLD-BRI-MATER-063_T3"
"1379rep2"	"NotC"	"CCGAAGTATCTCTCCG"	"GGACTACNVGGGTWTCTAAT"	"GTGYCAGCMGCCGCGGTAA"	"AS"	8	2	"A4"	"F9"	"R27"	"CCGAAGTA"	"TCTCTCCG "	"AN"	"SA"	"ADEL"	"WCH"	"BR"	"NA"	"SA-ADEL-WCH-BRrep2"	"SA-ADEL-WCH-BR"
"1380rep2"	"NotC"	"GAGCTGAATCTCTCCG"	"GGACTACNVGGGTWTCTAAT"	"GTGYCAGCMGCCGCGGTAA"	"AS"	8	2	"B4"	"F10"	"R27"	"GAGCTGAA"	"TCTCTCCG "	"AN"	"SA"	"ADEL"	"WCH"	"MK"	"NA"	"SA-ADEL-WCH-MKrep2"	"SA-ADEL-WCH-MK"
"1381rep2"	"NotC"	"GCGAGTAATCTCTCCG"	"GGACTACNVGGGTWTCTAAT"	"GTGYCAGCMGCCGCGGTAA"	"AS"	8	2	"C4"	"F11"	"R27"	"GCGAGTAA"	"TCTCTCCG "	"AN"	"QLD"	"BRI"	"MATER"	"TB"	"NA"	"QLD-BRI-MATER-TBrep2"	"QLD-BRI-MATER-TB"
"1384rep2"	"NotC"	"TTCACGCATCTCTCCG"	"GGACTACNVGGGTWTCTAAT"	"GTGYCAGCMGCCGCGGTAA"	"Mother"	8	2	"F4"	"F14"	"R27"	"TTCACGCA"	"TCTCTCCG "	"KN"	"WA"	"PER"	"PMH"	110	"T3"	"WA-PER-PMH-110_T3rep2"	"WA-PER-PMH-110_T3"
"1389rep2"	"NotC"	"GCGAGTAATCGACTAG"	"GGACTACNVGGGTWTCTAAT"	"GTGYCAGCMGCCGCGGTAA"	"Mother"	8	2	"C5"	"F11"	"R28"	"GCGAGTAA"	"TCGACTAG "	"KN"	"SA"	"ADEL"	"WCH"	113	"T3"	"SA-ADEL-WCH-113_T3rep2"	"SA-ADEL-WCH-113_T3"
"1394rep2"	"NotC"	"CAAGGAGCTCGACTAG"	"GGACTACNVGGGTWTCTAAT"	"GTGYCAGCMGCCGCGGTAA"	"Mother"	8	2	"H5"	"F16"	"R28"	"CAAGGAGC"	"TCGACTAG "	"KN"	"NSW"	"SYD"	"RHW"	61	"T3"	"NSW-SYD-RHW-061_T3rep2"	"NSW-SYD-RHW-061_T3"
"1395rep2"	"NotC"	"CCGAAGTAAAACATCG"	"GGACTACNVGGGTWTCTAAT"	"GTGYCAGCMGCCGCGGTAA"	"Mother"	8	2	"A6"	"F9"	"R30"	"CCGAAGTA"	"AAACATCG"	"KN"	"WA"	"PER"	"PMH"	104	"T3"	"WA-PER-PMH-104_T3rep2"	"WA-PER-PMH-104_T3"
"1397rep2"	"NotC"	"GCGAGTAAAAACATCG"	"GGACTACNVGGGTWTCTAAT"	"GTGYCAGCMGCCGCGGTAA"	"ControlX"	8	2	"C6"	"F11"	"R30"	"GCGAGTAA"	"AAACATCG"	"KN"	"NA"	"NA"	"NA"	"NA"	"NA"	"NGB_TEST_B_SWABrep2"	"NGB_TEST_B_SWAB"
"1398rep2"	"NotC"	"TGAAGAGAAAACATCG"	"GGACTACNVGGGTWTCTAAT"	"GTGYCAGCMGCCGCGGTAA"	"ControlX"	8	2	"D6"	"F12"	"R30"	"TGAAGAGA"	"AAACATCG"	"KN"	"NA"	"NA"	"NA"	"NA"	"NA"	"NGB_TEST_T_SWABrep2"	"NGB_TEST_T_SWAB"
"1399rep2"	"NotC"	"TGGTGGTAAAACATCG"	"GGACTACNVGGGTWTCTAAT"	"GTGYCAGCMGCCGCGGTAA"	"ControlX"	8	2	"E6"	"F13"	"R30"	"TGGTGGTA"	"AAACATCG"	"KN"	"NA"	"NA"	"NA"	"NA"	"NA"	"GN_TEST_T_SWABrep2"	"GN_TEST_T_SWAB"
"1400rep2"	"NotC"	"TTCACGCAAAACATCG"	"GGACTACNVGGGTWTCTAAT"	"GTGYCAGCMGCCGCGGTAA"	"ControlX"	8	2	"F6"	"F14"	"R30"	"TTCACGCA"	"AAACATCG"	"KN"	"NA"	"NA"	"NA"	"NA"	"NA"	"GN_TEST_B_SWABrep2"	"GN_TEST_B_SWAB"
"1401rep2"	"NotC"	"AGCACCTCAAACATCG"	"GGACTACNVGGGTWTCTAAT"	"GTGYCAGCMGCCGCGGTAA"	"Special"	8	2	"G6"	"F15"	"R30"	"AGCACCTC"	"AAACATCG"	"KN"	"NA"	"NA"	"NA"	"NA"	"NA"	"QC88_SWABrep2"	"QC88_SWAB"
"1402rep2"	"NotC"	"CAAGGAGCAAACATCG"	"GGACTACNVGGGTWTCTAAT"	"GTGYCAGCMGCCGCGGTAA"	"Special"	8	2	"H6"	"F16"	"R30"	"CAAGGAGC"	"AAACATCG"	"KN"	"NA"	"NA"	"NA"	"NA"	"NA"	"QC88_SWABrep2"	"QC88_SWAB"
"1403rep2"	"NotC"	"CCGAAGTAAGTGGTCA"	"GGACTACNVGGGTWTCTAAT"	"GTGYCAGCMGCCGCGGTAA"	"Special"	8	2	"A7"	"F9"	"R31"	"CCGAAGTA"	"AGTGGTCA"	"KN"	"NA"	"NA"	"NA"	"NA"	"NA"	"QC88_SWABrep2"	"QC88_SWAB"
"1404rep2"	"NotC"	"GAGCTGAAAGTGGTCA"	"GGACTACNVGGGTWTCTAAT"	"GTGYCAGCMGCCGCGGTAA"	"Control"	8	2	"B7"	"F10"	"R31"	"GAGCTGAA"	"AGTGGTCA"	"KN"	"NA"	"NA"	"NA"	"NA"	"NA"	"NSW-SYD-CHW-JB_Backgroundrep2"	"NSW-SYD-CHW-JB_Background"
"1405rep2"	"NotC"	"GCGAGTAAAGTGGTCA"	"GGACTACNVGGGTWTCTAAT"	"GTGYCAGCMGCCGCGGTAA"	"Control"	8	2	"C7"	"F11"	"R31"	"GCGAGTAA"	"AGTGGTCA"	"KN"	"NSW"	"SYD"	"CHW"	"JB_Background"	"NA"	"WA-PER-PMH-AT_12-10-2017rep2"	"WA-PER-PMH-AT_12-10-2017"
"1406rep2"	"NotC"	"TGAAGAGAAGTGGTCA"	"GGACTACNVGGGTWTCTAAT"	"GTGYCAGCMGCCGCGGTAA"	"Control"	8	2	"D7"	"F12"	"R31"	"TGAAGAGA"	"AGTGGTCA"	"AN"	"WA"	"PER"	"PMH"	"AT_12"	"10_2017"	"Blankrep2"	"Blank"
"1407rep2"	"NotC"	"TGGTGGTAAGTGGTCA"	"GGACTACNVGGGTWTCTAAT"	"GTGYCAGCMGCCGCGGTAA"	"AS"	8	2	"E7"	"F13"	"R31"	"TGGTGGTA"	"AGTGGTCA"	"AN"	"NA"	"NA"	"NA"	"NA"	"NA"	"SA-ADEL-WCH-AGrep2"	"SA-ADEL-WCH-AG"
"1408rep2"	"NotC"	"TTCACGCAAGTGGTCA"	"GGACTACNVGGGTWTCTAAT"	"GTGYCAGCMGCCGCGGTAA"	"AS"	8	2	"F7"	"F14"	"R31"	"TTCACGCA"	"AGTGGTCA"	"AN"	"SA"	"ADEL"	"WCH"	"AG"	"NA"	"QLD-BRI-MATER-TBrep2"	"QLD-BRI-MATER-TB"
"1409rep2"	"NotC"	"AGCACCTCAGTGGTCA"	"GGACTACNVGGGTWTCTAAT"	"GTGYCAGCMGCCGCGGTAA"	"Control"	8	2	"G7"	"F15"	"R31"	"AGCACCTC"	"AGTGGTCA"	"AN"	"QLD"	"BRI"	"MATER"	"TB"	"NA"	"Blankrep2"	"Blank"
"1410rep2"	"NotC"	"CAAGGAGCAGTGGTCA"	"GGACTACNVGGGTWTCTAAT"	"GTGYCAGCMGCCGCGGTAA"	"AS"	8	2	"H7"	"F16"	"R31"	"CAAGGAGC"	"AGTGGTCA"	"AN"	"NA"	"NA"	"NA"	"NA"	"NA"	"WA-PER-PMH-ATrep2"	"WA-PER-PMH-AT"
"1411rep2"	"NotC"	"CCGAAGTAACCACTGT"	"GGACTACNVGGGTWTCTAAT"	"GTGYCAGCMGCCGCGGTAA"	"AS"	8	2	"A8"	"F9"	"R32"	"CCGAAGTA"	"ACCACTGT"	"AN"	"WA"	"PER"	"PMH"	"AT"	"NA"	"VIC-GEE-BHrep2"	"VIC-GEE-BH"
"1412rep2"	"NotC"	"GAGCTGAAACCACTGT"	"GGACTACNVGGGTWTCTAAT"	"GTGYCAGCMGCCGCGGTAA"	"AS"	8	2	"B8"	"F10"	"R32"	"GAGCTGAA"	"ACCACTGT"	"AN"	"VIC"	"GEE"	"BH"	"NA"	"NA"	"SA-ADEL-WCH-MKrep2"	"SA-ADEL-WCH-MK"
"1413rep2"	"NotC"	"GCGAGTAAACCACTGT"	"GGACTACNVGGGTWTCTAAT"	"GTGYCAGCMGCCGCGGTAA"	"AS"	8	2	"C8"	"F11"	"R32"	"GCGAGTAA"	"ACCACTGT"	"AN"	"SA"	"ADEL"	"WCH"	"MK"	"NA"	"WA-PER-PMH-ARrep2"	"WA-PER-PMH-AR"
"1414rep2"	"NotC"	"TGAAGAGAACCACTGT"	"GGACTACNVGGGTWTCTAAT"	"GTGYCAGCMGCCGCGGTAA"	"AS"	8	2	"D8"	"F12"	"R32"	"TGAAGAGA"	"ACCACTGT"	"AN"	"WA"	"PER"	"PMH"	"AR"	"NA"	"SA-ADEL-WCH-REG-SBrep2"	"SA-ADEL-WCH-REG-SB"
"1415rep2"	"NotC"	"TGGTGGTAACCACTGT"	"GGACTACNVGGGTWTCTAAT"	"GTGYCAGCMGCCGCGGTAA"	"ControlK"	8	2	"E8"	"F13"	"R32"	"TGGTGGTA"	"ACCACTGT"	"AN"	"SA"	"ADEL"	"WCH"	"REG"	"SB"	"Kit_Blankrep2"	"Kit_Blank"
"1416rep2"	"NotC"	"TTCACGCAACCACTGT"	"GGACTACNVGGGTWTCTAAT"	"GTGYCAGCMGCCGCGGTAA"	"AS"	8	2	"F8"	"F14"	"R32"	"TTCACGCA"	"ACCACTGT"	"AN"	"NA"	"NA"	"NA"	"NA"	"NA"	"RMH-STrep2"	"RMH-ST"
"1417rep2"	"NotC"	"AGCACCTCACCACTGT"	"GGACTACNVGGGTWTCTAAT"	"GTGYCAGCMGCCGCGGTAA"	"AS"	8	2	"G8"	"F15"	"R32"	"AGCACCTC"	"ACCACTGT"	"AN"	"RMH"	"ST"	"NA"	"NA"	"NA"	"SA-ADEL-WCH-BRrep2"	"SA-ADEL-WCH-BR"
"1418rep2"	"NotC"	"CAAGGAGCACCACTGT"	"GGACTACNVGGGTWTCTAAT"	"GTGYCAGCMGCCGCGGTAA"	"Control"	8	2	"H8"	"F16"	"R32"	"CAAGGAGC"	"ACCACTGT"	"AN"	"SA"	"ADEL"	"WCH"	"BR"	"NA"	"Blankrep2"	"Blank"
"1419rep2"	"NotC"	"CCGAAGTAACATTGGC"	"GGACTACNVGGGTWTCTAAT"	"GTGYCAGCMGCCGCGGTAA"	"AS"	8	2	"A9"	"F9"	"R33"	"CCGAAGTA"	"ACATTGGC"	"AN"	"NA"	"NA"	"NA"	"NA"	"NA"	"WA-PER-PMH-ARrep2"	"WA-PER-PMH-AR"
"1420rep2"	"NotC"	"GAGCTGAAACATTGGC"	"GGACTACNVGGGTWTCTAAT"	"GTGYCAGCMGCCGCGGTAA"	"Control"	8	2	"B9"	"F10"	"R33"	"GAGCTGAA"	"ACATTGGC"	"AN"	"WA"	"PER"	"PMH"	"AR"	"NA"	"RMH_Blankrep2"	"RMH_Blank"
"1421rep2"	"NotC"	"GCGAGTAAACATTGGC"	"GGACTACNVGGGTWTCTAAT"	"GTGYCAGCMGCCGCGGTAA"	"AS"	8	2	"C9"	"F11"	"R33"	"GCGAGTAA"	"ACATTGGC"	"AN"	"NA"	"NA"	"NA"	"NA"	"NA"	"SA-ADEL-WCH-AGrep2"	"SA-ADEL-WCH-AG"
"1422rep2"	"NotC"	"TGAAGAGAACATTGGC"	"GGACTACNVGGGTWTCTAAT"	"GTGYCAGCMGCCGCGGTAA"	"Control"	8	2	"D9"	"F12"	"R33"	"TGAAGAGA"	"ACATTGGC"	"AN"	"SA"	"ADEL"	"WCH"	"AG"	"NA"	"Blankrep2"	"Blank"
"1423rep2"	"NotC"	"TGGTGGTAACATTGGC"	"GGACTACNVGGGTWTCTAAT"	"GTGYCAGCMGCCGCGGTAA"	"AS"	8	2	"E9"	"F13"	"R33"	"TGGTGGTA"	"ACATTGGC"	"AN"	"NA"	"NA"	"NA"	"NA"	"NA"	"NSW-SYD-CHW-JBrep2"	"NSW-SYD-CHW-JB"
"1424rep2"	"NotC"	"TTCACGCAACATTGGC"	"GGACTACNVGGGTWTCTAAT"	"GTGYCAGCMGCCGCGGTAA"	"Control"	8	2	"F9"	"F14"	"R33"	"TTCACGCA"	"ACATTGGC"	"AN"	"NSW"	"SYD"	"CHW"	"JB"	"NA"	"Blankrep2"	"Blank"
"1425rep2"	"NotC"	"AGCACCTCACATTGGC"	"GGACTACNVGGGTWTCTAAT"	"GTGYCAGCMGCCGCGGTAA"	"AS"	8	2	"G9"	"F15"	"R33"	"AGCACCTC"	"ACATTGGC"	"AN"	"NA"	"NA"	"NA"	"NA"	"NA"	"RMH-STrep2"	"RMH-ST"
"1426rep2"	"NotC"	"CAAGGAGCACATTGGC"	"GGACTACNVGGGTWTCTAAT"	"GTGYCAGCMGCCGCGGTAA"	"AS"	8	2	"H9"	"F16"	"R33"	"CAAGGAGC"	"ACATTGGC"	"AN"	"RMH"	"ST"	"NA"	"NA"	"NA"	"VIC-GEE-BHrep2"	"VIC-GEE-BH"
"1427rep2"	"NotC"	"CCGAAGTACAGATCTG"	"GGACTACNVGGGTWTCTAAT"	"GTGYCAGCMGCCGCGGTAA"	"Control"	8	2	"A10"	"F9"	"R34"	"CCGAAGTA"	"CAGATCTG"	"AN"	"VIC"	"GEE"	"BH"	"NA"	"NA"	"Blankrep2"	"Blank"
"1428rep2"	"NotC"	"GAGCTGAACAGATCTG"	"GGACTACNVGGGTWTCTAAT"	"GTGYCAGCMGCCGCGGTAA"	"AS"	8	2	"B10"	"F10"	"R34"	"GAGCTGAA"	"CAGATCTG"	"AN"	"NA"	"NA"	"NA"	"NA"	"NA"	"SA-ADEL-WCH-REG-SBrep2"	"SA-ADEL-WCH-REG-SB"
"H2O1"	"NotC"	"ACTGCATAATGCCTAA"	"GGACTACNVGGGTWTCTAAT"	"GTGYCAGCMGCCGCGGTAA"	"ControlH"	8	1	"F12"	"F6"	"R13"	"ACTGCATA"	"ATGCCTAA"		"NA"	"NA"	"NA"	"NA"	"NA"	"Water_control_for_16PCR2_plate_1"	"Water_control_for_16PCR2_plate_1"
"H2O1rep2"	"NotC"	"ACTGCATACGCTGATC"	"GGACTACNVGGGTWTCTAAT"	"GTGYCAGCMGCCGCGGTAA"	"ControlH"	8	1	"F12"	"F6"	"R36"	"ACTGCATA"	"CGCTGATC"		"NA"	"NA"	"NA"	"NA"	"NA"	"Water_control_for_16PCR2_plate_1rep2"	"Water_control_for_16PCR2_plate_1"
"H2O2"	"NotC"	"GCGAGTAAAAGAGGCA"	"GGACTACNVGGGTWTCTAAT"	"GTGYCAGCMGCCGCGGTAA"	"ControlH"	8	2	"C10"	"F11"	"R11"	"GCGAGTAA"	"AAGAGGCA"		"SA"	"ADEL"	"WCH"	"REG"	"SB"	"Water_control_for_16PCR2_plate_2"	"Water_control_for_16PCR2_plate_2"
"H2O2rep2"	"NotC"	"GCGAGTAACAGATCTG"	"GGACTACNVGGGTWTCTAAT"	"GTGYCAGCMGCCGCGGTAA"	"ControlH"	8	2	"C10"	"F11"	"R34"	"GCGAGTAA"	"CAGATCTG"		"SA"	"ADEL"	"WCH"	"REG"	"SB"	"Water_control_for_16PCR2_plate_2rep2"	"Water_control_for_16PCR2_plate_2"
"H2O3"	"NotC"	"TGAAGAGAAAGAGGCA"	"GGACTACNVGGGTWTCTAAT"	"GTGYCAGCMGCCGCGGTAA"	"ControlH"	8	2	"D10"	"F12"	"R11"	"TGAAGAGA"	"AAGAGGCA"		"NA"	"NA"	"NA"	"NA"	"NA"	"Water_control_for_16PCR2_plate_2"	"Water_control_for_16PCR2_plate_2"
"H2O3rep2"	"NotC"	"TGAAGAGACAGATCTG"	"GGACTACNVGGGTWTCTAAT"	"GTGYCAGCMGCCGCGGTAA"	"ControlH"	8	2	"D10"	"F12"	"R34"	"TGAAGAGA"	"CAGATCTG"		"NA"	"NA"	"NA"	"NA"	"NA"	"Water_control_for_16PCR2_plate_2rep2"	"Water_control_for_16PCR2_plate_2"
"Hui1"	"NotC"	"GAACAGGCTAAGGCGA"	"GGACTACNVGGGTWTCTAAT"	"GTGYCAGCMGCCGCGGTAA"	"Naiara"	8	3	"A1"	"F20"	"R1"	"GAACAGGC"	"TAAGGCGA"	"Samples for Naiara"	"NA"	"NA"	"NA"	"NA"	"NA"	"VBDR_898_Act-CD4"	"VBDR_898_Act-CD4"
"Hui2"	"NotC"	"CCTCCTGAGGACTCCT"	"GGACTACNVGGGTWTCTAAT"	"GTGYCAGCMGCCGCGGTAA"	"naiara"	8	3	"B1"	"F22"	"R5"	"CCTCCTGA"	"GGACTCCT"	"Samples for Naiara"	"NA"	"NA"	"NA"	"NA"	"NA"	"VBDR_898_Act-CD4_-_NaBu"	"VBDR_898_Act-CD4_-_NaBu"
"Hui3"	"NotC"	"CGAACTTACAGAGAGG"	"GGACTACNVGGGTWTCTAAT"	"GTGYCAGCMGCCGCGGTAA"	"naiara"	8	3	"C1"	"F23"	"R8"	"CGAACTTA"	"CAGAGAGG"	"Samples for Naiara"	"NA"	"NA"	"NA"	"NA"	"NA"	"VBDR_921_nave_CD4"	"VBDR_921_nave_CD4"
"Hui4"	"NotC"	"CGAACTTAGCTACGCT"	"GGACTACNVGGGTWTCTAAT"	"GTGYCAGCMGCCGCGGTAA"	"naiara"	8	3	"D1"	"F23"	"R9"	"CGAACTTA"	"GCTACGCT"	"Samples for Naiara"	"NA"	"NA"	"NA"	"NA"	"NA"	"VBDR_921_Act-CD4"	"VBDR_921_Act-CD4"
"Hui5"	"NotC"	"CGACTGGATAAGGCGA"	"GGACTACNVGGGTWTCTAAT"	"GTGYCAGCMGCCGCGGTAA"	"naiara"	8	3	"E1"	"F24"	"R1"	"CGACTGGA"	"TAAGGCGA"	"Samples for Naiara"	"NA"	"NA"	"NA"	"NA"	"NA"	"VBDR_921_Act-CD4_-_NaBu"	"VBDR_921_Act-CD4_-_NaBu"
"Hui6"	"NotC"	"CGACTGGAGGACTCCT"	"GGACTACNVGGGTWTCTAAT"	"GTGYCAGCMGCCGCGGTAA"	"naiara"	8	3	"F1"	"F24"	"R5"	"CGACTGGA"	"GGACTCCT"	"Samples for Naiara"	"NA"	"NA"	"NA"	"NA"	"NA"	"VBDR_869_nave_CD4"	"VBDR_869_nave_CD4"
"Hui7"	"NotC"	"CGACTGGAGCTACGCT"	"GGACTACNVGGGTWTCTAAT"	"GTGYCAGCMGCCGCGGTAA"	"naiara"	8	3	"G1"	"F24"	"R9"	"CGACTGGA"	"GCTACGCT"	"Samples for Naiara"	"NA"	"NA"	"NA"	"NA"	"NA"	"VBDR_869_Act-CD4"	"VBDR_869_Act-CD4"
"Hui8"	"NotC"	"CGACTGGACGCTGATC"	"GGACTACNVGGGTWTCTAAT"	"GTGYCAGCMGCCGCGGTAA"	"naiara"	8	3	"H1"	"F24"	"R36"	"CGACTGGA"	"CGCTGATC"	"Samples for Naiara"	"NA"	"NA"	"NA"	"NA"	"NA"	"Vbdr_869_Act-CD4_-_NaBu"	"Vbdr_869_Act-CD4_-_NaBu"
"NTC1"	"NotC"	"CTAAGCCTATGCCTAA"	"GGACTACNVGGGTWTCTAAT"	"GTGYCAGCMGCCGCGGTAA"	"ControlN"	8	1	"H12"	"F8"	"R13"	"CTAAGCCT"	"ATGCCTAA"		"NA"	"NA"	"NA"	"NA"	"NA"	"No_template_control_for_16SPCR1"	"No_template_control_for_16SPCR1"
"NTC1rep2"	"NotC"	"CTAAGCCTCGCTGATC"	"GGACTACNVGGGTWTCTAAT"	"GTGYCAGCMGCCGCGGTAA"	"ControlN"	8	1	"H12"	"F8"	"R36"	"CTAAGCCT"	"CGCTGATC"		"NA"	"NA"	"NA"	"NA"	"NA"	"No_template_control_for_16SPCR1rep2"	"No_template_control_for_16SPCR1"
"NTC2"	"NotC"	"TTCACGCAAAGAGGCA"	"GGACTACNVGGGTWTCTAAT"	"GTGYCAGCMGCCGCGGTAA"	"ControlN"	8	2	"F10"	"F14"	"R11"	"TTCACGCA"	"AAGAGGCA"		"NA"	"NA"	"NA"	"NA"	"NA"	"No_template_control_for_16SPCR1.1"	"No_template_control_for_16SPCR1.1"
"NTC2rep2"	"NotC"	"TTCACGCACAGATCTG"	"GGACTACNVGGGTWTCTAAT"	"GTGYCAGCMGCCGCGGTAA"	"ControlN"	8	2	"F10"	"F14"	"R34"	"TTCACGCA"	"CAGATCTG"		"NA"	"NA"	"NA"	"NA"	"NA"	"No_template_control_for_16SPCR1.1rep2"	"No_template_control_for_16SPCR1.1"
"NTC3"	"NotC"	"CAAGGAGCAAGAGGCA"	"GGACTACNVGGGTWTCTAAT"	"GTGYCAGCMGCCGCGGTAA"	"ControlN"	8	2	"H10"	"F16"	"R11"	"CAAGGAGC"	"AAGAGGCA"		"NA"	"NA"	"NA"	"NA"	"NA"	"No_template_control_for_16SPCR1"	"No_template_control_for_16SPCR1"
"NTC3rep2"	"NotC"	"CAAGGAGCCAGATCTG"	"GGACTACNVGGGTWTCTAAT"	"GTGYCAGCMGCCGCGGTAA"	"ControlN"	8	2	"H10"	"F16"	"R34"	"CAAGGAGC"	"CAGATCTG"		"NA"	"NA"	"NA"	"NA"	"NA"	"No_template_control_for_16SPCR1rep2"	"No_template_control_for_16SPCR1"
"Std11"	"NotC"	"TGGTGGTAAAGAGGCA"	"GGACTACNVGGGTWTCTAAT"	"GTGYCAGCMGCCGCGGTAA"	"Mock"	8	2	"E10"	"F13"	"R11"	"TGGTGGTA"	"AAGAGGCA"		"NA"	"NA"	"NA"	"NA"	"NA"	"ZR_Microbial_DNA_Standard_1ng"	"ZR_Microbial_DNA_Standard_1ng"
"Std11rep2"	"NotC"	"TGGTGGTACAGATCTG"	"GGACTACNVGGGTWTCTAAT"	"GTGYCAGCMGCCGCGGTAA"	"Mock"	8	2	"E10"	"F13"	"R34"	"TGGTGGTA"	"CAGATCTG"		"NA"	"NA"	"NA"	"NA"	"NA"	"ZR_Microbial_DNA_Standard_1ngrep2"	"ZR_Microbial_DNA_Standard_1ng"
"Std51"	"NotC"	"AAGGAGTAATGCCTAA"	"GGACTACNVGGGTWTCTAAT"	"GTGYCAGCMGCCGCGGTAA"	"Mock"	8	1	"G12"	"F7"	"R13"	"AAGGAGTA"	"ATGCCTAA"		"NA"	"NA"	"NA"	"NA"	"NA"	"ZR_Microbial_DNA_Standard_5ng"	"ZR_Microbial_DNA_Standard_5ng"
"Std51rep2"	"NotC"	"AAGGAGTACGCTGATC"	"GGACTACNVGGGTWTCTAAT"	"GTGYCAGCMGCCGCGGTAA"	"Mock"	8	1	"G12"	"F7"	"R36"	"AAGGAGTA"	"CGCTGATC"		"NA"	"NA"	"NA"	"NA"	"NA"	"ZR_Microbial_DNA_Standard_5ngrep2"	"ZR_Microbial_DNA_Standard_5ng"
"Std52"	"NotC"	"AGCACCTCAAGAGGCA"	"GGACTACNVGGGTWTCTAAT"	"GTGYCAGCMGCCGCGGTAA"	"Mock"	8	2	"G10"	"F15"	"R11"	"AGCACCTC"	"AAGAGGCA"		"NA"	"NA"	"NA"	"NA"	"NA"	"ZR_Microbial_DNA_Standard_5ng"	"ZR_Microbial_DNA_Standard_5ng"
"Std52rep2"	"NotC"	"AGCACCTCCAGATCTG"	"GGACTACNVGGGTWTCTAAT"	"GTGYCAGCMGCCGCGGTAA"	"Mock"	8	2	"G10"	"F15"	"R34"	"AGCACCTC"	"CAGATCTG"		"NA"	"NA"	"NA"	"NA"	"NA"	"ZR_Microbial_DNA_Standard_5ngrep2"	"ZR_Microbial_DNA_Standard_5ng"
1271	"Positive"	"CTCTCTATCGTACTAG"	"GGACTACNVGGGTWTCTAAT"	"GTGYCAGCMGCCGCGGTAA"	"Mother"	8	1	"B2"	"F2"	"R2"	"CTCTCTAT"	"CGTACTAG"	"AN"	"WA"	"PER"	"PMH"	44	"T3"	"WA-PER-PMH-044_T3"	"WA-PER-PMH-044_T3"
1273	"Positive"	"AGAGTAGACGTACTAG"	"GGACTACNVGGGTWTCTAAT"	"GTGYCAGCMGCCGCGGTAA"	"Mother"	8	1	"D2"	"F4"	"R2"	"AGAGTAGA"	"CGTACTAG"	"AN"	"WA"	"PER"	"PMH"	36	"T3"	"WA-PER-PMH-036_T3"	"WA-PER-PMH-036_T3"
1278	"Positive"	"TAGATCGCAGGCAGAA"	"GGACTACNVGGGTWTCTAAT"	"GTGYCAGCMGCCGCGGTAA"	"Mother"	8	1	"A3"	"F1"	"R3"	"TAGATCGC"	"AGGCAGAA"	"KN"	"VIC"	"MEL"	"RMH"	18	"T3"	"VIC-MEL-RMH-018_T3"	"VIC-MEL-RMH-018_T3"
1280	"Positive"	"TATCCTCTAGGCAGAA"	"GGACTACNVGGGTWTCTAAT"	"GTGYCAGCMGCCGCGGTAA"	"Mother"	8	1	"C3"	"F3"	"R3"	"TATCCTCT"	"AGGCAGAA"	"KN"	"WA"	"PER"	"PMH"	24	"T3"	"WA-PER-PMH-024_T3"	"WA-PER-PMH-024_T3"
1281	"Positive"	"AGAGTAGAAGGCAGAA"	"GGACTACNVGGGTWTCTAAT"	"GTGYCAGCMGCCGCGGTAA"	"Mother"	8	1	"D3"	"F4"	"R3"	"AGAGTAGA"	"AGGCAGAA"	"KN"	"WA"	"PER"	"PMH"	25	"T3"	"WA-PER-PMH-025_T3"	"WA-PER-PMH-025_T3"
1301	"Positive"	"CTAAGCCTGGACTCCT"	"GGACTACNVGGGTWTCTAAT"	"GTGYCAGCMGCCGCGGTAA"	"Mother"	8	1	"H5"	"F8"	"R5"	"CTAAGCCT"	"GGACTCCT"	"KN"	"SA"	"ADEL"	"WCH"	6	"T3"	"SA-ADEL-WCH-006_T3"	"SA-ADEL-WCH-006_T3"
1302	"Positive"	"TAGATCGCTAGGCATG"	"GGACTACNVGGGTWTCTAAT"	"GTGYCAGCMGCCGCGGTAA"	"Mother"	8	1	"A6"	"F1"	"R6"	"TAGATCGC"	"TAGGCATG"	"KN"	"QLD"	"BRI"	"MATER"	62	"T3"	"QLD-BRI-MATER-062_T3"	"QLD-BRI-MATER-062_T3"
1308	"Positive"	"AAGGAGTATAGGCATG"	"GGACTACNVGGGTWTCTAAT"	"GTGYCAGCMGCCGCGGTAA"	"Mother"	8	1	"G6"	"F7"	"R6"	"AAGGAGTA"	"TAGGCATG"	"KN"	"SA"	"ADEL"	"REG"	21	"T3"	"SA-ADEL-REG-021_T3"	"SA-ADEL-REG-021_T3"
1317	"Positive"	"CTAAGCCTCTCTCTAC"	"GGACTACNVGGGTWTCTAAT"	"GTGYCAGCMGCCGCGGTAA"	"Mother"	8	1	"H7"	"F8"	"R7"	"CTAAGCCT"	"CTCTCTAC"	"KN"	"NSW"	"SYD"	"STG"	"005-006"	"T3"	"NSW-SYD-STG-005-006_T3"	"NSW-SYD-STG-005-006_T3"
1319	"Positive"	"CTCTCTATCAGAGAGG"	"GGACTACNVGGGTWTCTAAT"	"GTGYCAGCMGCCGCGGTAA"	"Mother"	8	1	"B8"	"F2"	"R8"	"CTCTCTAT"	"CAGAGAGG"	"KN"	"SA"	"ADEL"	"WCH"	98	"T3"	"SA-ADEL-WCH-098_T3"	"SA-ADEL-WCH-098_T3"
1320	"Positive"	"TATCCTCTCAGAGAGG"	"GGACTACNVGGGTWTCTAAT"	"GTGYCAGCMGCCGCGGTAA"	"Mother"	8	1	"C8"	"F3"	"R8"	"TATCCTCT"	"CAGAGAGG"	"KN"	"NSW"	"SYD"	"CHW"	13	"T3"	"NSW-SYD-CHW-013_T3"	"NSW-SYD-CHW-013_T3"
1323	"Positive"	"ACTGCATACAGAGAGG"	"GGACTACNVGGGTWTCTAAT"	"GTGYCAGCMGCCGCGGTAA"	"Mother"	8	1	"F8"	"F6"	"R8"	"ACTGCATA"	"CAGAGAGG"	"KN"	"WA"	"PER"	"PMH"	81	"T3"	"WA-PER-PMH_081_T3"	"WA-PER-PMH_081_T3"
1328	"Positive"	"TATCCTCTGCTACGCT"	"GGACTACNVGGGTWTCTAAT"	"GTGYCAGCMGCCGCGGTAA"	"Mother"	8	1	"C9"	"F3"	"R9"	"TATCCTCT"	"GCTACGCT"	"KN"	"NSW"	"SYD"	"CHW"	34	"T3"	"NSW-SYD-CHW-034_T3"	"NSW-SYD-CHW-034_T3"
1333	"Positive"	"CTAAGCCTGCTACGCT"	"GGACTACNVGGGTWTCTAAT"	"GTGYCAGCMGCCGCGGTAA"	"Mother"	8	1	"H9"	"F8"	"R9"	"CTAAGCCT"	"GCTACGCT"	"KN"	"NSW"	"SYD"	"STG"	9	"T3"	"NSW-SYD-STG-009_T3"	"NSW-SYD-STG-009_T3"
1336	"Positive"	"TATCCTCTAAGAGGCA"	"GGACTACNVGGGTWTCTAAT"	"GTGYCAGCMGCCGCGGTAA"	"Mother"	8	1	"C10"	"F3"	"R11"	"TATCCTCT"	"AAGAGGCA"	"KN"	"WA"	"PER"	"PMH"	68	"T3"	"WA-PER-PMH-068_T3"	"WA-PER-PMH-068_T3"
1339	"Positive"	"ACTGCATAAAGAGGCA"	"GGACTACNVGGGTWTCTAAT"	"GTGYCAGCMGCCGCGGTAA"	"Mother"	8	1	"F10"	"F6"	"R11"	"ACTGCATA"	"AAGAGGCA"	"KN"	"VIC"	"MEL"	"RMH"	22	"T3"	"VIC-MEL-RMH-022_T3"	"VIC-MEL-RMH-022_T3"
1341	"Positive"	"CTAAGCCTAAGAGGCA"	"GGACTACNVGGGTWTCTAAT"	"GTGYCAGCMGCCGCGGTAA"	"Mother"	8	1	"H10"	"F8"	"R11"	"CTAAGCCT"	"AAGAGGCA"	"KN"	"WA"	"PER"	"PMH"	74	"T3"	"WA-PER-PMH-074_T3"	"WA-PER-PMH-074_T3"
1346	"Positive"	"GTAAGGAGGTAGAGGA"	"GGACTACNVGGGTWTCTAAT"	"GTGYCAGCMGCCGCGGTAA"	"Mother"	8	1	"E11"	"F5"	"R12"	"GTAAGGAG"	"GTAGAGGA"	"KN"	"SA"	"ADEL"	"REG"	10	"T3"	"SA-ADEL-REG-010_T3"	"SA-ADEL-REG-010_T3"
1350	"Positive"	"TAGATCGCATGCCTAA"	"GGACTACNVGGGTWTCTAAT"	"GTGYCAGCMGCCGCGGTAA"	"Mother"	8	1	"A12"	"F1"	"R13"	"TAGATCGC"	"ATGCCTAA"	"KN"	"WA"	"PER"	"PMH"	87	"T3"	"WA-PER-PMH-087_T3"	"WA-PER-PMH-087_T3"
1353	"Positive"	"AGAGTAGAATGCCTAA"	"GGACTACNVGGGTWTCTAAT"	"GTGYCAGCMGCCGCGGTAA"	"Mother"	8	1	"D12"	"F4"	"R13"	"AGAGTAGA"	"ATGCCTAA"	"KN"	"QLD"	"BRI"	"MATER"	128	"T3"	"QLD-BRI-MATER-128_T3"	"QLD-BRI-MATER-128_T3"
1356	"Positive"	"GAGCTGAATAAGGCGA"	"GGACTACNVGGGTWTCTAAT"	"GTGYCAGCMGCCGCGGTAA"	"Mother"	8	2	"B1"	"F10"	"R1"	"GAGCTGAA"	"TAAGGCGA"	"KN"	"QLD"	"BRI"	"MATER"	107	"T3"	"QLD-BRI-MATER-107_T3"	"QLD-BRI-MATER-107_T3"
1358	"Positive"	"TGAAGAGATAAGGCGA"	"GGACTACNVGGGTWTCTAAT"	"GTGYCAGCMGCCGCGGTAA"	"Mother"	8	2	"D1"	"F12"	"R1"	"TGAAGAGA"	"TAAGGCGA"	"AN"	"VIC"	"MEL"	"RMH"	80	"T3"	"VIC-MEL-RMH-080_T3"	"VIC-MEL-RMH-080_T3"
1363	"Positive"	"CCGAAGTACGTACTAG"	"GGACTACNVGGGTWTCTAAT"	"GTGYCAGCMGCCGCGGTAA"	"Mother"	8	2	"A2"	"F9"	"R2"	"CCGAAGTA"	"CGTACTAG"	"AN"	"SA"	"ADEL"	"WCH"	103	"T3"	"SA-ADEL-WCH-103_T3"	"SA-ADEL-WCH-103_T3"
1364	"Positive"	"GAGCTGAACGTACTAG"	"GGACTACNVGGGTWTCTAAT"	"GTGYCAGCMGCCGCGGTAA"	"Mother"	8	2	"B2"	"F10"	"R2"	"GAGCTGAA"	"CGTACTAG"	"AN"	"VIC"	"MEL"	"RMH"	51	"T3"	"VIC-MEL-RMH-051_T3"	"VIC-MEL-RMH-051_T3"
1371	"Positive"	"CCGAAGTAAGGCAGAA"	"GGACTACNVGGGTWTCTAAT"	"GTGYCAGCMGCCGCGGTAA"	"Mother"	8	2	"A3"	"F9"	"R3"	"CCGAAGTA"	"AGGCAGAA"	"AN"	"VIC"	"MEL"	"RMH"	48	"T3"	"VIC-MEL-RMH-048_T3"	"VIC-MEL-RMH-048_T3"
1372	"Positive"	"GAGCTGAAAGGCAGAA"	"GGACTACNVGGGTWTCTAAT"	"GTGYCAGCMGCCGCGGTAA"	"Mother"	8	2	"B3"	"F10"	"R3"	"GAGCTGAA"	"AGGCAGAA"	"AN"	"QLD"	"BRI"	"MATER"	96	"T3"	"QLD-BRI-MATER-096_T3"	"QLD-BRI-MATER-096_T3"
1383	"Positive"	"TGGTGGTATCCTGAGC"	"GGACTACNVGGGTWTCTAAT"	"GTGYCAGCMGCCGCGGTAA"	"Mother"	8	2	"E4"	"F13"	"R4"	"TGGTGGTA"	"TCCTGAGC"	"KN"	"WA"	"PER"	"PMH"	89	"T3"	"WA-PER-PMH-089_T3"	"WA-PER-PMH-089_T3"
1386	"Positive"	"CAAGGAGCTCCTGAGC"	"GGACTACNVGGGTWTCTAAT"	"GTGYCAGCMGCCGCGGTAA"	"Mother"	8	2	"H4"	"F16"	"R4"	"CAAGGAGC"	"TCCTGAGC"	"KN"	"SA"	"ADEL"	"WCH"	108	"T3"	"SA-ADEL-WCH-108_T3"	"SA-ADEL-WCH-108_T3"
1396	"Positive"	"GAGCTGAATAGGCATG"	"GGACTACNVGGGTWTCTAAT"	"GTGYCAGCMGCCGCGGTAA"	"Mother"	8	2	"B6"	"F10"	"R6"	"GAGCTGAA"	"TAGGCATG"	"KN"	"NSW"	"SYD"	"CHW"	28	"T3"	"NSW-SYD-CHW-028_T3"	"NSW-SYD-CHW-028_T3"
"1271rep2"	"Positive"	"CTCTCTATCGCATACA"	"GGACTACNVGGGTWTCTAAT"	"GTGYCAGCMGCCGCGGTAA"	"Mother"	8	1	"B2"	"F2"	"R17"	"CTCTCTAT"	"CGCATACA"	"AN"	"WA"	"PER"	"PMH"	44	"T3"	"WA-PER-PMH-044_T3rep2"	"WA-PER-PMH-044_T3"
"1273rep2"	"Positive"	"AGAGTAGACGCATACA"	"GGACTACNVGGGTWTCTAAT"	"GTGYCAGCMGCCGCGGTAA"	"Mother"	8	1	"D2"	"F4"	"R17"	"AGAGTAGA"	"CGCATACA"	"AN"	"WA"	"PER"	"PMH"	36	"T3"	"WA-PER-PMH-036_T3rep2"	"WA-PER-PMH-036_T3"
"1278rep2"	"Positive"	"TAGATCGCTCCGTCTA"	"GGACTACNVGGGTWTCTAAT"	"GTGYCAGCMGCCGCGGTAA"	"Mother"	8	1	"A3"	"F1"	"R22"	"TAGATCGC"	"TCCGTCTA"	"KN"	"VIC"	"MEL"	"RMH"	18	"T3"	"VIC-MEL-RMH-018_T3rep2"	"VIC-MEL-RMH-018_T3"
"1280rep2"	"Positive"	"TATCCTCTTCCGTCTA"	"GGACTACNVGGGTWTCTAAT"	"GTGYCAGCMGCCGCGGTAA"	"Mother"	8	1	"C3"	"F3"	"R22"	"TATCCTCT"	"TCCGTCTA"	"KN"	"WA"	"PER"	"PMH"	24	"T3"	"WA-PER-PMH-024_T3rep2"	"WA-PER-PMH-024_T3"
"1281rep2"	"Positive"	"AGAGTAGATCCGTCTA"	"GGACTACNVGGGTWTCTAAT"	"GTGYCAGCMGCCGCGGTAA"	"Mother"	8	1	"D3"	"F4"	"R22"	"AGAGTAGA"	"TCCGTCTA"	"KN"	"WA"	"PER"	"PMH"	25	"T3"	"WA-PER-PMH-025_T3rep2"	"WA-PER-PMH-025_T3"
"1301rep2"	"Positive"	"CTAAGCCTTCGACTAG"	"GGACTACNVGGGTWTCTAAT"	"GTGYCAGCMGCCGCGGTAA"	"Mother"	8	1	"H5"	"F8"	"R28"	"CTAAGCCT"	"TCGACTAG "	"KN"	"SA"	"ADEL"	"WCH"	6	"T3"	"SA-ADEL-WCH-006_T3rep2"	"SA-ADEL-WCH-006_T3"
"1302rep2"	"Positive"	"TAGATCGCAAACATCG"	"GGACTACNVGGGTWTCTAAT"	"GTGYCAGCMGCCGCGGTAA"	"Mother"	8	1	"A6"	"F1"	"R30"	"TAGATCGC"	"AAACATCG"	"KN"	"QLD"	"BRI"	"MATER"	62	"T3"	"QLD-BRI-MATER-062_T3rep2"	"QLD-BRI-MATER-062_T3"
"1308rep2"	"Positive"	"AAGGAGTAAAACATCG"	"GGACTACNVGGGTWTCTAAT"	"GTGYCAGCMGCCGCGGTAA"	"Mother"	8	1	"G6"	"F7"	"R30"	"AAGGAGTA"	"AAACATCG"	"KN"	"SA"	"ADEL"	"REG"	21		"SA-ADEL-REG-021rep2"	"SA-ADEL-REG-021"
"1317rep2"	"Positive"	"CTAAGCCTAGTGGTCA"	"GGACTACNVGGGTWTCTAAT"	"GTGYCAGCMGCCGCGGTAA"	"Mother"	8	1	"H7"	"F8"	"R31"	"CTAAGCCT"	"AGTGGTCA"	"KN"	"NSW"	"SYD"	"STG"	"005-006"	"T3"	"NSW-SYD-STG-005-006_T3rep2"	"NSW-SYD-STG-005-006_T3"
"1319rep2"	"Positive"	"CTCTCTATACCACTGT"	"GGACTACNVGGGTWTCTAAT"	"GTGYCAGCMGCCGCGGTAA"	"Mother"	8	1	"B8"	"F2"	"R32"	"CTCTCTAT"	"ACCACTGT"	"KN"	"SA"	"ADEL"	"WCH"	98	"T3"	"SA-ADEL-WCH-098_T3rep2"	"SA-ADEL-WCH-098_T3"
"1320rep2"	"Positive"	"TATCCTCTACCACTGT"	"GGACTACNVGGGTWTCTAAT"	"GTGYCAGCMGCCGCGGTAA"	"Mother"	8	1	"C8"	"F3"	"R32"	"TATCCTCT"	"ACCACTGT"	"KN"	"NSW"	"SYD"	"CHW"	13	"T3"	"NSW-SYD-CHW-013_T3rep2"	"NSW-SYD-CHW-013_T3"
"1323rep2"	"Positive"	"ACTGCATAACCACTGT"	"GGACTACNVGGGTWTCTAAT"	"GTGYCAGCMGCCGCGGTAA"	"Mother"	8	1	"F8"	"F6"	"R32"	"ACTGCATA"	"ACCACTGT"	"KN"	"WA"	"PER"	"PMH"	81	"T3"	"WA-PER-PMH_081_T3rep2"	"WA-PER-PMH_081_T3"
"1328rep2"	"Positive"	"TATCCTCTACATTGGC"	"GGACTACNVGGGTWTCTAAT"	"GTGYCAGCMGCCGCGGTAA"	"Mother"	8	1	"C9"	"F3"	"R33"	"TATCCTCT"	"ACATTGGC"	"KN"	"NSW"	"SYD"	"CHW"	34	"T3"	"NSW-SYD-CHW-034_T3rep2"	"NSW-SYD-CHW-034_T3"
"1333rep2"	"Positive"	"CTAAGCCTACATTGGC"	"GGACTACNVGGGTWTCTAAT"	"GTGYCAGCMGCCGCGGTAA"	"Mother"	8	1	"H9"	"F8"	"R33"	"CTAAGCCT"	"ACATTGGC"	"KN"	"NSW"	"SYD"	"STG"	9	"T3"	"NSW-SYD-STG-009_T3rep2"	"NSW-SYD-STG-009_T3"
"1336rep2"	"Positive"	"TATCCTCTCAGATCTG"	"GGACTACNVGGGTWTCTAAT"	"GTGYCAGCMGCCGCGGTAA"	"Mother"	8	1	"C10"	"F3"	"R34"	"TATCCTCT"	"CAGATCTG"	"KN"	"WA"	"PER"	"PMH"	68	"T3"	"WA-PER-PMH-068_T3rep2"	"WA-PER-PMH-068_T3"
"1339rep2"	"Positive"	"ACTGCATACAGATCTG"	"GGACTACNVGGGTWTCTAAT"	"GTGYCAGCMGCCGCGGTAA"	"Mother"	8	1	"F10"	"F6"	"R34"	"ACTGCATA"	"CAGATCTG"	"KN"	"VIC"	"MEL"	"RMH"	22	"T3"	"VIC-MEL-RMH-022_T3rep2"	"VIC-MEL-RMH-022_T3"
"1341rep2"	"Positive"	"CTAAGCCTCAGATCTG"	"GGACTACNVGGGTWTCTAAT"	"GTGYCAGCMGCCGCGGTAA"	"Mother"	8	1	"H10"	"F8"	"R34"	"CTAAGCCT"	"CAGATCTG"	"KN"	"WA"	"PER"	"PMH"	74	"T3"	"WA-PER-PMH-074_T3rep2"	"WA-PER-PMH-074_T3"
"1346rep2"	"Positive"	"GTAAGGAGCATCAAGT"	"GGACTACNVGGGTWTCTAAT"	"GTGYCAGCMGCCGCGGTAA"	"Mother"	8	1	"E11"	"F5"	"R35"	"GTAAGGAG"	"CATCAAGT"	"KN"	"SA"	"ADEL"	"REG"	10	"T3"	"SA-ADEL-REG-010_T3rep2"	"SA-ADEL-REG-010_T3"
"1350rep2"	"Positive"	"TAGATCGCCGCTGATC"	"GGACTACNVGGGTWTCTAAT"	"GTGYCAGCMGCCGCGGTAA"	"Mother"	8	1	"A12"	"F1"	"R36"	"TAGATCGC"	"CGCTGATC"	"KN"	"WA"	"PER"	"PMH"	87	"T3"	"WA-PER-PMH-087_T3rep2"	"WA-PER-PMH-087_T3"
"1353rep2"	"Positive"	"AGAGTAGACGCTGATC"	"GGACTACNVGGGTWTCTAAT"	"GTGYCAGCMGCCGCGGTAA"	"Mother"	8	1	"D12"	"F4"	"R36"	"AGAGTAGA"	"CGCTGATC"	"KN"	"QLD"	"BRI"	"MATER"	128	"T3"	"QLD-BRI-MATER-128_T3rep2"	"QLD-BRI-MATER-128_T3"
"1356rep2"	"Positive"	"GAGCTGAAACGCTCGA"	"GGACTACNVGGGTWTCTAAT"	"GTGYCAGCMGCCGCGGTAA"	"Mother"	8	2	"B1"	"F10"	"R14"	"GAGCTGAA"	"ACGCTCGA"	"KN"	"QLD"	"BRI"	"MATER"	107	"T3"	"QLD-BRI-MATER-107_T3rep2"	"QLD-BRI-MATER-107_T3"
"1358rep2"	"Positive"	"TGAAGAGAACGCTCGA"	"GGACTACNVGGGTWTCTAAT"	"GTGYCAGCMGCCGCGGTAA"	"Mother"	8	2	"D1"	"F12"	"R14"	"TGAAGAGA"	"ACGCTCGA"	"AN"	"VIC"	"MEL"	"RMH"	80	"T3"	"VIC-MEL-RMH-080_T3rep2"	"VIC-MEL-RMH-080_T3"
"1363rep2"	"Positive"	"CCGAAGTACGCATACA"	"GGACTACNVGGGTWTCTAAT"	"GTGYCAGCMGCCGCGGTAA"	"Mother"	8	2	"A2"	"F9"	"R17"	"CCGAAGTA"	"CGCATACA"	"AN"	"SA"	"ADEL"	"WCH"	103	"T3"	"SA-ADEL-WCH-103_T3rep2"	"SA-ADEL-WCH-103_T3"
"1364rep2"	"Positive"	"GAGCTGAACGCATACA"	"GGACTACNVGGGTWTCTAAT"	"GTGYCAGCMGCCGCGGTAA"	"Mother"	8	2	"B2"	"F10"	"R17"	"GAGCTGAA"	"CGCATACA"	"AN"	"VIC"	"MEL"	"RMH"	51	"T3"	"VIC-MEL-RMH-051_T3rep2"	"VIC-MEL-RMH-051_T3"
"1371rep2"	"Positive"	"CCGAAGTATCCGTCTA"	"GGACTACNVGGGTWTCTAAT"	"GTGYCAGCMGCCGCGGTAA"	"Mother"	8	2	"A3"	"F9"	"R22"	"CCGAAGTA"	"TCCGTCTA"	"AN"	"VIC"	"MEL"	"RMH"	48	"T3"	"VIC-MEL-RMH-048_T3rep2"	"VIC-MEL-RMH-048_T3"
"1372rep2"	"Positive"	"GAGCTGAATCCGTCTA"	"GGACTACNVGGGTWTCTAAT"	"GTGYCAGCMGCCGCGGTAA"	"Mother"	8	2	"B3"	"F10"	"R22"	"GAGCTGAA"	"TCCGTCTA"	"AN"	"QLD"	"BRI"	"MATER"	96	"T3"	"QLD-BRI-MATER-096_T3rep2"	"QLD-BRI-MATER-096_T3"
"1383rep2"	"Positive"	"TGGTGGTATCTCTCCG"	"GGACTACNVGGGTWTCTAAT"	"GTGYCAGCMGCCGCGGTAA"	"Mother"	8	2	"E4"	"F13"	"R27"	"TGGTGGTA"	"TCTCTCCG "	"KN"	"WA"	"PER"	"PMH"	89	"T3"	"WA-PER-PMH-089_T3rep2"	"WA-PER-PMH-089_T3"
"1386rep2"	"Positive"	"CAAGGAGCTCTCTCCG"	"GGACTACNVGGGTWTCTAAT"	"GTGYCAGCMGCCGCGGTAA"	"Mother"	8	2	"H4"	"F16"	"R27"	"CAAGGAGC"	"TCTCTCCG "	"KN"	"SA"	"ADEL"	"WCH"	108	"T3"	"SA-ADEL-WCH-108_T3rep2"	"SA-ADEL-WCH-108_T3"
"1396rep2"	"Positive"	"GAGCTGAAAAACATCG"	"GGACTACNVGGGTWTCTAAT"	"GTGYCAGCMGCCGCGGTAA"	"Mother"	8	2	"B6"	"F10"	"R30"	"GAGCTGAA"	"AAACATCG"	"KN"	"NSW"	"SYD"	"CHW"	28	"T3"	"NSW-SYD-CHW-028_T3rep2"	"NSW-SYD-CHW-028_T3"
