#SampleID	BarcodeSequence	LinkerPrimerSequence	ReversePrimer	ITS	Pool	F primer	F	R primer	R
VF2805ITS1	TAGATCGCTAAGGCGA	CTTGGTCATTTAGAGGAAGTAA	GCTGCGTTCTTCATCGATGC	ITS1	pool 1	1	TAGATCGC	1	TAAGGCGA
VF2806ITS1	CTCTCTATTAAGGCGA	CTTGGTCATTTAGAGGAAGTAA	GCTGCGTTCTTCATCGATGC	ITS1	pool 2	2	CTCTCTAT	1	TAAGGCGA
VF2807ITS1	TATCCTCTTAAGGCGA	CTTGGTCATTTAGAGGAAGTAA	GCTGCGTTCTTCATCGATGC	ITS1	pool 2	3	TATCCTCT	1	TAAGGCGA
VF2808ITS1	TAGATCGCAAGAGGCA	CTTGGTCATTTAGAGGAAGTAA	GCTGCGTTCTTCATCGATGC	ITS1	pool 2	1	TAGATCGC	11	AAGAGGCA
VF2809ITS1	AGAGTAGATAAGGCGA	CTTGGTCATTTAGAGGAAGTAA	GCTGCGTTCTTCATCGATGC	ITS1	pool 2	4	AGAGTAGA	1	TAAGGCGA
VF2810ITS1	CTCTCTATAAGAGGCA	CTTGGTCATTTAGAGGAAGTAA	GCTGCGTTCTTCATCGATGC	ITS1	pool 2	2	CTCTCTAT	11	AAGAGGCA
VF2811ITS1	GTAAGGAGTAAGGCGA	CTTGGTCATTTAGAGGAAGTAA	GCTGCGTTCTTCATCGATGC	ITS1	pool 2	5	GTAAGGAG	1	TAAGGCGA
VF2812ITS1	ACTGCATATAAGGCGA	CTTGGTCATTTAGAGGAAGTAA	GCTGCGTTCTTCATCGATGC	ITS1	pool 2	6	ACTGCATA	1	TAAGGCGA
VF2813ITS1	AAGGAGTATAAGGCGA	CTTGGTCATTTAGAGGAAGTAA	GCTGCGTTCTTCATCGATGC	ITS1	pool 2	7	AAGGAGTA	1	TAAGGCGA
VF2814ITS1	CTAAGCCTTAAGGCGA	CTTGGTCATTTAGAGGAAGTAA	GCTGCGTTCTTCATCGATGC	ITS1	pool 1	8	CTAAGCCT	1	TAAGGCGA
VF2819ITS1	CCGAAGTATAAGGCGA	CTTGGTCATTTAGAGGAAGTAA	GCTGCGTTCTTCATCGATGC	ITS1	pool 2	9	CCGAAGTA	1	TAAGGCGA
VF2820ITS1	GAGCTGAATAAGGCGA	CTTGGTCATTTAGAGGAAGTAA	GCTGCGTTCTTCATCGATGC	ITS1	pool 2	10	GAGCTGAA	1	TAAGGCGA
VF2821ITS1	GCGAGTAATAAGGCGA	CTTGGTCATTTAGAGGAAGTAA	GCTGCGTTCTTCATCGATGC	ITS1	pool 1	11	GCGAGTAA	1	TAAGGCGA
VF2822ITS1	TGAAGAGATAAGGCGA	CTTGGTCATTTAGAGGAAGTAA	GCTGCGTTCTTCATCGATGC	ITS1	pool 2	12	TGAAGAGA	1	TAAGGCGA
VF2823ITS1	TAGATCGCCGTACTAG	CTTGGTCATTTAGAGGAAGTAA	GCTGCGTTCTTCATCGATGC	ITS1	pool 1	1	TAGATCGC	2	CGTACTAG
VF2824ITS1	CTCTCTATCGTACTAG	CTTGGTCATTTAGAGGAAGTAA	GCTGCGTTCTTCATCGATGC	ITS1	pool 2	2	CTCTCTAT	2	CGTACTAG
VF2826ITS1	CCGAAGTAGCTACGCT	CTTGGTCATTTAGAGGAAGTAA	GCTGCGTTCTTCATCGATGC	ITS1	pool 2	9	CCGAAGTA	9	GCTACGCT
VF2827ITS1	TATCCTCTAAGAGGCA	CTTGGTCATTTAGAGGAAGTAA	GCTGCGTTCTTCATCGATGC	ITS1	pool 2	3	TATCCTCT	11	AAGAGGCA
VF2828ITS1	AGAGTAGAAAGAGGCA	CTTGGTCATTTAGAGGAAGTAA	GCTGCGTTCTTCATCGATGC	ITS1	pool 2	4	AGAGTAGA	11	AAGAGGCA
VF2829ITS1	GAGCTGAAGCTACGCT	CTTGGTCATTTAGAGGAAGTAA	GCTGCGTTCTTCATCGATGC	ITS1	pool 1	10	GAGCTGAA	9	GCTACGCT
VF2830ITS1	TATCCTCTCGTACTAG	CTTGGTCATTTAGAGGAAGTAA	GCTGCGTTCTTCATCGATGC	ITS1	pool 2	3	TATCCTCT	2	CGTACTAG
VF2831ITS1	GTAAGGAGAAGAGGCA	CTTGGTCATTTAGAGGAAGTAA	GCTGCGTTCTTCATCGATGC	ITS1	pool 2	5	GTAAGGAG	11	AAGAGGCA
VF2832ITS1	AGAGTAGACGTACTAG	CTTGGTCATTTAGAGGAAGTAA	GCTGCGTTCTTCATCGATGC	ITS1	pool 2	4	AGAGTAGA	2	CGTACTAG
VF2833ITS1	GTAAGGAGCGTACTAG	CTTGGTCATTTAGAGGAAGTAA	GCTGCGTTCTTCATCGATGC	ITS1	pool 2	5	GTAAGGAG	2	CGTACTAG
VF2834ITS1	ACTGCATACGTACTAG	CTTGGTCATTTAGAGGAAGTAA	GCTGCGTTCTTCATCGATGC	ITS1	pool 1	6	ACTGCATA	2	CGTACTAG
VF2835ITS1	AAGGAGTACGTACTAG	CTTGGTCATTTAGAGGAAGTAA	GCTGCGTTCTTCATCGATGC	ITS1	pool 2	7	AAGGAGTA	2	CGTACTAG
VF2836ITS1	GCGAGTAAGCTACGCT	CTTGGTCATTTAGAGGAAGTAA	GCTGCGTTCTTCATCGATGC	ITS1	pool 2	11	GCGAGTAA	9	GCTACGCT
VF2837ITS1	ACTGCATAAAGAGGCA	CTTGGTCATTTAGAGGAAGTAA	GCTGCGTTCTTCATCGATGC	ITS1	pool 2	6	ACTGCATA	11	AAGAGGCA
VF2842ITS1	AAGGAGTAAAGAGGCA	CTTGGTCATTTAGAGGAAGTAA	GCTGCGTTCTTCATCGATGC	ITS1	pool 2	7	AAGGAGTA	11	AAGAGGCA
VF2844ITS1	CTAAGCCTCGTACTAG	CTTGGTCATTTAGAGGAAGTAA	GCTGCGTTCTTCATCGATGC	ITS1	pool 2	8	CTAAGCCT	2	CGTACTAG
VF2845ITS1	CTCTCTATACGCTCGA	CTTGGTCATTTAGAGGAAGTAA	GCTGCGTTCTTCATCGATGC	ITS1	pool 2	2	CTCTCTAT	14	ACGCTCGA
VF2846ITS1	CCGAAGTAAAGAGGCA	CTTGGTCATTTAGAGGAAGTAA	GCTGCGTTCTTCATCGATGC	ITS1	pool 2	9	CCGAAGTA	11	AAGAGGCA
VF2847ITS1	GAGCTGAACGTACTAG	CTTGGTCATTTAGAGGAAGTAA	GCTGCGTTCTTCATCGATGC	ITS1	pool 2	10	GAGCTGAA	2	CGTACTAG
VF2848ITS1	GCGAGTAACGTACTAG	CTTGGTCATTTAGAGGAAGTAA	GCTGCGTTCTTCATCGATGC	ITS1	pool 2	11	GCGAGTAA	2	CGTACTAG
VF2849ITS1	TGAAGAGACGTACTAG	CTTGGTCATTTAGAGGAAGTAA	GCTGCGTTCTTCATCGATGC	ITS1	pool 1	12	TGAAGAGA	2	CGTACTAG
VF2850ITS1	TAGATCGCAGGCAGAA	CTTGGTCATTTAGAGGAAGTAA	GCTGCGTTCTTCATCGATGC	ITS1	pool 2	1	TAGATCGC	3	AGGCAGAA
VF2851ITS1	GAGCTGAAAAGAGGCA	CTTGGTCATTTAGAGGAAGTAA	GCTGCGTTCTTCATCGATGC	ITS1	pool 2	10	GAGCTGAA	11	AAGAGGCA
VF2852ITS1	CTCTCTATAGGCAGAA	CTTGGTCATTTAGAGGAAGTAA	GCTGCGTTCTTCATCGATGC	ITS1	pool 2	2	CTCTCTAT	3	AGGCAGAA
VF2854ITS1	TATCCTCTAGGCAGAA	CTTGGTCATTTAGAGGAAGTAA	GCTGCGTTCTTCATCGATGC	ITS1	pool 2	3	TATCCTCT	3	AGGCAGAA
VF2855ITS1	AGAGTAGAAGGCAGAA	CTTGGTCATTTAGAGGAAGTAA	GCTGCGTTCTTCATCGATGC	ITS1	pool 2	4	AGAGTAGA	3	AGGCAGAA
VF2856ITS1	CTCTCTATCGAGGCTG	CTTGGTCATTTAGAGGAAGTAA	GCTGCGTTCTTCATCGATGC	ITS1	pool 2	2	CTCTCTAT	10	CGAGGCTG
VF2858ITS1	GTAAGGAGAGGCAGAA	CTTGGTCATTTAGAGGAAGTAA	GCTGCGTTCTTCATCGATGC	ITS1	pool 1	5	GTAAGGAG	3	AGGCAGAA
VF2859ITS1	ACTGCATAAGGCAGAA	CTTGGTCATTTAGAGGAAGTAA	GCTGCGTTCTTCATCGATGC	ITS1	pool 2	6	ACTGCATA	3	AGGCAGAA
VF2860ITS1	AAGGAGTAAGGCAGAA	CTTGGTCATTTAGAGGAAGTAA	GCTGCGTTCTTCATCGATGC	ITS1	pool 1	7	AAGGAGTA	3	AGGCAGAA
VF2861ITS1	CTAAGCCTAGGCAGAA	CTTGGTCATTTAGAGGAAGTAA	GCTGCGTTCTTCATCGATGC	ITS1	pool 2	8	CTAAGCCT	3	AGGCAGAA
VF2862ITS1	CCGAAGTAAGGCAGAA	CTTGGTCATTTAGAGGAAGTAA	GCTGCGTTCTTCATCGATGC	ITS1	pool 2	9	CCGAAGTA	3	AGGCAGAA
VF2863ITS1	GCGAGTAAAAGAGGCA	CTTGGTCATTTAGAGGAAGTAA	GCTGCGTTCTTCATCGATGC	ITS1	pool 2	11	GCGAGTAA	11	AAGAGGCA
VF2864ITS1	TATCCTCTCGAGGCTG	CTTGGTCATTTAGAGGAAGTAA	GCTGCGTTCTTCATCGATGC	ITS1	pool 2	3	TATCCTCT	10	CGAGGCTG
VF2865ITS1	GAGCTGAAAGGCAGAA	CTTGGTCATTTAGAGGAAGTAA	GCTGCGTTCTTCATCGATGC	ITS1	pool 1	10	GAGCTGAA	3	AGGCAGAA
VF2866ITS1	GCGAGTAAAGGCAGAA	CTTGGTCATTTAGAGGAAGTAA	GCTGCGTTCTTCATCGATGC	ITS1	pool 2	11	GCGAGTAA	3	AGGCAGAA
VF2867ITS1	TGAAGAGAAGGCAGAA	CTTGGTCATTTAGAGGAAGTAA	GCTGCGTTCTTCATCGATGC	ITS1	pool 1	12	TGAAGAGA	3	AGGCAGAA
VF2868ITS1	TAGATCGCTCCTGAGC	CTTGGTCATTTAGAGGAAGTAA	GCTGCGTTCTTCATCGATGC	ITS1	pool 2	1	TAGATCGC	4	TCCTGAGC
VF2869ITS1	CTCTCTATTCCTGAGC	CTTGGTCATTTAGAGGAAGTAA	GCTGCGTTCTTCATCGATGC	ITS1	pool 1	2	CTCTCTAT	4	TCCTGAGC
VF2872ITS1	TATCCTCTTCCTGAGC	CTTGGTCATTTAGAGGAAGTAA	GCTGCGTTCTTCATCGATGC	ITS1	pool 2	3	TATCCTCT	4	TCCTGAGC
VF2874ITS1	TGAAGAGAAAGAGGCA	CTTGGTCATTTAGAGGAAGTAA	GCTGCGTTCTTCATCGATGC	ITS1	pool 2	12	TGAAGAGA	11	AAGAGGCA
VF2875ITS1	AGAGTAGATCCTGAGC	CTTGGTCATTTAGAGGAAGTAA	GCTGCGTTCTTCATCGATGC	ITS1	pool 2	4	AGAGTAGA	4	TCCTGAGC
VF2878ITS1	TAGATCGCGTAGAGGA	CTTGGTCATTTAGAGGAAGTAA	GCTGCGTTCTTCATCGATGC	ITS1	pool 2	1	TAGATCGC	12	GTAGAGGA
VF2879ITS1	CTCTCTATGTAGAGGA	CTTGGTCATTTAGAGGAAGTAA	GCTGCGTTCTTCATCGATGC	ITS1	pool 2	2	CTCTCTAT	12	GTAGAGGA
VF2880ITS1	AGAGTAGACGAGGCTG	CTTGGTCATTTAGAGGAAGTAA	GCTGCGTTCTTCATCGATGC	ITS1	pool 1	4	AGAGTAGA	10	CGAGGCTG
VF2881ITS1	GTAAGGAGTCCTGAGC	CTTGGTCATTTAGAGGAAGTAA	GCTGCGTTCTTCATCGATGC	ITS1	pool 2	5	GTAAGGAG	4	TCCTGAGC
VF2882ITS1	GTAAGGAGCGAGGCTG	CTTGGTCATTTAGAGGAAGTAA	GCTGCGTTCTTCATCGATGC	ITS1	pool 2	5	GTAAGGAG	10	CGAGGCTG
VF2883ITS1	ACTGCATATCCTGAGC	CTTGGTCATTTAGAGGAAGTAA	GCTGCGTTCTTCATCGATGC	ITS1	pool 1	6	ACTGCATA	4	TCCTGAGC
VF2884ITS1	AAGGAGTATCCTGAGC	CTTGGTCATTTAGAGGAAGTAA	GCTGCGTTCTTCATCGATGC	ITS1	pool 2	7	AAGGAGTA	4	TCCTGAGC
VF2885ITS1	CTAAGCCTTCCTGAGC	CTTGGTCATTTAGAGGAAGTAA	GCTGCGTTCTTCATCGATGC	ITS1	pool 2	8	CTAAGCCT	4	TCCTGAGC
VF2886ITS1	TATCCTCTGTAGAGGA	CTTGGTCATTTAGAGGAAGTAA	GCTGCGTTCTTCATCGATGC	ITS1	pool 2	3	TATCCTCT	12	GTAGAGGA
VF2888ITS1	ACTGCATACGAGGCTG	CTTGGTCATTTAGAGGAAGTAA	GCTGCGTTCTTCATCGATGC	ITS1	pool 1	6	ACTGCATA	10	CGAGGCTG
VF2889ITS1	CCGAAGTATCCTGAGC	CTTGGTCATTTAGAGGAAGTAA	GCTGCGTTCTTCATCGATGC	ITS1	pool 2	9	CCGAAGTA	4	TCCTGAGC
VF2890ITS1	GAGCTGAATCCTGAGC	CTTGGTCATTTAGAGGAAGTAA	GCTGCGTTCTTCATCGATGC	ITS1	pool 2	10	GAGCTGAA	4	TCCTGAGC
VF2892ITS1	GCGAGTAATCCTGAGC	CTTGGTCATTTAGAGGAAGTAA	GCTGCGTTCTTCATCGATGC	ITS1	pool 1	11	GCGAGTAA	4	TCCTGAGC
VF2893ITS1	TGAAGAGATCCTGAGC	CTTGGTCATTTAGAGGAAGTAA	GCTGCGTTCTTCATCGATGC	ITS1	pool 2	12	TGAAGAGA	4	TCCTGAGC
VF2894ITS1	TAGATCGCGGACTCCT	CTTGGTCATTTAGAGGAAGTAA	GCTGCGTTCTTCATCGATGC	ITS1	pool 2	1	TAGATCGC	5	GGACTCCT
VF2895ITS1	CTCTCTATGGACTCCT	CTTGGTCATTTAGAGGAAGTAA	GCTGCGTTCTTCATCGATGC	ITS1	pool 2	2	CTCTCTAT	5	GGACTCCT
VF2896ITS1	AGAGTAGAGTAGAGGA	CTTGGTCATTTAGAGGAAGTAA	GCTGCGTTCTTCATCGATGC	ITS1	pool 2	4	AGAGTAGA	12	GTAGAGGA
VF2897ITS1	GTAAGGAGGTAGAGGA	CTTGGTCATTTAGAGGAAGTAA	GCTGCGTTCTTCATCGATGC	ITS1	pool 2	5	GTAAGGAG	12	GTAGAGGA
VF2898ITS1	TATCCTCTGGACTCCT	CTTGGTCATTTAGAGGAAGTAA	GCTGCGTTCTTCATCGATGC	ITS1	pool 2	3	TATCCTCT	5	GGACTCCT
VF2899ITS1	AGAGTAGAGGACTCCT	CTTGGTCATTTAGAGGAAGTAA	GCTGCGTTCTTCATCGATGC	ITS1	pool 2	4	AGAGTAGA	5	GGACTCCT
VF2900ITS1	GTAAGGAGGGACTCCT	CTTGGTCATTTAGAGGAAGTAA	GCTGCGTTCTTCATCGATGC	ITS1	pool 2	5	GTAAGGAG	5	GGACTCCT
VF2901ITS1	ACTGCATAGGACTCCT	CTTGGTCATTTAGAGGAAGTAA	GCTGCGTTCTTCATCGATGC	ITS1	pool 2	6	ACTGCATA	5	GGACTCCT
VF2902ITS1	AAGGAGTAGGACTCCT	CTTGGTCATTTAGAGGAAGTAA	GCTGCGTTCTTCATCGATGC	ITS1	pool 2	7	AAGGAGTA	5	GGACTCCT
VF2903ITS1	CTAAGCCTGGACTCCT	CTTGGTCATTTAGAGGAAGTAA	GCTGCGTTCTTCATCGATGC	ITS1	pool 2	8	CTAAGCCT	5	GGACTCCT
VF2904ITS1	CCGAAGTAGGACTCCT	CTTGGTCATTTAGAGGAAGTAA	GCTGCGTTCTTCATCGATGC	ITS1	pool 1	9	CCGAAGTA	5	GGACTCCT
VF2905ITS1	GAGCTGAAGGACTCCT	CTTGGTCATTTAGAGGAAGTAA	GCTGCGTTCTTCATCGATGC	ITS1	pool 2	10	GAGCTGAA	5	GGACTCCT
VF2906ITS1	GCGAGTAAGGACTCCT	CTTGGTCATTTAGAGGAAGTAA	GCTGCGTTCTTCATCGATGC	ITS1	pool 2	11	GCGAGTAA	5	GGACTCCT
VF2907ITS1	ACTGCATAGTAGAGGA	CTTGGTCATTTAGAGGAAGTAA	GCTGCGTTCTTCATCGATGC	ITS1	pool 2	6	ACTGCATA	12	GTAGAGGA
VF2909ITS1	TGAAGAGAGGACTCCT	CTTGGTCATTTAGAGGAAGTAA	GCTGCGTTCTTCATCGATGC	ITS1	pool 1	12	TGAAGAGA	5	GGACTCCT
VF2910ITS1	TAGATCGCTAGGCATG	CTTGGTCATTTAGAGGAAGTAA	GCTGCGTTCTTCATCGATGC	ITS1	pool 2	1	TAGATCGC	6	TAGGCATG
VF2911ITS1	CTCTCTATTAGGCATG	CTTGGTCATTTAGAGGAAGTAA	GCTGCGTTCTTCATCGATGC	ITS1	pool 2	2	CTCTCTAT	6	TAGGCATG
VF2912ITS1	TATCCTCTTAGGCATG	CTTGGTCATTTAGAGGAAGTAA	GCTGCGTTCTTCATCGATGC	ITS1	pool 2	3	TATCCTCT	6	TAGGCATG
VF2914ITS1	AAGGAGTAGTAGAGGA	CTTGGTCATTTAGAGGAAGTAA	GCTGCGTTCTTCATCGATGC	ITS1	pool 2	7	AAGGAGTA	12	GTAGAGGA
VF2915ITS1	CTAAGCCTGTAGAGGA	CTTGGTCATTTAGAGGAAGTAA	GCTGCGTTCTTCATCGATGC	ITS1	pool 2	8	CTAAGCCT	12	GTAGAGGA
VF2918ITS1	AGAGTAGATAGGCATG	CTTGGTCATTTAGAGGAAGTAA	GCTGCGTTCTTCATCGATGC	ITS1	pool 2	4	AGAGTAGA	6	TAGGCATG
VF2920ITS1	CCGAAGTAGTAGAGGA	CTTGGTCATTTAGAGGAAGTAA	GCTGCGTTCTTCATCGATGC	ITS1	pool 2	9	CCGAAGTA	12	GTAGAGGA
VF2921ITS1	GTAAGGAGTAGGCATG	CTTGGTCATTTAGAGGAAGTAA	GCTGCGTTCTTCATCGATGC	ITS1	pool 2	5	GTAAGGAG	6	TAGGCATG
VF2923ITS1	AAGGAGTATAGGCATG	CTTGGTCATTTAGAGGAAGTAA	GCTGCGTTCTTCATCGATGC	ITS1	pool 2	7	AAGGAGTA	6	TAGGCATG
VF2924ITS1	CTAAGCCTTAGGCATG	CTTGGTCATTTAGAGGAAGTAA	GCTGCGTTCTTCATCGATGC	ITS1	pool 2	8	CTAAGCCT	6	TAGGCATG
VF2925ITS1	GAGCTGAAGTAGAGGA	CTTGGTCATTTAGAGGAAGTAA	GCTGCGTTCTTCATCGATGC	ITS1	pool 2	10	GAGCTGAA	12	GTAGAGGA
VF2926ITS1	CCGAAGTATAGGCATG	CTTGGTCATTTAGAGGAAGTAA	GCTGCGTTCTTCATCGATGC	ITS1	pool 2	9	CCGAAGTA	6	TAGGCATG
VF2927ITS1	GAGCTGAATAGGCATG	CTTGGTCATTTAGAGGAAGTAA	GCTGCGTTCTTCATCGATGC	ITS1	pool 2	10	GAGCTGAA	6	TAGGCATG
VF2928ITS1	GCGAGTAATAGGCATG	CTTGGTCATTTAGAGGAAGTAA	GCTGCGTTCTTCATCGATGC	ITS1	pool 2	11	GCGAGTAA	6	TAGGCATG
VF2929ITS1	GCGAGTAAGTAGAGGA	CTTGGTCATTTAGAGGAAGTAA	GCTGCGTTCTTCATCGATGC	ITS1	pool 2	11	GCGAGTAA	12	GTAGAGGA
VF2930ITS1	TGAAGAGATAGGCATG	CTTGGTCATTTAGAGGAAGTAA	GCTGCGTTCTTCATCGATGC	ITS1	pool 2	12	TGAAGAGA	6	TAGGCATG
VF2931ITS1	TAGATCGCCTCTCTAC	CTTGGTCATTTAGAGGAAGTAA	GCTGCGTTCTTCATCGATGC	ITS1	pool 2	1	TAGATCGC	7	CTCTCTAC
VF2932ITS1	CTCTCTATCTCTCTAC	CTTGGTCATTTAGAGGAAGTAA	GCTGCGTTCTTCATCGATGC	ITS1	pool 2	2	CTCTCTAT	7	CTCTCTAC
VF2933ITS1	TGAAGAGAGTAGAGGA	CTTGGTCATTTAGAGGAAGTAA	GCTGCGTTCTTCATCGATGC	ITS1	pool 2	12	TGAAGAGA	12	GTAGAGGA
VF2934ITS1	TATCCTCTCTCTCTAC	CTTGGTCATTTAGAGGAAGTAA	GCTGCGTTCTTCATCGATGC	ITS1	pool 1	3	TATCCTCT	7	CTCTCTAC
VF2936ITS1	AGAGTAGACTCTCTAC	CTTGGTCATTTAGAGGAAGTAA	GCTGCGTTCTTCATCGATGC	ITS1	pool 2	4	AGAGTAGA	7	CTCTCTAC
VF2940ITS1	AAGGAGTACGAGGCTG	CTTGGTCATTTAGAGGAAGTAA	GCTGCGTTCTTCATCGATGC	ITS1	pool 2	7	AAGGAGTA	10	CGAGGCTG
VF2941ITS1	CTAAGCCTGCTACGCT	CTTGGTCATTTAGAGGAAGTAA	GCTGCGTTCTTCATCGATGC	ITS1	pool 1	8	CTAAGCCT	9	GCTACGCT
VF2942ITS1	GTAAGGAGCTCTCTAC	CTTGGTCATTTAGAGGAAGTAA	GCTGCGTTCTTCATCGATGC	ITS1	pool 2	5	GTAAGGAG	7	CTCTCTAC
VF2946ITS1	TAGATCGCATGCCTAA	CTTGGTCATTTAGAGGAAGTAA	GCTGCGTTCTTCATCGATGC	ITS1	pool 1	1	TAGATCGC	13	ATGCCTAA
VF2947ITS1	CTCTCTATATGCCTAA	CTTGGTCATTTAGAGGAAGTAA	GCTGCGTTCTTCATCGATGC	ITS1	pool 1	2	CTCTCTAT	13	ATGCCTAA
VF2949ITS1	ACTGCATACTCTCTAC	CTTGGTCATTTAGAGGAAGTAA	GCTGCGTTCTTCATCGATGC	ITS1	pool 2	6	ACTGCATA	7	CTCTCTAC
VF2950ITS1	AAGGAGTACTCTCTAC	CTTGGTCATTTAGAGGAAGTAA	GCTGCGTTCTTCATCGATGC	ITS1	pool 2	7	AAGGAGTA	7	CTCTCTAC
VF2951ITS1	CTAAGCCTCTCTCTAC	CTTGGTCATTTAGAGGAAGTAA	GCTGCGTTCTTCATCGATGC	ITS1	pool 2	8	CTAAGCCT	7	CTCTCTAC
VF2955ITS1	CCGAAGTACTCTCTAC	CTTGGTCATTTAGAGGAAGTAA	GCTGCGTTCTTCATCGATGC	ITS1	pool 2	9	CCGAAGTA	7	CTCTCTAC
VF2956ITS1	CTAAGCCTCGAGGCTG	CTTGGTCATTTAGAGGAAGTAA	GCTGCGTTCTTCATCGATGC	ITS1	pool 1	8	CTAAGCCT	10	CGAGGCTG
VF2961ITS1	GAGCTGAACTCTCTAC	CTTGGTCATTTAGAGGAAGTAA	GCTGCGTTCTTCATCGATGC	ITS1	pool 2	10	GAGCTGAA	7	CTCTCTAC
VF2962ITS1	GCGAGTAACTCTCTAC	CTTGGTCATTTAGAGGAAGTAA	GCTGCGTTCTTCATCGATGC	ITS1	pool 2	11	GCGAGTAA	7	CTCTCTAC
VF2963ITS1	TATCCTCTATGCCTAA	CTTGGTCATTTAGAGGAAGTAA	GCTGCGTTCTTCATCGATGC	ITS1	pool 1	3	TATCCTCT	13	ATGCCTAA
VF2964ITS1	TGAAGAGACTCTCTAC	CTTGGTCATTTAGAGGAAGTAA	GCTGCGTTCTTCATCGATGC	ITS1	pool 2	12	TGAAGAGA	7	CTCTCTAC
VF2966ITS1	AGAGTAGAATGCCTAA	CTTGGTCATTTAGAGGAAGTAA	GCTGCGTTCTTCATCGATGC	ITS1	pool 1	4	AGAGTAGA	13	ATGCCTAA
VF2967ITS1	TAGATCGCCAGAGAGG	CTTGGTCATTTAGAGGAAGTAA	GCTGCGTTCTTCATCGATGC	ITS1	pool 2	1	TAGATCGC	8	CAGAGAGG
VF2969ITS1	CTCTCTATCAGAGAGG	CTTGGTCATTTAGAGGAAGTAA	GCTGCGTTCTTCATCGATGC	ITS1	pool 2	2	CTCTCTAT	8	CAGAGAGG
VF2970ITS1	GTAAGGAGATGCCTAA	CTTGGTCATTTAGAGGAAGTAA	GCTGCGTTCTTCATCGATGC	ITS1	pool 2	5	GTAAGGAG	13	ATGCCTAA
VF2971ITS1	TATCCTCTCAGAGAGG	CTTGGTCATTTAGAGGAAGTAA	GCTGCGTTCTTCATCGATGC	ITS1	pool 2	3	TATCCTCT	8	CAGAGAGG
VF2972ITS1	ACTGCATAATGCCTAA	CTTGGTCATTTAGAGGAAGTAA	GCTGCGTTCTTCATCGATGC	ITS1	pool 1	6	ACTGCATA	13	ATGCCTAA
VF2973ITS1	AGAGTAGACAGAGAGG	CTTGGTCATTTAGAGGAAGTAA	GCTGCGTTCTTCATCGATGC	ITS1	pool 2	4	AGAGTAGA	8	CAGAGAGG
VF2974ITS1	AAGGAGTAATGCCTAA	CTTGGTCATTTAGAGGAAGTAA	GCTGCGTTCTTCATCGATGC	ITS1	pool 1	7	AAGGAGTA	13	ATGCCTAA
VF2977ITS1	GTAAGGAGCAGAGAGG	CTTGGTCATTTAGAGGAAGTAA	GCTGCGTTCTTCATCGATGC	ITS1	pool 1	5	GTAAGGAG	8	CAGAGAGG
VF2978ITS1	ACTGCATACAGAGAGG	CTTGGTCATTTAGAGGAAGTAA	GCTGCGTTCTTCATCGATGC	ITS1	pool 2	6	ACTGCATA	8	CAGAGAGG
VF2980ITS1	AAGGAGTACAGAGAGG	CTTGGTCATTTAGAGGAAGTAA	GCTGCGTTCTTCATCGATGC	ITS1	pool 2	7	AAGGAGTA	8	CAGAGAGG
VF2981ITS1	CCGAAGTACGAGGCTG	CTTGGTCATTTAGAGGAAGTAA	GCTGCGTTCTTCATCGATGC	ITS1	pool 2	9	CCGAAGTA	10	CGAGGCTG
VF2983ITS1	GAGCTGAACGAGGCTG	CTTGGTCATTTAGAGGAAGTAA	GCTGCGTTCTTCATCGATGC	ITS1	pool 2	10	GAGCTGAA	10	CGAGGCTG
VF2985ITS1	CTAAGCCTCAGAGAGG	CTTGGTCATTTAGAGGAAGTAA	GCTGCGTTCTTCATCGATGC	ITS1	pool 2	8	CTAAGCCT	8	CAGAGAGG
VF2987ITS1	GCGAGTAACGAGGCTG	CTTGGTCATTTAGAGGAAGTAA	GCTGCGTTCTTCATCGATGC	ITS1	pool 2	11	GCGAGTAA	10	CGAGGCTG
VF2989ITS1	CTAAGCCTATGCCTAA	CTTGGTCATTTAGAGGAAGTAA	GCTGCGTTCTTCATCGATGC	ITS1	pool 1	8	CTAAGCCT	13	ATGCCTAA
VF2990ITS1	CCGAAGTACAGAGAGG	CTTGGTCATTTAGAGGAAGTAA	GCTGCGTTCTTCATCGATGC	ITS1	pool 2	9	CCGAAGTA	8	CAGAGAGG
VF2991ITS1	TAGATCGCACGCTCGA	CTTGGTCATTTAGAGGAAGTAA	GCTGCGTTCTTCATCGATGC	ITS1	pool 1	1	TAGATCGC	14	ACGCTCGA
VF2994ITS1	CCGAAGTAATGCCTAA	CTTGGTCATTTAGAGGAAGTAA	GCTGCGTTCTTCATCGATGC	ITS1	pool 2	9	CCGAAGTA	13	ATGCCTAA
VF2995ITS1	GAGCTGAACAGAGAGG	CTTGGTCATTTAGAGGAAGTAA	GCTGCGTTCTTCATCGATGC	ITS1	pool 2	10	GAGCTGAA	8	CAGAGAGG
VF2996ITS1	GCGAGTAACAGAGAGG	CTTGGTCATTTAGAGGAAGTAA	GCTGCGTTCTTCATCGATGC	ITS1	pool 1	11	GCGAGTAA	8	CAGAGAGG
VF2998ITS1	TGAAGAGACAGAGAGG	CTTGGTCATTTAGAGGAAGTAA	GCTGCGTTCTTCATCGATGC	ITS1	pool 2	12	TGAAGAGA	8	CAGAGAGG
VF2999ITS1	TAGATCGCGCTACGCT	CTTGGTCATTTAGAGGAAGTAA	GCTGCGTTCTTCATCGATGC	ITS1	pool 2	1	TAGATCGC	9	GCTACGCT
VF3000ITS1	GAGCTGAAATGCCTAA	CTTGGTCATTTAGAGGAAGTAA	GCTGCGTTCTTCATCGATGC	ITS1	pool 1	10	GAGCTGAA	13	ATGCCTAA
VF3001ITS1	CTCTCTATGCTACGCT	CTTGGTCATTTAGAGGAAGTAA	GCTGCGTTCTTCATCGATGC	ITS1	pool 2	2	CTCTCTAT	9	GCTACGCT
VF3002ITS1	GCGAGTAAATGCCTAA	CTTGGTCATTTAGAGGAAGTAA	GCTGCGTTCTTCATCGATGC	ITS1	pool 2	11	GCGAGTAA	13	ATGCCTAA
VF3004ITS1	TATCCTCTGCTACGCT	CTTGGTCATTTAGAGGAAGTAA	GCTGCGTTCTTCATCGATGC	ITS1	pool 1	3	TATCCTCT	9	GCTACGCT
VF3005ITS1	AGAGTAGAGCTACGCT	CTTGGTCATTTAGAGGAAGTAA	GCTGCGTTCTTCATCGATGC	ITS1	pool 1	4	AGAGTAGA	9	GCTACGCT
VF3006ITS1	GTAAGGAGGCTACGCT	CTTGGTCATTTAGAGGAAGTAA	GCTGCGTTCTTCATCGATGC	ITS1	pool 2	5	GTAAGGAG	9	GCTACGCT
VF3008ITS1	TGAAGAGAATGCCTAA	CTTGGTCATTTAGAGGAAGTAA	GCTGCGTTCTTCATCGATGC	ITS1	pool 2	12	TGAAGAGA	13	ATGCCTAA
VF3010ITS1	TGAAGAGACGAGGCTG	CTTGGTCATTTAGAGGAAGTAA	GCTGCGTTCTTCATCGATGC	ITS1	pool 2	12	TGAAGAGA	10	CGAGGCTG
VF3011ITS1	ACTGCATAGCTACGCT	CTTGGTCATTTAGAGGAAGTAA	GCTGCGTTCTTCATCGATGC	ITS1	pool 2	6	ACTGCATA	9	GCTACGCT
VF3012ITS1	AAGGAGTAGCTACGCT	CTTGGTCATTTAGAGGAAGTAA	GCTGCGTTCTTCATCGATGC	ITS1	pool 2	7	AAGGAGTA	9	GCTACGCT
